INSERT INTO 
    dat."Stocks" 
	("Id", "Name", "NamePlural", "Stride")
VALUES
    (0, 'Dwarf', 'Dwarves', 6),
    (1, 'Elf', 'Elfs', 8),
    (2, 'Human', 'Humans', 7),
    (3, 'Orc', 'Orcs', 7),
    (4, 'Roden', 'Rodens', 7),
    (5, 'Troll', 'Trolls', 7),
    (6, 'Great Wolf', 'Great Wolves', 11);

INSERT INTO 
    dat."AgePools" 
	("Id", "StockId", "MinAge", "MentalPool", "PhysicalPool")
VALUES
	( 0, 	0,	0,  	6, 	13 ),
	( 1, 	0,	21, 	7, 	13 ),
	( 2, 	0,	31, 	7, 	14 ),
	( 3, 	0,	51, 	8, 	15 ),
	( 4, 	0,	77, 	8, 	16 ),
	( 5, 	0,	112,	9, 	16 ),
	( 6, 	0,	152,	9, 	17 ),
	( 7, 	0,	200,	10,	18 ),
	( 8, 	0,	246,	11,	17 ),
	( 9, 	0,	301,	11,	16 ),
	( 10,	0,	346,	12,	15 ),
	( 11,	0,	397,	11,	14 ),
	( 12,	0,	446,	11,	13 ),
	( 13,	0,	526,	10,	12 ),
	( 14,	1,	0, 		7, 	13 ),
	( 15,	1,	26, 	8, 	13 ),
	( 16,	1,	61, 	9, 	14 ),
	( 17,	1,	101, 	9, 	15 ),
	( 18,	1,	126, 	10,	16 ),
	( 19,	1,	161, 	10,	17 ),
	( 20,	1,	226, 	11,	17 ),
	( 21,	1,	326, 	12,	17 ),
	( 22,	1,	426, 	13,	18 ),
	( 23,	1,	526, 	13,	19 ),
	( 24,	1,	626, 	14,	19 ),
	( 25,	1,	726, 	14,	20 ),
	( 26,	1,	826, 	15,	20 ),
	( 27,	1,	926, 	15,	21 ),
	( 28,	1,	1026,	15,	22 ),
	( 29,	1,	1126,	15,	23 ),
	( 30,	1,	1226,	15,	24 ),
	( 31,	1,	1326,	16,	24 ),
	( 32,	2,	0,  	5, 	10 ),
	( 33,	2,	11, 	6, 	13 ),
	( 34,	2,	15, 	6, 	16 ),
	( 35,	2,	17, 	7, 	16 ),
	( 36,	2,	26, 	7, 	15 ),
	( 37,	2,	30, 	7, 	14 ),
	( 38,	2,	36, 	7, 	13 ),
	( 39,	2,	41, 	7, 	12 ),
	( 40,	2,	56, 	7, 	11 ),
	( 41,	2,	66, 	7, 	10 ),
	( 42,	2,	80, 	6, 	9  ),
	( 43,	3,	0, 		3, 	10 ),
	( 44,	3,	11, 	4, 	11 ),
	( 45,	3,	17, 	5, 	12 ),
	( 46,	3,	23, 	5, 	13 ),
	( 47,	3,	31, 	6, 	14 ),
	( 48,	3,	41, 	6, 	15 ),
	( 49,	3,	51, 	7, 	16 ),
	( 50,	3,	61, 	7, 	17 ),
	( 51,	3,	81, 	8, 	17 ),
	( 52,	3,	100, 	8, 	18 ),
	( 53,	3,	126, 	9, 	18 ),
	( 54,	3,	151, 	9, 	19 ),
	( 55,	4, 	0, 		6, 	10 ),
	( 56,	4, 	6, 		7, 	13 ),
	( 57,	4, 	10, 	7, 	14 ),
	( 58,	4, 	16, 	8, 	15 ),
	( 59,	4, 	25, 	8, 	14 ),
	( 60,	4, 	31, 	7, 	13 ),
	( 61,	4, 	37, 	7, 	12 ),
	( 62,	4, 	41, 	7, 	11 ),
	( 63,	4, 	46, 	6, 	10 ),
	( 64,	5,	0, 		3, 	11 ),
	( 65,	5,	6, 		4, 	14 ),
	( 66,	5,	13,		4, 	17 ),
	( 67,	5,	20,		4, 	19 ),
	( 68,	5,	28,		4, 	20 ),
	( 69,	5,	58,		4, 	19 ),
	( 70,	5,	81,		4, 	18 ),
	( 71,	5,	125, 	5, 	17 ),
	( 72,	5,	214, 	5, 	16 ),
	( 73,	5,	391, 	6, 	15 ),
	( 74,	6, 	0, 		6, 	12 ),
	( 75,	6, 	2, 		7, 	16 ),
	( 76,	6, 	4, 		7, 	17 ),
	( 77,	6, 	6, 		7, 	16 ),
	( 78,	6, 	8, 		6, 	14 ),
	( 79,	6, 	10,		6, 	12 ),
	( 80,	6, 	12,		5, 	10 );

INSERT INTO 
    dat."RulesetStocks" 
	("StockId", "RulesetId")
VALUES
    (0, 'bwgr'),
    (0, 'bs'),
    (1, 'bwgr'),
    (2, 'bwgr'),
    (2, 'bs'),
    (3, 'bwgr'),
    (4, 'bwc'),
    (5, 'bwc'),
    (6, 'bwc');

INSERT INTO 
	dat."Settings"
	("Id", "Name", "NameShort", "StockId", "IsSubsetting")
VALUES
	(0, 'Artificer', 'Artificer', 0, false),
	(1, 'Clansman', 'Clansman', 0, false),
	(2, 'Guilder', 'Guilder', 0, false),
	(3, 'Host', 'Host', 0, true),
	(4, 'Noble', 'Noble', 0, false),
	(5, 'Outcast', 'Outcast', 0, true),
	(6, 'Templar', 'Templar', 0, true),
	(7, 'Wilderlands', 'Wilderlands', 1, false),
	(8, 'Citadel', 'Citadel', 1, false),
	(9, 'Etharch', 'Etharch', 1, false),
	(10, 'Protector', 'Protector', 1, true),
	(11, 'Path of Spite', 'Spite', 1, true),
	(12, 'City Dweller', 'City', 2, false),
	(13, 'College of Magic', 'College', 2, true),
	(14, 'Death Cult', 'Cult', 2, true),
	(15, 'Noble', 'Noble', 2, false),
	(16, 'Noble Court', 'Court', 2, true),
	(17, 'Outcast', 'Outcast', 2, true),
	(18, 'Peasant', 'Peasant', 2, false),
	(19, 'Professional Soldier', 'Soldier', 2, true),
	(20, 'Religious', 'Religious', 2, true),
	(21, 'Seafaring', 'Seafaring', 2, false),
	(22, 'Servitude and Captive', 'Servitude', 2, false),
	(23, 'Villager', 'Villager', 2, false),
	(24, 'Nomad', 'Nomad', 2, false),
	(25, 'Merchant House', 'Merchant', 2, true),
	(26, 'Black Legion', 'Legion', 3, false),
	(27, 'Chattel', 'Chattel', 3, false),
	(28, 'Great and Black', 'Great', 3, false),
	(29, 'Servant of the Dark Blood', 'Servant', 3, true),
	(30, 'Below', 'Below', 4, false),
	(31, 'Exile', 'Exile', 4, false),
	(32, 'Field', 'Field', 4, false),
	(33, 'Society', 'Society', 4, true),
	(34, 'Cavedweller', 'Cave', 5, false),
	(35, 'Pit', 'Pit', 5, false),
	(36, 'Wild', 'Wild', 5, false),
	(37, 'Captive', 'Captive', 4, true),
	(38, 'Ghost of the Deeping Wood', 'Ghost', 4, true),
	(39, 'Outcast Wolf', 'Outcast', 4, true),
	(40, 'Slave to the Legion', 'Slave', 4, false),
	(41, 'Spirit Hunter', 'Hunter', 4, true),
	(42, 'Wild Pack', 'Pack', 4, false);

INSERT INTO
	dat."RulesetSettings"
	("SettingId", "RulesetId")
VALUES	
	(0, 'bwgr'),
	(0, 'bs'),
	(1, 'bwgr'),
	(1, 'bs'),
	(2, 'bwgr'),
	(2, 'bs'),
	(3, 'bwgr'),
	(3, 'bs'),
	(4, 'bwgr'),
	(5, 'bwgr'),
	(5, 'bs'),
	(6, 'bs'),
	(7, 'bwgr'),
	(8, 'bwgr'),
	(9, 'bwgr'),
	(10, 'bwgr'),
	(11, 'bwc'),
	(12, 'bwgr'),
	(12, 'bs'),
	(13, 'bwc'),
	(14, 'bwc'),
	(15, 'bwgr'),
	(15, 'bs'),
	(16, 'bwgr'),
	(16, 'bs'),
	(17, 'bwgr'),
	(17, 'bs'),
	(18, 'bwgr'),
	(18, 'bs'),
	(19, 'bwgr'),
	(19, 'bs'),
	(20, 'bwgr'),
	(20, 'bs'),
	(21, 'bwgr'),
	(22, 'bwgr'),
	(22, 'bs'),
	(23, 'bwgr'),
	(23, 'bs'),
	(24, 'bs'),
	(25, 'bs'),
	(26, 'bwgr'),
	(27, 'bwgr'),
	(28, 'bwgr'),
	(29, 'bwgr'),
	(30, 'bwc'),
	(31, 'bwc'),
	(32, 'bwc'),
	(33, 'bwc'),
	(34, 'bwc'),
	(35, 'bwc'),
	(36, 'bwc'),
	(37, 'bwc'),
	(38, 'bwc'),
	(39, 'bwc'),
	(40, 'bwc'),
	(41, 'bwc'),
	(42, 'bwc');