INSERT INTO bwgr."FightActionGroups"
	("Id", "Name")
VALUES
	(0, 'No Action'),
	(1, 'Attack'),
	(2, 'Defense'),
	(3, 'Basic'),
	(4, 'Special'),
	(5, 'Shooting & Throwing'),
	(6, 'Magic'),
	(7, 'Social'),
	(8, 'Hesitation');

INSERT INTO bwgr."FightActions"
	("Id", "Name", "GroupId", "ActionCost", "TestExtra", "Restrictions", "Effect", "Special", "CountsAsNoAction")
VALUES
	(0, 'No Action', 0, 1, null, null, 'If your Reflexes allows you to play an action, but your opponent doesn''t have anything scripted because he''s slower than you, consult the following table for your obstacle.', null, false),
	(1, 'Strike', 1, 1, null, null, 'Successes over the obstacle or margin of success in versus tests are used to increase damage and target a specific location. See the Weapons chapter for in structions on doing damage. You can only Strike consecutively a number of times equal to your weapon speed. If you''re alternating between different weapons, use the lower weapon speed.', null, false),
	(2, 'Great Strike', 1, 2, null, 'On the first action, you take a breath to set up your attack. You are effectively defenseless on this action; you count as performing a Physical Action. Also, while any weapon can perform a Great Strike, you must be able to put two hands on the weapon to do so. A Great Strike counts as one action against your weapon speed limitation.', 'A Great Strike, is a lunging thrust, an overhand strike or a half-sword technique. On the second action, Great Strike acts like a Strike but with two exceptions: It bypasses the Block action (but not shields) and it grants a bonus to damage or armor penetration. Choose before you roll: +1 to your Incidental, Mark and Superb damage results or +1 to your weapon''s versus armor rating.', null, false),
	(3, 'Block & Strike', 1, 1, 'Divide your dice into two pools before rolling-one for defense, one for attack.', 'Block and Strike is a special action reserved for characters with Shield Training who are fighting with a shield or parrying blade, or with Two-Fisted Fighting Training and two weapons.', 'Add any shield dice to the defense portion, less the versus armor rating of your opponent''s weapon. Successes from the Block portion reduce the successes of your opponent''s action. The Strike dice act like a Strike action. Apply penalties from wounds, light, weather and knock down to both parts of the actions. Any advantages are only applied to one side. You don''t have to allocate any skill dice to defense, you can rely solely on your shield to protect you. Disadvantage from weapon length or vying for position only applies to the Strike portion.', 'Block and Strike counts as Block and a Strike for the purposes of interactions. Test your divided pool against the possible interactions for both of those actions. Against Counterstrike, both characters defend and both attack according to their action.', false),
	(4, 'Lock & Strike', 1, 1, null, 'This action requires a special trait like Crushing Jaws', 'Successes over the obstacle count as damage as per the standard IMS damage rules and as a Lock as per the Lock action.', null, false),
	(5, 'Avoid', 2, 1, null, null, 'Successes from the Avoid action reduce the effectiveness of the opposing action. If you roll one success on an Avoid, and your opponent rolls two, you''ve reduced his effective total to one. If you roll two and he rolls two, you have stopped his action altogether.', 'Avoid defends against all incoming attack, basic and special actions. Test once; let Avoid successes ride for the action. Avoid is special: it never suffers a double-obstacle penalty for being unskilled. It does not protect against Shooting, Throwing or Magical Actions.', false),
	(6, 'Block', 2, 1, 'Add shield or off-hand weapon dice.', null, 'Block deflects and redirects the incoming attack. Like Avoid, your successes reduce the effectiveness of the opposed action. Each Block success reduces your opponent''s total. If you roll successes equal to your opponent, you''ve stopped his action completely. Spend your margin of success as follows:<br>• One extra success: +1D to your next action or, to vying for position if Block is your last action of the exchange).<br>• Two extra successes: +1 Ob to the blocked character''s next action.<br>• Three extra successes: Blocked character loses his next action. He hesitates, but may only Stand and Drool as a result.', 'These effects can only be generated through the use of the Block action, Counterstrike, Change Stance, and the Block & Strike actions do not gain these extra effects.', false),
	(7, 'Counterstrike', 2, 1, 'After actions are revealed, but before your opponent rolls, divide your fighting skill and any advantages into two pools-one for defense and one for attack.', null, 'In versus tests, use the defensive portion to oppose your opponent''s action. Successes from your defense reduce his successes. The attack portion counts as a Strike action. However, the Strike portion of Counterstrike doesn''t suffer disadvantages from weapon length or vying for position.', null, false),
	(8, 'Assess', 3, 1, null, null, 'Assessing allows a player to look for specific details —easy exits, the sources of that burning smell and unarmored locations on his opponent.', 'This is a quick, over the shoulder glance. Additional actions may be spent on an assess in order to gain advantage dice to the Perception test; +1D for a second action and +2D for a third.', false),
	(9, 'Change Stance', 3, 1, 'It does not require a test to change stances. There are three fighting stances: neutral, defensive and aggressive. Decide which stance you''re changing to when you select this action.', 'You keep your stance until you change stance, disengage, are incapacitated, hesitate or use the Charge/Tackle action. Any of these conditions automatically drops the character back to neutral stance. You may be Locked (but not incapacitated), on top of your opponent, on your back, riding a horse or unskilled and still take a stance.', '• Neutral Stance: Neutral stance is the default. You start a fight in neutral stance unless otherwise noted. It grants no advantage and suffers no disadvantages. The Change Stance: Neutral action counts as a Feint.<br>• Defensive stance: Defensive stance grants +2D to Avoid, Block and Counterstrike. Strike and Great Strike suffer a +2 Ob penalty when performed from defensive stance. The Change Stance: Defensive action counts as a Block.<br>• Aggressive stance: Aggressive stance grants +2D to Strike and Great Strike. Block and Counterstrike suffer +2 Ob penalty. You may not Avoid. If you accidently script Avoid while in aggressive stance, you hesitate for an action. The Change Stance: Aggressive action counts as the first action of Intimidate (found in the Social Actions section). If you wish to complete the action, script one more action of Intimidate. See Social Actions for rules on Intimidate.', 'Instead of using the stance dice as a bonus to actions in the script, a player may use his +2D bonus to aid in vying for position. Obviously, this must be declared at the top of the exchange. Stance dice used to position cannot then be used as a bonus to actions, but all other action/stance penalties apply.', false),
	(10, 'Charge/Tackle', 3, 1, '+1D advantage plus stride advantage.', 'Charge/Tackle must be your first action in the volley. Your stance reverts to neutral stance if you Charge/Tackle. If you fail trus action, you give your opponent the advantage and you Stand and Drool for your next action.', 'When performing this action, choose whether you''re charging your opponent or tackling him. If you charge, you attempt to knock him down but you remain on your feet yourself. If you tackle, you take your opponent down with you. If you win the versus test by one or meet your obstacle in a standard test, you stagger your opponent. He''s at +1 Ob to his next test, whatever it may be. If you win the versus test by two or exceed your obstacle in the standard test, you knock your opponent down. He is off his feet and suffers the appropriate penalties until he rights himself.<br>• Charge: If you successfully charge, you also take the advantage for your hands or for whatever weapon you''re holding except spears and missiles-your choice.<br>• Tackle: If you tackle your opponent, you take the advantage at the Hands fighting distance. If you successfully tackle your opponent, he may not use the Shooting and Throwing or Magic actions. There is one exception: He may discharge a pistol at this range.', 'When you use this action you change weapons to your hands, unless you''re charging specifically with a shield, which uses the short weapon length.', false),
	(11, 'Draw Weapon', 3, 2, null, null, 'Two actions are required to unsheathe/unsling a handheld weapon. This includes sheathed swords, throwing knives, slung crossbows, etc. Readying a weapon before a fight —on a strap or in an off hand— decreases draw time to one action. Counts as Physical Action for action interaction.', null, false),
	(12, 'Physical Action', 3, 2, null, null, 'Physical actions typically use Power (to rip something open), Agility (to grab something) or Speed (to vault something). This category of actions covers everything from overturning tables to opening doors and climbing through windows.', null, false),
	(13, 'Push', 3, 1, 'Push uses the Hands weapon length.', null, 'If you win the versus test by one or meet your obstacle in a standard test, you stagger your opponent: He''s at+1 Ob to his next test, whatever it may be. If you win the versus test by two or exceed your obstacle in a standard test, you stagger your opponent and take the advantage so long as your weapon length is long or shorter. If you win the versus test by three or exceed your obstacle by two a standard test, you knock your opponent down. He is off his feet and suffers the appropriate penalties until he rights himself.', 'When you use this action you change weapons to your hands, unless you''re using a shield which uses the short weapon length.', false),
	(14, 'Lock', 3, 1, 'Lock uses the Hands weapon length.', 'You must have at least one hand free to perform this action. If you do not, you drop one item that you''re holding as you go for the grab. You cannot vie for position, engage or disengage until you''ve broken or let go of any locks.', 'If you win the versus test by one or meet your obstacle in a standard test, you grab your opponent: His Agility, Speed, Power and Forte and his fighting, shooting and magical skills are all reduced by one die. Each additional success reduces your opponent''s abilities by another point. (Reflexes is not reduced.)<br>• Pulled In: If you manage to grab your opponent with a Lock, you pull him in. You have the advantage at the Hands fighting distance.<br>• In Your Face: If you successfully Lock your opponent, he may not use the Shooting and Throwing or Magic Actions with one exception: He may shoot if he''s using a pistol.<br>• Increase the Pressure: You can script multiple Lock actions and increase the value of your Lock on your opponent. You maintain your grip so long as your opponent fails to escape, you don''t hesitate or voluntarily let go. Each additional successful Lock test further reduces your opponent''s abilities by your margin of success.<br>• Incapacitation: If you reduce your opponent''s Agility, Speed, Power or Forte to zero dice, he is incapacitated. He may not resist or act in any fashion until you release him. Skills cannot be used at all.<br>• Escaping Locks: If you''re in a Lock and wish to escape, use the Avoid action but replace Speed with Agility, Power or Forte (your choice). If scripted against a Dash interaction, test Avoid against Ob 0, otherwise use the results of the versus test. Margin of success for the action reduces any standing Lock penalty. The dice are regained and may be used on the next action.', 'When you use this action you change weapons to your hands.', false),
	(15, 'Get Up', 3, 2, null, null, 'Characters are always getting knocked down. It requires two actions to get up from being laid flat. See the Knocked Down rules.', null, false),
	(16, 'Beat', 4, 1, null, null, 'If you meet the obstacle or win the versus test, you steal the advantage from your opponent. He now suffers the appropriate disadvantage according to your weapons and you gain an advantage to the positioning test at the start of the next exchange (provided you maintain advantage). If you already have the advantage, you can give your opponent a +1 Ob penalty to his next action or you can take +1D to your next action. You choose.', 'Gain a +1D advantage to the Beat test if you''re using two hands on your weapon. You cannot hold anything in your off hand!', false),
	(17, 'Disarm', 4, 1, null, null, 'Disarm is a difficult action to pull off, but if successful its results are spectacular. If successful, you knock your opponent''s weapon away. A successful Disarm also grants you the advantage for your weapon.', 'Versus Test Rules: In order to Disarm someone in a versus test, you must win by a margin of success equal to his weapon skill —except in the case of Disarm vs Feint. Hence the + sign in the interactions tables for Disarm.', false),
	(18, 'Feint', 4, 1, null, null, 'Feint is a special attack designed to defeat defenses. Feint does damage like a Strike. See the Weapons chapter for the damage rules.', null, false),
	(19, 'Throw Person', 4, 1, null, 'You must have a hand free to perform this action. If you do not, you drop your weapon as you go for the grab.', 'If you win the versus test by one or meet your obstacle in a standard test, you successfully throw your opponent off his feet and he suffers the appropriate penalties until he rights himself. You can choose how to spend additional successes: One additional success can be spent to do an Incidental bare-fisted hit or cause a Steel test. Two additional successes can be spent to cause a Mark hit or an Incidental and a Steel test. Four additional successes can be spent to deliver a Superb hit.', null, false),
	(20, 'Throw Object/Weapon', 5, 2, 'It''s an Ob 2 test to hit plus disadvantages from vying for position, weather and light.', 'Once you throw, you cede advantage to your target.', 'Shooting and Throwing actions don''t interact with the fighting actions like other fighting actions.', null, true),
	(21, 'Aim', 5, null, null, null, 'Shooting and Throwing actions don''t interact with the fighting actions like other fighting actions.', 'A player may spend actions aiming a loaded and ready weapon —a knife in the hand, nocked and drawn bow, a loaded gun, etc. Each action spent gives a +1D advantage. Characters may aim for as many actions as half their Perception exponent rounded up. When aiming with a crossbow, gun or thrown weapon, script your Aim actions first, then script your Throw or Fire actions. When aiming a bow, put your Aim actions after your Nock and Draw actions, before you script Release.', true),
	(22, 'Nock Arrow and Draw Bow', 5, 5, null, null, 'This extended action readies your bow to shoot. To hit your target, script the Release action after Nock and Draw. Shooting and Throwing actions don''t interact with the fighting actions like other fighting actions.', 'You can prep a bow and keep it ready by spending three actions to nock the arrow. Then when you wa nt to get down to business, you can pay the remainder of the Nock and Draw action to finish readying it. ''Always keep an arrow nocked'' is a good Instinct.', true),
	(23, 'Nock Arrow and Draw Great Bow', 5, 7, null, null, 'This extended action readies your bow to shoot. To hit your target, script the Release action after Nock and Draw. Shooting and Throwing actions don''t interact with the fighting actions like other fighting actions.', 'You can prep a bow and keep it ready by spending three actions to nock the arrow. Then when you wa nt to get down to business, you can pay the remainder of the Nock and Draw action to finish readying it. ''Always keep an arrow nocked'' is a good Instinct.', true),
	(24, 'Reload Crossbow or Pistol', 5, 16, null, null, 'Shooting and Throwing actions don''t interact with the fighting actions like other fighting actions.', null, true),
	(25, 'Reload Heavy Crossbow or Musket', 5, 32, null, null, 'Shooting and Throwing actions don''t interact with the fighting actions like other fighting actions.', null, true),
	(26, 'Fire Crossbow or Gun', 5, 2, 'It''s an Ob 2 test to hit with a gun plus disadvantages for vying for position, light, and weather.', 'Once you fire, you cede advantage to your target.', 'Shooting and Throwing actions don''t interact with the fighting actions like other fighting actions.', null, true),
	(27, 'Release Bow', 5, 1, 'It''s an Ob 1 test to hit with a gun plus disadvantages for vying for position, light, and weather.', 'Once your arrow is released you cede advantage to your target.', 'Shooting and Throwing actions don''t interact with the fighting actions like other fighting actions.', null, true),
	(28, 'Snapshot', 5, 1, 'Snapshot is a base Ob 4 test.', 'You can use a snapshot with a bow, crossbow, gun or thrown weapon. You may not aim a Snapshot, and once you snap that shot off, you cede advantage to your opponent.', 'For a crossbow, gun or thrown weapon, a snapshot costs one action. For a bow of any type, a snapshot reduces your draw and nock time by one action. It allows you to release one action sooner. Shooting and Throwing actions don''t interact with the fighting actions like other fighting actions.', null, true),
	(29, 'Cast Spell', 6, null, null, null, 'Spells have effects listed in their individual descriptions.', 'Spells take a number of actions to perform. Spell actions must be performed continuously and without interruption (otherwise bad things happen). Spells have weapon lengths. See the Sorcery chapter for details. Spell casting suffers from weapon length and vying for position disadvantage penalties at the time of its release. If you have the advantage, there''s no worry. If you''ve lost (or never gained) the advantage, apply the appropriate obstacle penalties.', true),
	(30, 'Drop Spell', 6, 1, null, null, null, 'If a caster no longer wishes to concentrate on a spell being sustained, it costs one action to drop it.', true),
	(31, 'Command Spirit', 6, 1, null, null, 'It only costs one action, but it''s very risky. These rules are described in detail in the Burning Wheel Codex.', null, true),
	(32, 'Command', 7, 2, null, null, 'Command can help reduce hesitation. Commanding another character to get back into the fight costs two actions. See the Command skill description for the rules.', null, true),
	(33, 'Intimidate', 7, 2, 'Ob=Will.', null, 'If successful, target must test Steel. Using the Intimidation skill on another character in a melee costs two actions. Your target hesitates for one action per point of margin of failure.', null, true),
	(34, 'Stand and Drool', 8, 1, null, null, 'The character is stunned. He does nothing while hesitating.', 'If you hesitate for a complete volley, you give up your advantage in positioning (if you had any). This hesitation option count as Let ''Em Come.', false),
	(35, 'Fall Prone (and beg for mercy)', 8, 1, null, null, 'The character falls to his knees or stomach and pleads for his life in the name of compassion, honor, mercy or the gods.', 'If you hesitate for a complete volley, you give up your advantage in positioning (if you had any). This hesitation option count as Let ''Em Come.', false),
	(36, 'Run Screaming', 8, 1, null, null, 'The character drops what he is holding, turns about and bolts for the exit. If the hesitation crosses the top of the exchange, the player must choose to disengage. He does not have access to weapon length dice.', 'If you hesitate for a complete volley, you give up your advantage in positioning (if you had any). If you are hesitating at the start of an exchange, you can only disengage.', false),
	(37, 'Swoon', 8, 1, null, null, 'The character passes out. He''s out of the fight. If appropriate, he appears dead! He cannot be acted against unless another character pays special attention to him —to finish him, slit his throat, check his pulse or whatever.', 'If you hesitate for a complete volley, you give up your advantage in positioning (if you had any). This hesitation option count as Let ''Em Come.', false);

INSERT INTO bwgr."FightActionTests"
	("Id", "ActionId", "SkillId", "AbilityId")
VALUES
	(0, 1, 20, null),
	(1, 1, 29, null),
	(2, 1, 30, null),
	(3, 1, 56, null),
	(4, 1, 98, null),
	(5, 1, 115, null),
	(6, 1, 117, null),
	(7, 1, 124, null),
	(8, 1, 125, null),
	(9, 1, 178, null),
	(10, 1, 179, null),
	(11, 1, 187, null),
	(12, 2, 20, null),
	(13, 2, 29, null),
	(14, 2, 30, null),
	(15, 2, 56, null),
	(16, 2, 98, null),
	(17, 2, 115, null),
	(18, 2, 117, null),
	(19, 2, 124, null),
	(20, 2, 125, null),
	(21, 2, 178, null),
	(22, 2, 179, null),
	(23, 2, 187, null),
	(24, 3, 20, null),
	(25, 3, 29, null),
	(26, 3, 30, null),
	(27, 3, 56, null),
	(28, 3, 98, null),
	(29, 3, 115, null),
	(30, 3, 117, null),
	(31, 3, 124, null),
	(32, 3, 125, null),
	(33, 3, 178, null),
	(34, 3, 179, null),
	(35, 3, 187, null),
	(36, 4, 235, null),
	(37, 4, 863, null),
	(38, 5, null, 5),
	(39, 6, 20, null),
	(40, 6, 29, null),
	(41, 6, 30, null),
	(42, 6, 56, null),
	(43, 6, 98, null),
	(44, 6, 115, null),
	(45, 6, 117, null),
	(46, 6, 124, null),
	(47, 6, 125, null),
	(48, 6, 178, null),
	(49, 6, 179, null),
	(50, 6, 187, null),
	(51, 7, 20, null),
	(52, 7, 29, null),
	(53, 7, 30, null),
	(54, 7, 56, null),
	(55, 7, 98, null),
	(56, 7, 115, null),
	(57, 7, 117, null),
	(58, 7, 124, null),
	(59, 7, 125, null),
	(60, 7, 178, null),
	(61, 7, 179, null),
	(62, 7, 187, null),
	(63, 8, null, 1),
	(64, 10, null, 2),
	(65, 12, null, 2),
	(66, 12, null, 3),
	(67, 12, null, 5),
	(68, 13, null, 2),
	(69, 14, null, 2),
	(70, 16, 20, null),
	(71, 16, 29, null),
	(72, 16, 30, null),
	(73, 16, 56, null),
	(74, 16, 98, null),
	(75, 16, 115, null),
	(76, 16, 117, null),
	(77, 16, 124, null),
	(78, 16, 125, null),
	(79, 16, 178, null),
	(80, 16, 179, null),
	(81, 16, 187, null),
	(82, 17, 20, null),
	(83, 17, 29, null),
	(84, 17, 30, null),
	(85, 17, 56, null),
	(86, 17, 98, null),
	(87, 17, 115, null),
	(88, 17, 117, null),
	(89, 17, 124, null),
	(90, 17, 125, null),
	(91, 17, 178, null),
	(92, 17, 179, null),
	(93, 17, 187, null),
	(94, 18, 20, null),
	(95, 18, 29, null),
	(96, 18, 30, null),
	(97, 18, 56, null),
	(98, 18, 98, null),
	(99, 18, 115, null),
	(100, 18, 117, null),
	(101, 18, 124, null),
	(102, 18, 125, null),
	(103, 18, 178, null),
	(104, 18, 179, null),
	(105, 18, 187, null),
	(106, 19, 29, null),
	(107, 20, 193, null),
	(108, 26, 54, null),
	(109, 26, 81, null),
	(110, 27, 27, null),
	(111, 28, 27, null),
	(112, 28, 54, null),
	(113, 28, 81, null),
	(114, 28, 193, null),
	(115, 29, 812, null),
	(116, 31, 813, null),
	(117, 32, 47, null),
	(118, 33, 111, null);

INSERT INTO bwgr."FightActionResolutions"
	("Id", "ActionId", "OpposingActionId", "ResolutionTypeId", "IsAgainstSkill", "Obstacle", "SkillId", "AbilityId", "OpposingSkillId", "OpposingAbilityId", "OpposingModifier")
VALUES
	(0, 1, 0, 1, null, 1, null, null, null, null, null),
	(1, 1, 2, 1, null, 1, null, null, null, null, null),
	(2, 1, 1, 1, null, 1, null, null, null, null, null),
	(3, 1, 5, 3, null, null, null, null, null, 5, null),
	(4, 1, 6, 3, null, null, null, null, null, null, null),
	(5, 1, 7, 3, null, null, null, null, null, null, null),
	(6, 1, 16, 1, null, 1, null, null, null, null, null),
	(7, 1, 17, 1, null, 1, null, null, null, null, null),
	(8, 1, 18, 1, null, 1, null, null, null, null, null),
	(9, 1, 10, 1, null, 1, null, null, null, null, null),
	(10, 1, 14, 1, null, 1, null, null, null, null, null),
	(11, 1, 13, 1, null, 1, null, null, null, null, null),
	(12, 1, 19, 1, null, 1, null, null, null, null, null),
	(13, 1, 20, 1, null, 1, null, null, null, null, null),
	(14, 1, 35, 1, null, 1, null, null, null, null, null),
	(15, 1, 36, 6, null, null, null, null, null, 5, null),
	(16, 1, 34, 1, null, 1, null, null, null, null, null),
	(17, 2, 0, 1, null, 1, null, null, null, null, null),
	(18, 2, 2, 1, null, 1, null, null, null, null, null),
	(19, 2, 1, 1, null, 1, null, null, null, null, null),
	(20, 2, 5, 3, null, null, null, null, null, 5, null),
	(21, 2, 6, 1, null, 1, null, null, null, null, null),
	(22, 2, 7, 3, null, null, null, null, null, null, null),
	(23, 2, 16, 1, null, 1, null, null, null, null, null),
	(24, 2, 17, 1, null, 1, null, null, null, null, null),
	(25, 2, 18, 1, null, 1, null, null, null, null, null),
	(26, 2, 10, 1, null, 1, null, null, null, null, null),
	(27, 2, 14, 1, null, 1, null, null, null, null, null),
	(28, 2, 13, 1, null, 1, null, null, null, null, null),
	(29, 2, 19, 1, null, 1, null, null, null, null, null),
	(30, 2, 20, 1, null, 1, null, null, null, null, null),
	(31, 2, 35, 1, null, 1, null, null, null, null, null),
	(32, 2, 36, 6, null, null, null, null, null, 5, null),
	(33, 2, 34, 1, null, 1, null, null, null, null, null),
	(34, 4, 2, 1, null, 1, null, null, null, null, null),
	(35, 4, 1, 1, null, 1, null, null, null, null, null),
	(36, 4, 5, 3, null, null, null, null, null, 5, null),
	(37, 4, 6, 3, null, null, null, null, null, null, null),
	(38, 4, 7, 3, null, null, null, null, null, null, null),
	(39, 4, 16, 1, null, 1, null, null, null, null, null),
	(40, 4, 17, 1, null, 1, null, null, null, null, null),
	(41, 4, 18, 1, null, 1, null, null, null, null, null),
	(42, 4, 10, 1, null, 1, null, null, null, null, null),
	(43, 4, 14, 1, null, 1, null, null, null, null, null),
	(44, 4, 13, 1, null, 1, null, null, null, null, null),
	(45, 4, 19, 1, null, 1, null, null, null, null, null),
	(46, 4, 20, 1, null, 1, null, null, null, null, null),
	(47, 5, 2, 3, null, null, null, null, null, null, null),
	(48, 5, 1, 3, null, null, null, null, null, null, null),
	(49, 5, 16, 3, null, null, null, null, null, null, null),
	(50, 5, 17, 5, true, null, null, null, null, null, null),
	(51, 5, 10, 3, null, null, null, null, null, 2, null),
	(52, 5, 14, 3, null, null, null, null, null, 2, null),
	(53, 5, 13, 3, null, null, null, null, null, 2, null),
	(54, 5, 19, 3, null, null, null, null, null, null, null),
	(55, 5, 20, 3, null, null, null, null, null, null, null),
	(56, 6, 1, 3, null, null, null, null, null, null, null),
	(57, 6, 16, 3, null, null, null, null, null, null, null),
	(58, 6, 17, 5, true, null, null, null, null, null, null),
	(59, 6, 14, 3, null, null, null, null, null, 2, null),
	(60, 6, 13, 3, null, null, null, null, null, 2, null),
	(61, 7, 2, 3, null, null, null, null, null, null, null),
	(62, 7, 1, 3, null, null, null, null, null, null, null),
	(63, 7, 16, 3, null, null, null, null, null, null, null),
	(64, 7, 17, 5, true, null, null, null, null, null, null),
	(65, 7, 14, 3, null, null, null, null, null, 2, null),
	(66, 7, 13, 3, null, null, null, null, null, 2, null),
	(67, 8, 2, 1, null, 1, null, null, null, null, null),
	(68, 8, 1, 1, null, 1, null, null, null, null, null),
	(69, 8, 16, 6, true, null, null, null, null, null, null),
	(70, 8, 17, 0, null, null, null, null, null, null, null),
	(71, 8, 10, 6, null, null, null, null, null, 5, null),
	(72, 8, 14, 6, null, null, null, null, null, 2, null),
	(73, 8, 13, 6, null, null, null, null, null, 2, null),
	(74, 8, 19, 6, null, null, null, null, null, 5, null),
	(75, 8, 20, 6, null, null, null, null, null, 5, null),
	(76, 10, 0, 6, null, null, null, null, null, 4, null),
	(77, 10, 2, 6, null, null, null, null, null, 4, null),
	(78, 10, 1, 6, null, null, null, null, null, 4, null),
	(79, 10, 5, 3, null, null, null, null, null, 5, null),
	(80, 10, 6, 6, null, null, null, null, null, 5, null),
	(81, 10, 7, 6, null, null, null, null, null, 5, null),
	(82, 10, 16, 6, null, null, null, null, null, 5, null),
	(83, 10, 17, 6, null, null, null, null, null, 4, null),
	(84, 10, 18, 6, null, null, null, null, null, 4, null),
	(85, 10, 10, 3, null, null, null, null, null, 2, null),
	(86, 10, 14, 6, null, null, null, null, null, 4, null),
	(87, 10, 13, 3, null, null, null, null, null, 2, null),
	(88, 10, 19, 3, null, null, null, null, null, null, null),
	(89, 10, 20, 3, null, null, null, null, null, null, null),
	(90, 10, 35, 1, null, 1, null, null, null, null, null),
	(91, 10, 36, 3, null, null, null, null, null, 5, null),
	(92, 10, 34, 1, null, 1, null, null, null, null, null),
	(93, 12, 2, 1, null, 1, null, null, null, null, null),
	(94, 12, 1, 1, null, 1, null, null, null, null, null),
	(95, 12, 16, 6, true, null, null, null, null, null, null),
	(96, 12, 17, 0, null, null, null, null, null, null, null),
	(97, 12, 10, 6, null, null, null, null, null, 5, null),
	(98, 12, 14, 6, null, null, null, null, null, 2, null),
	(99, 12, 13, 6, null, null, null, null, null, 5, null),
	(100, 12, 19, 6, null, null, null, null, null, 5, null),
	(101, 12, 20, 6, null, null, null, null, null, 5, null),
	(102, 13, 0, 6, null, null, null, null, null, 5, null),
	(103, 13, 2, 6, null, null, null, null, null, 5, null),
	(104, 13, 1, 6, null, null, null, null, null, 5, null),
	(105, 13, 5, 3, null, null, null, null, null, 5, null),
	(106, 13, 6, 3, null, null, null, null, null, null, null),
	(107, 13, 7, 3, null, null, null, null, null, null, null),
	(108, 13, 16, 6, null, null, null, null, null, 5, null),
	(109, 13, 17, 6, null, null, null, null, null, 2, null),
	(110, 13, 18, 6, null, null, null, null, null, 5, null),
	(111, 13, 10, 3, null, null, null, null, null, 2, null),
	(112, 13, 14, 6, null, null, null, null, null, 5, null),
	(113, 13, 13, 3, null, null, null, null, null, 2, null),
	(114, 13, 19, 3, null, null, null, null, null, null, null),
	(115, 13, 20, 3, null, null, null, null, null, null, null),
	(116, 13, 35, 1, null, 1, null, null, null, null, null),
	(117, 13, 36, 3, null, null, null, null, null, 5, null),
	(118, 13, 34, 1, null, 1, null, null, null, null, null),
	(119, 14, 0, 6, null, null, null, null, null, 2, null),
	(120, 14, 2, 6, null, null, null, null, null, 2, null),
	(121, 14, 1, 6, null, null, null, null, null, 2, null),
	(122, 14, 5, 3, null, null, null, null, null, 5, null),
	(123, 14, 6, 3, null, null, null, null, null, null, null),
	(124, 14, 7, 3, null, null, null, null, null, null, null),
	(125, 14, 16, 6, null, null, null, null, null, 2, null),
	(126, 14, 17, 3, null, null, null, null, null, null, null),
	(127, 14, 18, 6, null, null, null, null, null, 2, null),
	(128, 14, 10, 6, null, null, null, null, null, 2, null),
	(129, 14, 14, 3, null, null, null, null, null, 2, null),
	(130, 14, 13, 6, null, null, null, null, null, 2, null),
	(131, 14, 19, 6, null, null, null, null, null, 2, null),
	(132, 14, 20, 6, null, null, null, null, null, 2, null),
	(133, 14, 35, 1, null, 1, null, null, null, null, null),
	(134, 14, 36, 3, null, null, null, null, null, 3, null),
	(135, 14, 34, 1, null, 1, null, null, null, null, null),
	(136, 15, 2, 1, null, 1, null, null, null, null, null),
	(137, 15, 1, 1, null, 1, null, null, null, null, null),
	(138, 15, 16, 6, true, null, null, null, null, null, null),
	(139, 15, 17, 0, null, null, null, null, null, null, null),
	(140, 15, 10, 6, null, null, null, null, null, 4, null),
	(141, 15, 14, 6, null, null, null, null, null, 2, null),
	(142, 15, 13, 6, null, null, null, null, null, 5, null),
	(143, 15, 19, 6, null, null, null, null, null, 5, null),
	(144, 15, 20, 6, null, null, null, null, null, 5, null),
	(145, 16, 0, 6, true, null, null, null, null, null, null),
	(146, 16, 2, 6, true, null, null, null, null, null, null),
	(147, 16, 1, 6, true, null, null, null, null, null, null),
	(148, 16, 5, 3, null, null, null, null, null, 5, null),
	(149, 16, 6, 3, null, null, null, null, null, null, null),
	(150, 16, 7, 3, null, null, null, null, null, null, null),
	(151, 16, 16, 3, null, null, null, null, null, null, null),
	(152, 16, 17, 5, true, null, null, null, null, null, null),
	(153, 16, 18, 3, null, null, null, null, null, null, null),
	(154, 16, 10, 6, true, null, null, null, null, null, null),
	(155, 16, 14, 6, true, null, null, null, null, null, null),
	(156, 16, 13, 6, true, null, null, null, null, null, null),
	(157, 16, 19, 6, true, null, null, null, null, null, null),
	(158, 16, 20, 6, true, null, null, null, null, null, null),
	(159, 16, 35, 1, null, 1, null, null, null, null, null),
	(160, 16, 36, 1, null, 1, null, null, null, null, null),
	(161, 16, 34, 1, null, 1, null, null, null, null, null),
	(162, 17, 0, 1, true, null, null, null, null, null, null),
	(163, 17, 2, 0, null, null, null, null, null, null, null),
	(164, 17, 1, 0, null, null, null, null, null, null, null),
	(165, 17, 5, 4, null, null, null, null, null, 5, null),
	(166, 17, 6, 4, true, null, null, null, null, null, null),
	(167, 17, 7, 4, true, null, null, null, null, null, null),
	(168, 17, 16, 4, true, null, null, null, null, null, null),
	(169, 17, 17, 0, null, null, null, null, null, null, null),
	(170, 17, 18, 3, null, null, null, null, null, null, null),
	(171, 17, 10, 0, null, null, null, null, null, null, null),
	(172, 17, 14, 0, null, null, null, null, null, null, null),
	(173, 17, 13, 0, null, null, null, null, null, null, null),
	(174, 17, 19, 0, null, null, null, null, null, null, null),
	(175, 17, 20, 0, null, null, null, null, null, null, null),
	(176, 17, 35, 1, null, 1, null, null, null, null, null),
	(177, 17, 36, 6, null, null, null, null, null, 5, null),
	(178, 17, 34, 1, null, 1, null, null, null, null, null),
	(179, 18, 6, 1, null, 1, null, null, null, null, null),
	(180, 18, 7, 1, null, 1, null, null, null, null, null),
	(181, 18, 16, 3, null, null, null, null, null, null, null),
	(182, 18, 17, 3, null, null, null, null, null, null, null),
	(183, 18, 18, 3, null, null, null, null, null, null, null),
	(184, 19, 0, 6, null, null, null, null, null, 5, null),
	(185, 19, 2, 6, null, null, null, null, null, 5, null),
	(186, 19, 1, 6, null, null, null, null, null, 5, null),
	(187, 19, 5, 3, null, null, null, null, null, 5, null),
	(188, 19, 6, 3, null, null, null, null, null, null, null),
	(189, 19, 7, 3, null, null, null, null, null, null, null),
	(190, 19, 16, 6, null, null, null, null, null, 3, null),
	(191, 19, 17, 6, null, null, null, null, null, 3, null),
	(192, 19, 18, 6, null, null, null, null, null, 5, null),
	(193, 19, 10, 3, null, null, null, null, null, 2, null),
	(194, 19, 14, 3, null, null, null, null, null, 2, null),
	(195, 19, 13, 3, null, null, null, null, null, 2, null),
	(196, 19, 19, 3, null, null, null, null, null, null, null),
	(197, 19, 20, 3, null, null, null, null, null, null, null),
	(198, 19, 35, 1, null, 1, null, null, null, null, null),
	(199, 19, 36, 3, null, null, null, null, null, 5, null),
	(200, 19, 34, 1, null, 1, null, null, null, null, null);
