INSERT INTO dat."RangeAndCoverActionGroups"
	("Id", "Name")
VALUES
	(0, 'Closing'),
	(1, 'Maintaining'),
	(2, 'Withdrawal');

INSERT INTO dat."RangeAndCoverActions"
	("Id", "Name", "GroupId", "Modifier", "UseFoRKs", "UseWeaponRangeAdvantage", "UsePositionAdvantage", "UseStrideAdvantage", "IsOpenEnded", "Effect", "SpecialRestriction", "SpecialAction", "However")
VALUES
	(0, 'Close', 0, 0, false, true, true, true, false, 'Using Close, the character attempts to dash into position quickly. If successful, the character advances one range category for his weapon.', null, null, null),
	(1, 'Sneak In', 0, 0, true, true, true, true, false, 'Using camouflage and stealth, you move unseen toward your opponent''s position. If successful, the character advances one range category.', null, null, null),
	(2, 'Flank', 0, 0, true, true, true, true, false, 'Using your knowledge of battle, you outmaneuver your opponent. If successful, the character advances one range category.', null, null, null),
	(3, 'Charge', 0, 0, false, true, true, true, true, 'A player may choose to press on using his character''s Steel rather than Speed, Stealth or Tactics. He pricks up his nerve, dashes from cover and charges screaming at his opponent. This is a difficult and dangerous maneuver. If he wins the versus test, then he closes one range.', null, null, 'Your opponents may always shoot —even if they lose the positioning test. If your Charge is successful, your opponent gets one free shot before you close in. If the Charge is tied, everyone on both teams gets to shoot. Very ugly. If the Charge is failed, your opponent gets two free shots plus whatever successes he spends on shooting.'),
	(4, 'Maintain', 1, 0, false, true, true, true, false, 'Using his footwork and reflexes, the character attempts to get the better of his opponent. If your opponent moves forward, you move back. If he moves back, you move forward. If the character is successful, he''s held his opponent at the current range.', null, null, null),
	(5, 'Hold', 1, 0, false, true, true, false, false, 'When using the Hold action, the team does not move. Feet planted, they hold their ground and let fly for all they''re worth.', null, 'There are three special effects for the Hold action. First, your opponent always moves in with a close-type maneuver or away with a withdraw-type. Second, you always shoot, even if you lose the maneuver test. If you win the maneuver test, you get a free shot in addition to your other actions. Finally, advantage dice from a position are carried over from Hold into your next maneuver.', null),
	(6, 'Withdraw', 2, 2, false, true, true, true, false, 'Using Speed to Withdraw you beat a hasty retreat. If successful, you withdraw one range category. Position dice are not carried to the next volley. You abandon your position. You may allocate margin of success to finding a new position in this maneuver if appropriate.', 'While this maneuver grants a +2D advant age, any actions taken while using Withdraw cost two successes. Taking a shot, shrugging off a wound or bolting a door closed requires that you win by at least two.', 'For two successes from a successful Withdraw action, you can remain at your current range but then consult your range chart to find your opponent''s adjusted range. You rerange your weapons!', null),
	(7, 'Sneak Out', 2, 0, true, true, true, true, false, 'Using guile and subterfuge, you move unseen away from your opponent''s position. If successful, the character withdraws one range category. Position dice are not carried to the next volley. You abandon your position. You may allocate margin of success to finding a new position in this maneuver if appropriate.', null, null, null),
	(8, 'Fall Back', 2, 0, true, true, true, true, false, 'Using sound tactics, you abandon your position to take up another, better rearward one. If successful, the character withdraws one range category. Position dice are not carried to the next volley. You abandon your position. You may allocate margin of success to finding a new position in this maneuver if appropriate.', null, 'For two successes from a successful Fall Back action, you can set your range to your current range but then consult your range chart to find your opponent''s range. You rerang e your weapons!', null),
	(9, 'Retreat', 2, 1, false, true, true, true, true, 'Sometimes you''ve had quite enough. Screw this position, it''s time to beat a retreat. This takes nerves! A player may choose to make tracks using his character''s Steel rather than Speed, Stealth or Tactics. He pricks up his nerve, dashes from cover and makes a hasty advance to the rear. If successful, the character withdraws one range category. Position dice are not carried to the next volley. You abandon your position. You may allocate margin of success to finding a new position in this maneuver if appropriate.', null, null, 'Your opponents may always, shoot —even if they lose the positioning test. If the Retreat is successful, your opponent gets one free shot before you move out. If the Retreat is tied, your opponent gets two free shots. If the Retreat is failed, your opponents gets two free shots plus whatever he spends on his margin of success. Lastly, if you fail a Retreat, you hesitate in the next volley.');

INSERT INTO dat."RangeAndCoverActionResolutions"
	("Id", "ActionId", "OpposingActionId", "ResolutionTypeId", "IsAgainstSkill", "Obstacle", "SkillId", "AbilityId", "OpposingSkillId", "OpposingAbilityId", "OpposingModifier")
VALUES
	(0, 0, 0, 3, null, null, null, 5, null, 5, null),
	(1, 0, 1, 3, null, null, null, 5, 180, null, null),
	(2, 0, 2, 3, null, null, null, 5, 189, null, null),
	(3, 0, 3, 3, null, null, null, 5, null, 7, null),
	(4, 0, 4, 3, null, null, null, 5, null, 5, null),
	(5, 0, 5, 3, null, null, null, 5, null, 1, null),
	(6, 0, 6, 3, null, null, null, 5, null, 5, 2),
	(7, 0, 7, 3, null, null, null, 5, 180, null, null),
	(8, 0, 8, 3, null, null, null, 5, 189, null, null),
	(9, 0, 9, 3, null, null, null, 5, null, 7, 1),
	(10, 1, 0, 3, null, null, 180, null, null, 5, null),
	(11, 1, 1, 3, null, null, 180, null, 180, null, null),
	(12, 1, 2, 3, null, null, 180, null, 189, null, null),
	(13, 1, 3, 3, null, null, 180, null, null, 7, null),
	(14, 1, 4, 3, null, null, 180, null, null, 5, null),
	(15, 1, 5, 3, null, null, 180, null, 139, null, null),
	(16, 1, 6, 3, null, null, 180, null, null, 5, 2),
	(17, 1, 7, 3, null, null, 180, null, 180, null, null),
	(18, 1, 8, 3, null, null, 180, null, 189, null, null),
	(19, 1, 9, 3, null, null, 180, null, null, 7, 1),
	(20, 2, 0, 3, null, null, 189, null, null, 5, null),
	(21, 2, 1, 3, null, null, 189, null, 180, null, null),
	(22, 2, 2, 3, null, null, 189, null, 189, null, null),
	(23, 2, 3, 3, null, null, 189, null, null, 7, null),
	(24, 2, 4, 3, null, null, 189, null, null, 5, null),
	(25, 2, 5, 3, null, null, 189, null, 139, null, null),
	(26, 2, 6, 3, null, null, 189, null, null, 5, 2),
	(27, 2, 7, 3, null, null, 189, null, 180, null, null),
	(28, 2, 8, 3, null, null, 189, null, 189, null, null),
	(29, 2, 9, 3, null, null, 189, null, null, 7, 1),
	(30, 3, 0, 3, null, null, null, 7, null, 5, null),
	(31, 3, 1, 3, null, null, null, 7, 180, null, null),
	(32, 3, 2, 3, null, null, null, 7, 189, null, null),
	(33, 3, 3, 3, null, null, null, 7, null, 7, null),
	(34, 3, 4, 3, null, null, null, 7, null, 5, null),
	(35, 3, 5, 3, null, null, null, 7, null, 1, null),
	(36, 3, 6, 3, null, null, null, 7, null, 5, 2),
	(37, 3, 7, 3, null, null, null, 7, 180, null, null),
	(38, 3, 8, 3, null, null, null, 7, 189, null, null),
	(39, 3, 9, 3, null, null, null, 7, null, 7, 1),
	(40, 4, 0, 3, null, null, null, 5, null, 5, null),
	(41, 4, 1, 3, null, null, null, 5, 180, null, null),
	(42, 4, 2, 3, null, null, null, 5, 189, null, null),
	(43, 4, 3, 3, null, null, null, 5, null, 7, null),
	(44, 4, 4, 3, null, null, null, 5, null, 5, null),
	(45, 4, 5, 3, null, null, null, 5, null, 1, null),
	(46, 4, 6, 3, null, null, null, 5, null, 5, 2),
	(47, 4, 7, 3, null, null, null, 5, 180, null, null),
	(48, 4, 8, 3, null, null, null, 5, 189, null, null),
	(49, 4, 9, 3, null, null, null, 5, null, 7, 1),
	(50, 5, 0, 3, null, null, null, 1, null, 5, null),
	(51, 5, 1, 3, null, null, 139, null, 180, null, null),
	(52, 5, 2, 3, null, null, 139, null, 189, null, null),
	(53, 5, 3, 3, null, null, null, 1, null, 7, null),
	(54, 5, 4, 3, null, null, null, 1, null, 5, null),
	(55, 5, 5, 3, null, null, null, 1, null, 1, null),
	(56, 5, 6, 3, null, null, null, 1, null, 5, 2),
	(57, 5, 7, 3, null, null, 139, null, 180, null, null),
	(58, 5, 8, 3, null, null, 139, null, 189, null, null),
	(59, 5, 9, 3, null, null, null, 1, null, 7, 1),
	(60, 6, 0, 3, null, null, null, 5, null, 5, null),
	(61, 6, 1, 3, null, null, null, 5, 180, null, null),
	(62, 6, 2, 3, null, null, null, 5, 189, null, null),
	(63, 6, 3, 3, null, null, null, 5, null, 7, null),
	(64, 6, 4, 3, null, null, null, 5, null, 5, null),
	(65, 6, 5, 3, null, null, null, 5, null, 1, null),
	(66, 6, 6, 3, null, null, null, 5, null, 5, 2),
	(67, 6, 7, 3, null, null, null, 5, 180, null, null),
	(68, 6, 8, 3, null, null, null, 5, 189, null, null),
	(69, 6, 9, 3, null, null, null, 5, null, 7, 1),
	(70, 7, 0, 3, null, null, 180, null, null, 5, null),
	(71, 7, 1, 3, null, null, 180, null, 180, null, null),
	(72, 7, 2, 3, null, null, 180, null, 189, null, null),
	(73, 7, 3, 3, null, null, 180, null, null, 7, null),
	(74, 7, 4, 3, null, null, 180, null, null, 5, null),
	(75, 7, 5, 3, null, null, 180, null, 139, null, null),
	(76, 7, 6, 3, null, null, 180, null, null, 5, 2),
	(77, 7, 7, 3, null, null, 180, null, 180, null, null),
	(78, 7, 8, 3, null, null, 180, null, 189, null, null),
	(79, 7, 9, 3, null, null, 180, null, null, 7, 1),
	(80, 8, 0, 3, null, null, 189, null, null, 5, null),
	(81, 8, 1, 3, null, null, 189, null, 180, null, null),
	(82, 8, 2, 3, null, null, 189, null, 189, null, null),
	(83, 8, 3, 3, null, null, 189, null, null, 7, null),
	(84, 8, 4, 3, null, null, 189, null, null, 5, null),
	(85, 8, 5, 3, null, null, 189, null, 139, null, null),
	(86, 8, 6, 3, null, null, 189, null, null, 5, 2),
	(87, 8, 7, 3, null, null, 189, null, 180, null, null),
	(88, 8, 8, 3, null, null, 189, null, 189, null, null),
	(89, 8, 9, 3, null, null, 189, null, null, 7, 1),
	(90, 9, 0, 3, null, null, null, 7, null, 5, null),
	(91, 9, 1, 3, null, null, null, 7, 180, null, null),
	(92, 9, 2, 3, null, null, null, 7, 189, null, null),
	(93, 9, 3, 3, null, null, null, 7, null, 7, null),
	(94, 9, 4, 3, null, null, null, 7, null, 5, null),
	(95, 9, 5, 3, null, null, null, 7, null, 1, null),
	(96, 9, 6, 3, null, null, null, 7, null, 5, 2),
	(97, 9, 7, 3, null, null, null, 7, 180, null, null),
	(98, 9, 8, 3, null, null, null, 7, 189, null, null),
	(99, 9, 9, 3, null, null, null, 7, null, 7, 1);
