INSERT INTO dat."LogicTypes"
	("Id", "Name")
VALUES
	(0, 'AND'),
	(1, 'OR'),
	(2, 'NOT');

INSERT INTO dat."RequirementItemTypes"
	("Id", "Name")
VALUES
	(0, 'UNIQUE'),
	(1, 'MALE'),
	(2, 'FEMALE'),
	(3, 'SETTINGENTRY'),
	(4, 'YEARS'),
	(5, 'LPINDEX'),
	(6, 'OLDESTBY'),
	(7, 'SETTING'),
	(8, 'LIFEPATH'),
	(9, 'SKILL'),
	(10, 'TRAIT'),
	(11, 'ATTRIBUTE');

INSERT INTO dat."AbilityTypes"
	("Id", "Name")
VALUES
	(0, 'Mental Stat'),
	(1, 'Physical Stat'),
	(2, 'Attribute'),
	(3, 'Emotional Attribute');

INSERT INTO dat."SkillTypes"
	("Id", "Name", "Cycle", "Routine", "Difficult", "Challenging")
VALUES
	(0, 'Academic', 6, 2, 4, 8),
	(1, 'Artisan', 12, 4, 8, 12),
	(2, 'Artist', 6, 3, 6, 12),
	(3, 'Craftsman', 12, 3, 8, 12),
	(4, 'Forester', 6, 3, 6, 12),
	(5, 'Martial', 1, 2, 4, 8),
	(6, 'Medicinal', 12, 4, 8, 12),
	(7, 'Military', 6, 2, 4, 8),
	(8, 'Musical', 1, 2, 4, 8),
	(9, 'Peasant', 3, 1, 4, 12),
	(10, 'Physical', 1, 2, 4, 8),
	(11, 'School of Thought', 6, 3, 6, 12),
	(12, 'Seafaring', 3, 2, 4, 8),
	(13, 'Social', 1, 2, 4, 8),
	(14, 'Sorcerous', 12, 5, 10, 15),
	(15, 'Special', 3, 3, 6, 12);

INSERT INTO dat."SkillCategories"
	("Id", "Name")
VALUES
	(0, 'General'),
	(1, 'Wise'),
	(2, 'Magical'),
	(3, 'Special'),
	(4, 'Monstrous'),
	(5, 'Art'),
	(6, 'Skill Song'),
	(7, 'Spell Song'),
	(8, 'Spirit Hunter Song');

INSERT INTO dat."SkillToolTypes"
	("Id", "Name")
VALUES
	(0, 'No'),
	(1, 'Tools'),
	(2, 'Workshop'),
	(3, 'Other'),
	(4, 'Traveling Gear');

INSERT INTO dat."TraitTypes"
	("Id", "Name")
VALUES
	(0, 'Character'),
	(1, 'Call-on'),
	(2, 'Die'),
	(3, 'Call-on and Die');

INSERT INTO dat."TraitCategories"
	("Id", "Name")
VALUES
	(0, 'Character'),
	(1, 'Call-on'),
	(2, 'Die'),
	(3, 'Monstrous'),
	(4, 'Common'),
	(5, 'Lifepath'),
	(6, 'Special');

INSERT INTO dat."ActionResolutionTypes"
	("Id", "Name", "NameLong")
VALUES
	(0, 'Skill', 'Skill'),
	(1, 'Ob', 'Obstacle'),
	(2, 'Std', 'Standard'),
	(3, 'Vs', 'Versus'),
	(4, 'Vs+', 'Versus plus'),
	(5, '+Vs', 'plus Versus'),
	(6, '½', 'half of');

INSERT INTO dat."ResourceTypes"
	("Id", "Name")
VALUES
	(0, 'Gear'),
	(1, 'Property'),
	(2, 'Relationship'),
	(3, 'Reputation'),
	(4, 'Affiliation'),
	(5, 'Magical');

INSERT INTO dat."TimeUnits"
	("Id", "Name")
VALUES
	(0, 'Exchanges'),
	(1, 'Minutes'),
	(2, 'Hours'),
	(3, 'Days'),
	(4, 'Weeks'),
	(5, 'Months'),
	(6, 'Seasons'),
	(7, 'Years');

INSERT INTO dat."DistanceUnits"
	("Id", "Name")
VALUES
	(0, 'Paces'),
	(1, '10s of Paces'),
	(2, '100s of Paces'),
	(3, 'Miles');

INSERT INTO dat."UnitModifiers"
	("Id", "Name")
VALUES
	(0, 'Quarter'),
	(1, 'Half'),
	(2, 'Double'),
	(3, 'Triple');

INSERT INTO dat."Rulesets"
	("Id", "Name", "IsOfficial", "IsPublic", "IsExpansion", "User")
VALUES
	('bwgr', 'Burning Wheel Gold Revised', true, true, false, null),
	('bs', 'Burning Sun', false, true, false, null),
	('bwc', 'Burning Wheel Codex', true, true, true, null),
	('antv1', 'Burning Wheel Anthology Volume 1', true, true, true, null);

INSERT INTO dat."RulesetExpansions"
	("RulesetId", "ExpansionId")
VALUES
	('bwgr', 'bwc'),
	('bwgr', 'antv1');

INSERT INTO dat."Stocks"
	("Id", "Name", "NamePlural", "Stride")
VALUES
	(0, 'Dwarf', 'Dwarves', 6),
	(1, 'Elf', 'Elves', 8),
	(2, 'Human', 'Humans', 7),
	(3, 'Orc', 'Orcs', 7),
	(4, 'Roden', 'Roden', 8),
	(5, 'Troll', 'Trolls', 7),
	(6, 'Great Wolf', 'Great Wolves', 11);

INSERT INTO dat."AgePools"
	("Id", "StockId", "MinAge", "MentalPool", "PhysicalPool")
VALUES
	(0, 0, 0, 6, 13),
	(1, 0, 21, 7, 13),
	(2, 0, 31, 7, 14),
	(3, 0, 51, 8, 15),
	(4, 0, 77, 8, 16),
	(5, 0, 112, 9, 16),
	(6, 0, 152, 9, 17),
	(7, 0, 200, 10, 18),
	(8, 0, 246, 11, 17),
	(9, 0, 301, 11, 16),
	(10, 0, 346, 12, 15),
	(11, 0, 397, 11, 14),
	(12, 0, 446, 11, 13),
	(13, 0, 526, 10, 12),
	(0, 1, 0, 7, 13),
	(1, 1, 26, 8, 13),
	(2, 1, 61, 9, 14),
	(3, 1, 101, 9, 15),
	(4, 1, 126, 10, 16),
	(5, 1, 161, 10, 17),
	(6, 1, 226, 11, 17),
	(7, 1, 326, 12, 17),
	(8, 1, 426, 13, 18),
	(9, 1, 526, 13, 19),
	(10, 1, 626, 14, 19),
	(11, 1, 726, 14, 20),
	(12, 1, 826, 15, 20),
	(13, 1, 926, 15, 21),
	(14, 1, 1026, 15, 22),
	(15, 1, 1126, 15, 23),
	(16, 1, 1226, 15, 24),
	(17, 1, 1326, 16, 24),
	(0, 2, 0, 5, 10),
	(1, 2, 11, 6, 13),
	(2, 2, 15, 6, 16),
	(3, 2, 17, 7, 16),
	(4, 2, 26, 7, 15),
	(5, 2, 30, 7, 14),
	(6, 2, 36, 7, 13),
	(7, 2, 41, 7, 12),
	(8, 2, 56, 7, 11),
	(9, 2, 66, 7, 10),
	(10, 2, 80, 6, 9),
	(0, 3, 0, 3, 10),
	(1, 3, 11, 4, 11),
	(2, 3, 17, 5, 12),
	(3, 3, 23, 5, 13),
	(4, 3, 31, 6, 14),
	(5, 3, 41, 6, 15),
	(6, 3, 51, 7, 16),
	(7, 3, 61, 7, 17),
	(8, 3, 81, 8, 17),
	(9, 3, 100, 8, 18),
	(10, 3, 126, 9, 18),
	(11, 3, 151, 9, 19),
	(0, 4, 0, 6, 10),
	(1, 4, 6, 7, 13),
	(2, 4, 10, 7, 14),
	(3, 4, 16, 8, 15),
	(4, 4, 25, 8, 14),
	(5, 4, 31, 7, 13),
	(6, 4, 37, 7, 12),
	(7, 4, 41, 7, 11),
	(8, 4, 46, 6, 10),
	(0, 5, 0, 3, 11),
	(1, 5, 6, 4, 14),
	(2, 5, 13, 4, 17),
	(3, 5, 20, 4, 19),
	(4, 5, 28, 4, 20),
	(5, 5, 58, 4, 19),
	(6, 5, 81, 4, 18),
	(7, 5, 125, 5, 17),
	(8, 5, 214, 5, 16),
	(9, 5, 391, 6, 15),
	(0, 6, 0, 6, 12),
	(1, 6, 2, 7, 16),
	(2, 6, 4, 7, 17),
	(3, 6, 6, 7, 16),
	(4, 6, 8, 6, 14),
	(5, 6, 10, 6, 12),
	(6, 6, 12, 5, 10);

INSERT INTO dat."RulesetStocks"
	("StockId", "RulesetId")
VALUES
	(0, 'bwgr'),
	(0, 'bs'),
	(1, 'bwgr'),
	(2, 'bwgr'),
	(2, 'bs'),
	(3, 'bwgr'),
	(4, 'bwc'),
	(5, 'bwc'),
	(6, 'bwc');

INSERT INTO dat."Settings"
	("Id", "Name", "NameShort", "StockId", "IsSubsetting")
VALUES
	(0, 'Artificer', 'Artificer', 0,Dwarf, false),
	(1, 'Clansman', 'Clansman', 0,Dwarf, false),
	(2, 'Guilder', 'Guilder', 0,Dwarf, false),
	(3, 'Host', 'Host', 0,Dwarf, true),
	(4, 'Noble', 'Noble', 0,Dwarf, false),
	(5, 'Outcast', 'Outcast', 0,Dwarf, true),
	(6, 'Templar', 'Templar', 0,Dwarf, true),
	(7, 'Wilderlands', 'Wilderlands', 1,Elf, false),
	(8, 'Citadel', 'Citadel', 1,Elf, false),
	(9, 'Etharch', 'Etharch', 1,Elf, false),
	(10, 'Protector', 'Protector', 1,Elf, true),
	(11, 'Path of Spite', 'Spite', 1,Elf, true),
	(12, 'City Dweller', 'City', 2,Human, false),
	(13, 'College of Magic', 'College', 2,Human, true),
	(14, 'Death Cult', 'Cult', 2,Human, true),
	(15, 'Noble', 'Noble', 2,Human, false),
	(16, 'Noble Court', 'Court', 2,Human, true),
	(17, 'Outcast', 'Outcast', 2,Human, true),
	(18, 'Peasant', 'Peasant', 2,Human, false),
	(19, 'Professional Soldier', 'Soldier', 2,Human, true),
	(20, 'Religious', 'Religious', 2,Human, true),
	(21, 'Seafaring', 'Seafaring', 2,Human, false),
	(22, 'Servitude and Captive', 'Servitude', 2,Human, false),
	(23, 'Villager', 'Villager', 2,Human, false),
	(24, 'Nomad', 'Nomad', 2,Human, false),
	(25, 'Merchant House', 'Merchant', 2,Human, true),
	(26, 'Black Legion', 'Legion', 3,Orc, true),
	(27, 'Chattel', 'Chattel', 3,Orc, false),
	(28, 'Great and Black', 'Great', 3,Orc, false),
	(29, 'Servant of the Dark Blood', 'Servant', 3,Orc, true),
	(30, 'Below', 'Below', 4,Roden, false),
	(31, 'Exile', 'Exile', 4,Roden, true),
	(32, 'Field', 'Field', 4,Roden, false),
	(33, 'Society', 'Society', 4,Roden, true),
	(34, 'Cavedweller', 'Cave', 5,Troll, false),
	(35, 'Pit', 'Pit', 5,Troll, false),
	(36, 'Wild', 'Wild', 5,Troll, false),
	(37, 'Captive', 'Captive', 6,Great Wolf, true),
	(38, 'Ghost of the Deeping Wood', 'Ghost', 6,Great Wolf, true),
	(39, 'Outcast Wolf', 'Outcast', 6,Great Wolf, true),
	(40, 'Slave to the Legion', 'Slave', 6,Great Wolf, false),
	(41, 'Spirit Hunter', 'Hunter', 6,Great Wolf, true),
	(42, 'Wild Pack', 'Pack', 6,Great Wolf, false);

INSERT INTO dat."RulesetSettings"
	("SettingId", "RulesetId")
VALUES
	(0, 'bwgr'),
	(0, 'bs'),
	(1, 'bwgr'),
	(1, 'bs'),
	(2, 'bwgr'),
	(2, 'bs'),
	(3, 'bwgr'),
	(3, 'bs'),
	(4, 'bwgr'),
	(5, 'bwgr'),
	(5, 'bs'),
	(6, 'bs'),
	(7, 'bwgr'),
	(8, 'bwgr'),
	(9, 'bwgr'),
	(10, 'bwgr'),
	(11, 'bwc'),
	(12, 'bwgr'),
	(12, 'bs'),
	(13, 'bwc'),
	(14, 'bwc'),
	(15, 'bwgr'),
	(15, 'bs'),
	(16, 'bwgr'),
	(16, 'bs'),
	(17, 'bwgr'),
	(17, 'bs'),
	(18, 'bwgr'),
	(18, 'bs'),
	(19, 'bwgr'),
	(19, 'bs'),
	(20, 'bwgr'),
	(20, 'bs'),
	(21, 'bwgr'),
	(22, 'bwgr'),
	(22, 'bs'),
	(23, 'bwgr'),
	(23, 'bs'),
	(24, 'bs'),
	(25, 'bs'),
	(26, 'bwgr'),
	(27, 'bwgr'),
	(28, 'bwgr'),
	(29, 'bwgr'),
	(30, 'bwc'),
	(31, 'bwc'),
	(32, 'bwc'),
	(33, 'bwc'),
	(34, 'bwc'),
	(35, 'bwc'),
	(36, 'bwc'),
	(37, 'bwc'),
	(38, 'bwc'),
	(39, 'bwc'),
	(40, 'bwc'),
	(41, 'bwc'),
	(42, 'bwc');

INSERT INTO dat."Abilities"
	("Id", "Name", "AbilityTypeId", "HasShades", "Cycle", "Routine", "Difficult", "Challenging")
VALUES
	(0, 'Will', 0, true, 12, 4, 8, 16),
	(1, 'Perception', 0, true, 6, 3, 6, 12),
	(2, 'Power', 1, true, 1, 2, 4, 8),
	(3, 'Agility', 1, true, 3, 2, 4, 8),
	(4, 'Forte', 1, true, 2, 4, 8, 16),
	(5, 'Speed', 1, true, 3, 3, 6, 9),
	(6, 'Health', 2, true, null, null, null, null),
	(7, 'Steel', 2, true, 2, 1, 3, 9),
	(8, 'Reflexes', 2, true, null, null, null, null),
	(9, 'Resources', 2, true, null, null, null, null),
	(10, 'Circles', 2, true, null, null, null, null),
	(11, 'Hesitation', 2, false, null, null, null, null),
	(12, 'Greed', 3, true, null, null, null, null),
	(13, 'Grief', 3, true, null, null, null, null),
	(14, 'Spite', 3, true, null, null, null, null),
	(15, 'Faith', 3, true, 12, 5, 10, 20),
	(16, 'Faith in Dead Gods', 3, true, null, null, null, null),
	(17, 'Hatred', 3, true, null, null, null, null),
	(18, 'Void Embrace', 3, true, null, null, null, null),
	(19, 'Ancestral Taint', 3, true, null, null, null, null),
	(20, 'Corruption', 3, true, null, null, null, null);

INSERT INTO dat."Traits"
	("Id", "Name", "StockId", "CategoryId", "TypeId", "Cost", "Description")
VALUES
	(0, 'A Little Crazy', null, 0, 0, 1, null),
	(1, 'A Little Fat', null, 0, 0, 1, null),
	(2, 'Abashed', null, 0, 0, 1, null),
	(3, 'Abnormally Long Tongue', null, 0, 0, 1, null),
	(4, 'Abused', null, 0, 0, 1, null),
	(5, 'Academic', null, 0, 0, 1, null),
	(6, 'Accustomed to the Dark', null, 0, 0, 1, null),
	(7, 'Aches and Pains', null, 0, 0, 1, null),
	(8, 'Addicted', null, 0, 0, 1, null),
	(9, 'Adorable', null, 0, 0, 1, null),
	(10, 'Aggressive', null, 0, 0, 1, null),
	(11, 'Agoraphobic', null, 0, 0, 1, null),
	(12, 'Agreeable', null, 0, 0, 1, null),
	(13, 'Alarming', null, 0, 0, 1, null),
	(14, 'Alcoholic', null, 0, 0, 1, null),
	(15, 'Alms-Taker', null, 0, 0, 1, null),
	(16, 'Aloof', null, 0, 0, 1, null),
	(17, 'Ambidextrous', null, 0, 0, 1, null),
	(18, 'Ambitious', null, 0, 0, 1, null),
	(19, 'Amenable to Other Options', null, 0, 0, 1, null),
	(20, 'Amenable', null, 0, 0, 1, null),
	(21, 'Anemic', null, 0, 0, 1, null),
	(22, 'Appreciation for Beauty', null, 0, 0, 1, null),
	(23, 'Apprehensive', null, 0, 0, 1, null),
	(24, 'Arcane', null, 0, 0, 1, null),
	(25, 'Arrogant', null, 0, 0, 1, null),
	(26, 'Authoritative', null, 0, 0, 1, null),
	(27, 'Bad Egg', null, 0, 0, 1, null),
	(28, 'Barker', null, 0, 0, 1, null),
	(29, 'Base Humility', null, 0, 0, 1, null),
	(30, 'Batshit', null, 0, 0, 1, null),
	(31, 'Bedside Manner', null, 0, 0, 1, null),
	(32, 'Bellicose', null, 0, 0, 1, null),
	(33, 'Big Boned', null, 0, 0, 1, null),
	(34, 'Bilge-Drinker', null, 0, 0, 1, null),
	(35, 'Bitter', null, 0, 0, 1, null),
	(36, 'Blasphemer', null, 0, 0, 1, null),
	(37, 'Blisters', null, 0, 0, 1, null),
	(38, 'Bloviatic', null, 0, 0, 1, null),
	(39, 'Boaster', null, 0, 0, 1, null),
	(40, 'Bored', null, 0, 0, 1, null),
	(41, 'Boring', null, 0, 0, 1, null),
	(42, 'Brash', null, 0, 0, 1, null),
	(43, 'Brave', null, 0, 0, 1, null),
	(44, 'Broken Man', null, 0, 0, 1, null),
	(45, 'Brusque', null, 0, 0, 1, null),
	(46, 'Brutal', null, 0, 0, 1, null),
	(47, 'Bulbous Nose', null, 0, 0, 1, null),
	(48, 'Buxom', null, 0, 0, 1, null),
	(49, 'Cadaverous', null, 0, 0, 1, null),
	(50, 'Call of the Sea', null, 0, 0, 1, null),
	(51, 'Callous', null, 0, 0, 1, null),
	(52, 'Calloused', null, 0, 0, 1, null),
	(53, 'Callow', null, 0, 0, 1, null),
	(54, 'Carrulous', null, 0, 0, 1, null),
	(55, 'Cassandra', null, 0, 0, 1, null),
	(56, 'Chronologue', null, 0, 0, 1, 'An innate sense of time plagues this character. He always knows what time it is.'),
	(57, 'Chuffing', null, 0, 0, 1, null),
	(58, 'Chuntering', null, 0, 0, 1, null),
	(59, 'Circumspect', null, 0, 0, 1, null),
	(60, 'Collector', null, 0, 0, 1, null),
	(61, 'Color Blind', null, 0, 0, 1, null),
	(62, 'Colorful', null, 0, 0, 1, null),
	(63, 'Comely', null, 0, 0, 1, null),
	(64, 'Comfortable Shoes', null, 0, 0, 1, null),
	(65, 'Complaining', null, 0, 0, 1, null),
	(66, 'Compulsive Liar', null, 0, 0, 1, 'The character cannot help himself: the lies come unbidden and never ending. Note that this trait does not necessarily make the charactera good liar.'),
	(67, 'Condescending', null, 0, 0, 1, null),
	(68, 'Confident', null, 0, 0, 1, null),
	(69, 'Cookie', null, 0, 0, 1, null),
	(70, 'Corrupt', null, 0, 0, 1, null),
	(71, 'Cramped Hands', null, 0, 0, 1, null),
	(72, 'Crotchety', null, 0, 0, 1, null),
	(73, 'Cruel', null, 0, 0, 1, null),
	(74, 'Cry Wolf', null, 0, 0, 1, null),
	(75, 'Cryptic', null, 0, 0, 1, null),
	(76, 'Curious', null, 0, 0, 1, null),
	(77, 'Curses like a Sailor', null, 0, 0, 1, null),
	(78, 'Cursing', null, 0, 0, 1, null),
	(79, 'Cynical', null, 0, 0, 1, null),
	(80, 'Dangerous', null, 0, 0, 1, null),
	(81, 'Daring', null, 0, 0, 1, null),
	(82, 'Debauched', null, 0, 0, 1, null),
	(83, 'Deferential', null, 0, 0, 1, null),
	(84, 'Demagogue', null, 0, 0, 1, null),
	(85, 'Denouncer', null, 0, 0, 1, null),
	(86, 'Desperate', null, 0, 0, 1, null),
	(87, 'Despondent', null, 0, 0, 1, null),
	(88, 'Determined', null, 0, 0, 1, null),
	(89, 'Devout', null, 0, 0, 1, null),
	(90, 'Diligent', null, 0, 0, 1, null),
	(91, 'Diminutive Hands', null, 0, 0, 1, null),
	(92, 'Diminutive Stature', null, 0, 0, 1, 'Characters of Diminutive Stature are no taller than five feet (1.6 paces). This is the stature of Dwarves and Roden.'),
	(93, 'Disciplined', null, 0, 0, 1, null),
	(94, 'Dismissive', null, 0, 0, 1, null),
	(95, 'Distracted', null, 0, 0, 1, null),
	(96, 'Disturbed', null, 0, 0, 1, null),
	(97, 'Disturbingly Confident', null, 0, 0, 1, null),
	(98, 'Disturbingly Large Mouth', null, 0, 0, 1, null),
	(99, 'Dog Lover', null, 0, 0, 1, null),
	(100, 'Dog-Faced Boy', null, 0, 0, 1, null),
	(101, 'Domineering', null, 0, 0, 1, null),
	(102, 'Dour', null, 0, 0, 1, null),
	(103, 'Downtrodden', null, 0, 0, 1, null),
	(104, 'Drop-Dead Gorgeous', null, 0, 0, 1, null),
	(105, 'Drunk', null, 0, 0, 1, null),
	(106, 'Dusty', null, 0, 0, 1, null),
	(107, 'Dutiful', null, 0, 0, 1, null),
	(108, 'Early Riser', null, 0, 0, 1, null),
	(109, 'Earthen', null, 0, 0, 1, null),
	(110, 'Earthy Smell', null, 0, 0, 1, null),
	(111, 'Eating Maggots', null, 0, 0, 1, null),
	(112, 'Ebullient', null, 0, 0, 1, null),
	(113, 'Educated', null, 0, 0, 1, null),
	(114, 'Effete', null, 0, 0, 1, null),
	(115, 'Emotional', null, 0, 0, 1, null),
	(116, 'Erudite', null, 0, 0, 1, null),
	(117, 'Esoteric', null, 0, 0, 1, null),
	(118, 'Eunuch', null, 0, 0, 1, null),
	(119, 'Evasive', null, 0, 0, 1, null),
	(120, 'Exasperated', null, 0, 0, 1, null),
	(121, 'Extra Digit', null, 0, 0, 1, null),
	(122, 'Extremely Bitter', null, 0, 0, 1, null),
	(123, 'Extremely Respectful of One''s Betters', null, 0, 0, 1, null),
	(124, 'Faded', null, 0, 0, 1, null),
	(125, 'Fanatical Devotion', null, 0, 0, 1, null),
	(126, 'Farting', null, 0, 0, 1, null),
	(127, 'Fastidious', null, 0, 0, 1, null),
	(128, 'Fateful', null, 0, 0, 1, null),
	(129, 'Fear of Cheese', null, 0, 0, 1, null),
	(130, 'Fear of Wet Noises', null, 0, 0, 1, null),
	(131, 'Fearful Respect of the Servants', null, 0, 0, 1, null),
	(132, 'Feral', null, 0, 0, 1, null),
	(133, 'Fervent Believer', null, 0, 0, 1, null),
	(134, 'Firm', null, 0, 0, 1, null),
	(135, 'Fixed Smile', null, 0, 0, 1, null),
	(136, 'Flamboyant', null, 0, 0, 1, null),
	(137, 'Flatterer', null, 0, 0, 1, null),
	(138, 'Flea-Bitten', null, 0, 0, 1, null),
	(139, 'Flee from Battle', null, 0, 0, 1, null),
	(140, 'Flip', null, 0, 0, 1, null),
	(141, 'Floksy Wisdom', null, 0, 0, 1, null),
	(142, 'Floury', null, 0, 0, 1, null),
	(143, 'Following the Beat', null, 0, 0, 1, null),
	(144, 'Fondness for Elven Blood', null, 0, 0, 1, null),
	(145, 'Formalist', null, 0, 0, 1, null),
	(146, 'Foul Smelling', null, 0, 0, 1, null),
	(147, 'Fretful', null, 0, 0, 1, null),
	(148, 'Frippery', null, 0, 0, 1, null),
	(149, 'Frustrated', null, 0, 0, 1, null),
	(150, 'Gelid', null, 0, 0, 1, null),
	(151, 'Generous', null, 0, 0, 1, null),
	(152, 'Genial', null, 0, 0, 1, null),
	(153, 'Gentle but Firm', null, 0, 0, 1, null),
	(154, 'Gerbil Brain', null, 0, 0, 1, null),
	(155, 'Gluttonous', null, 0, 0, 1, null),
	(156, 'Gnawing Hunger', null, 0, 0, 1, null),
	(157, 'Good for Nothing', null, 0, 0, 1, null),
	(158, 'Good Listener', null, 0, 0, 1, null),
	(159, 'Gossip', null, 0, 0, 1, null),
	(160, 'Grand', null, 0, 0, 1, null),
	(161, 'Greasy', null, 0, 0, 1, null),
	(162, 'Greedy', null, 0, 0, 1, null),
	(163, 'Grey Mantle', null, 0, 0, 1, null),
	(164, 'Grim', null, 0, 0, 1, null),
	(165, 'Grumbling', null, 0, 0, 1, null),
	(166, 'Guarded', null, 0, 0, 1, null),
	(167, 'Hacking Cough', null, 0, 0, 1, null),
	(168, 'Hairy', null, 0, 0, 1, null),
	(169, 'Halitosis', null, 0, 0, 1, null),
	(170, 'Handicapped', null, 0, 0, 1, null),
	(171, 'Handsome', null, 0, 0, 1, null),
	(172, 'Happy-Go-Lucky', null, 0, 0, 1, null),
	(173, 'Hard Work', null, 0, 0, 1, null),
	(174, 'Hatred of Forests', null, 0, 0, 1, null),
	(175, 'Haunted', null, 0, 0, 1, null),
	(176, 'He''s a Jonah That One', null, 0, 0, 1, null),
	(177, 'Hide Before Battle', null, 0, 0, 1, null),
	(178, 'Hoarding', null, 0, 0, 1, null),
	(179, 'Holier', null, 0, 0, 1, null),
	(180, 'Hollow Bones', null, 0, 0, 1, null),
	(181, 'Homesick', null, 0, 0, 1, null),
	(182, 'Honored', null, 0, 0, 1, null),
	(183, 'Hope', null, 0, 0, 1, null),
	(184, 'Horsefriend', null, 0, 0, 1, null),
	(185, 'Humble Before My Master', null, 0, 0, 1, null),
	(186, 'Humility in the Face of Your Betters', null, 0, 0, 1, null),
	(187, 'Humility', null, 0, 0, 1, null),
	(188, 'Hungry', null, 0, 0, 1, null),
	(189, 'Hurt', null, 0, 0, 1, null),
	(190, 'Hypochondriac', null, 0, 0, 1, null),
	(191, 'Idealistic', null, 0, 0, 1, null),
	(192, 'Ideologue', null, 0, 0, 1, null),
	(193, 'Impecunious', null, 0, 0, 1, null),
	(194, 'Imperious', null, 0, 0, 1, null),
	(195, 'Impulsive', null, 0, 0, 1, null),
	(196, 'Incessant Tapping', null, 0, 0, 1, null),
	(197, 'Inconsiderate', null, 0, 0, 1, null),
	(198, 'Indecisive', null, 0, 0, 1, null),
	(199, 'Ineffable Feature', null, 0, 0, 1, 'An Ineffable Feature is a facial or bodily feature that cannot he altered or destroyed. Or if it is somehow destroyed or removed, it grows back the same as it was before.'),
	(200, 'Infallible Religious Logic', null, 0, 0, 1, null),
	(201, 'Ink-Stained Hands', null, 0, 0, 1, null),
	(202, 'Inscrutable', null, 0, 0, 1, null),
	(203, 'Insightful', null, 0, 0, 1, null),
	(204, 'Insomniac', null, 0, 0, 1, null),
	(205, 'Instractable', null, 0, 0, 1, null),
	(206, 'Intense Hatred', null, 0, 0, 1, null),
	(207, 'Intense', null, 0, 0, 1, null),
	(208, 'Intimidating', null, 0, 0, 1, null),
	(209, 'Inured', null, 0, 0, 1, null),
	(210, 'Invisible Friend', null, 0, 0, 1, null),
	(211, 'Involuntary Shudders', null, 0, 0, 1, null),
	(212, 'Iron Nails', null, 0, 0, 1, null),
	(213, 'It Just Might Work!', null, 0, 0, 1, null),
	(214, 'Jaunty', null, 0, 0, 1, null),
	(215, 'Jealous', null, 0, 0, 1, null),
	(216, 'Joan of Arc', null, 0, 0, 1, null),
	(217, 'Keen Sense of Humor', null, 0, 0, 1, null),
	(218, 'Know It All', null, 0, 0, 1, null),
	(219, 'Laconic', null, 0, 0, 1, null),
	(220, 'Lavish Taste', null, 0, 0, 1, null),
	(221, 'Lazy', null, 0, 0, 1, null),
	(222, 'Learned', null, 0, 0, 1, null),
	(223, 'Leprosy', null, 0, 0, 1, null),
	(224, 'Loner', null, 0, 0, 1, null),
	(225, 'Lonesome', null, 0, 0, 1, null),
	(226, 'Long Fingered', null, 0, 0, 1, null),
	(227, 'Lord''s Favorite', null, 0, 0, 1, null),
	(228, 'Love of the Horse', null, 0, 0, 1, null),
	(229, 'Lugubrious', null, 0, 0, 1, null),
	(230, 'Lunatic', null, 0, 0, 1, 'This character always knows the phase of the moon.'),
	(231, 'Lustrous', null, 0, 0, 1, null),
	(232, 'Mad', null, 0, 0, 1, null),
	(233, 'Maggot Connoisseur', null, 0, 0, 1, null),
	(234, 'Man of Few Words', null, 0, 0, 1, null),
	(235, 'Manly', null, 0, 0, 1, null),
	(236, 'Many-Colored Hands', null, 0, 0, 1, null),
	(237, 'Mark of the Beast', null, 0, 0, 1, null),
	(238, 'Maternal', null, 0, 0, 1, null),
	(239, 'Matriarchal/Patriarchal', null, 0, 0, 1, null),
	(240, 'Maudlin', null, 0, 0, 1, null),
	(241, 'Mean', null, 0, 0, 1, null),
	(242, 'Melodramatic Family', null, 0, 0, 1, null),
	(243, 'Mercenary', null, 0, 0, 1, null),
	(244, 'Merciful', null, 0, 0, 1, null),
	(245, 'Merciless', null, 0, 0, 1, null),
	(246, 'Metal Plate in the Skull', null, 0, 0, 1, null),
	(247, 'Mind for Small Details', null, 0, 0, 1, null),
	(248, 'Misanthropic', null, 0, 0, 1, null),
	(249, 'Missing Digit', null, 0, 0, 1, null),
	(250, 'Murderous', null, 0, 0, 1, null),
	(251, 'Mute', null, 0, 0, 1, null),
	(252, 'Muttering', null, 0, 0, 1, null),
	(253, 'Naked Hatred', null, 0, 0, 1, null),
	(254, 'Narcoleptic', null, 0, 0, 1, null),
	(255, 'Never Cry Wolf', null, 0, 0, 1, null),
	(256, 'Night Owl', null, 0, 0, 1, null),
	(257, 'Nihilistic', null, 0, 0, 1, null),
	(258, 'No Nonsense', null, 0, 0, 1, null),
	(259, 'Nose for Trouble', null, 0, 0, 1, null),
	(260, 'Obedient', null, 0, 0, 1, null),
	(261, 'Obliging', null, 0, 0, 1, null),
	(262, 'Obsequious', null, 0, 0, 1, null),
	(263, 'Obsessed', null, 0, 0, 1, null),
	(264, 'Obstinate', null, 0, 0, 1, null),
	(265, 'Odd', null, 0, 0, 1, null),
	(266, 'Odious', null, 0, 0, 1, null),
	(267, 'Off-Kilter', null, 0, 0, 1, null),
	(268, 'Oikofugic', null, 0, 0, 1, null),
	(269, 'Ornery', null, 0, 0, 1, null),
	(270, 'Other Life', null, 0, 0, 1, null),
	(271, 'Overbearing Loony', null, 0, 0, 1, null),
	(272, 'Overbite', null, 0, 0, 1, null),
	(273, 'Overworked', null, 0, 0, 1, null),
	(274, 'Paranoid About the Ship', null, 0, 0, 1, null),
	(275, 'Paranoid', null, 0, 0, 1, null),
	(276, 'Pariah', null, 0, 0, 1, null),
	(277, 'Passionate', null, 0, 0, 1, null),
	(278, 'Patient', null, 0, 0, 1, null),
	(279, 'Patriatchal', null, 0, 0, 1, null),
	(280, 'Pecunious', null, 0, 0, 1, null),
	(281, 'Pegboy', null, 0, 0, 1, null),
	(282, 'Perfectionist', null, 0, 0, 1, null),
	(283, 'Peripatetic', null, 0, 0, 1, null),
	(284, 'Pigpen', null, 0, 0, 1, null),
	(285, 'Pointed Ears', null, 0, 0, 1, null),
	(286, 'Poisonous Ambition', null, 0, 0, 1, null),
	(287, 'Pompous', null, 0, 0, 1, null),
	(288, 'Practical', null, 0, 0, 1, null),
	(289, 'Pragmatic Outlook', null, 0, 0, 1, null),
	(290, 'Pragmatic', null, 0, 0, 1, null),
	(291, 'Predatory', null, 0, 0, 1, null),
	(292, 'Problem with Authority', null, 0, 0, 1, null),
	(293, 'Professionally Diligent', null, 0, 0, 1, null),
	(294, 'Profuse Sweat', null, 0, 0, 1, null),
	(295, 'Prominent Scar', null, 0, 0, 1, null),
	(296, 'Prone to Exaggeration', null, 0, 0, 1, null),
	(297, 'Proud', null, 0, 0, 1, null),
	(298, 'Psychotic', null, 0, 0, 1, null),
	(299, 'Querulous', null, 0, 0, 1, null),
	(300, 'Quirky', null, 0, 0, 1, null),
	(301, 'Rabble-Rouser', null, 0, 0, 1, null),
	(302, 'Rarified', null, 0, 0, 1, null),
	(303, 'Rash', null, 0, 0, 1, null),
	(304, 'Reckless', null, 0, 0, 1, null),
	(305, 'Recondite', null, 0, 0, 1, null),
	(306, 'Red Cheeks', null, 0, 0, 1, null),
	(307, 'Red-Blooded', null, 0, 0, 1, null),
	(308, 'Reeks of Alcohol', null, 0, 0, 1, null),
	(309, 'Regal Bearing', null, 0, 0, 1, null),
	(310, 'Reincarnated', null, 0, 0, 1, null),
	(311, 'Remarkable Flatulence', null, 0, 0, 1, null),
	(312, 'Remote', null, 0, 0, 1, null),
	(313, 'Resigned to Fate', null, 0, 0, 1, null),
	(314, 'Resolute', null, 0, 0, 1, null),
	(315, 'Restless', null, 0, 0, 1, null),
	(316, 'Reviled', null, 0, 0, 1, null),
	(317, 'Rhetorical', null, 0, 0, 1, null),
	(318, 'Righteous', null, 0, 0, 1, null),
	(319, 'Road Weary', null, 0, 0, 1, null),
	(320, 'Romantic', null, 0, 0, 1, null),
	(321, 'Rough Hands', null, 0, 0, 1, null),
	(322, 'Royal Favorite', null, 0, 0, 1, null),
	(323, 'Ruddy Complexion', null, 0, 0, 1, null),
	(324, 'Sadistic', null, 0, 0, 1, null),
	(325, 'Sailor''s Oath', null, 0, 0, 1, null),
	(326, 'Salt of the Earth', null, 0, 0, 1, null),
	(327, 'Sane', null, 0, 0, 1, null),
	(328, 'Scapegoat', null, 0, 0, 1, null),
	(329, 'Scarred', null, 0, 0, 1, null),
	(330, 'Scavenger', null, 0, 0, 1, null),
	(331, 'Screaming', null, 0, 0, 1, null),
	(332, 'Scurvy', null, 0, 0, 1, null),
	(333, 'Seasoned', null, 0, 0, 1, null),
	(334, 'Secretive', null, 0, 0, 1, null),
	(335, 'Secretly Worships the Black Sea God', null, 0, 0, 1, null),
	(336, 'Seemingly Concerned', null, 0, 0, 1, null),
	(337, 'Seen It All', null, 0, 0, 1, null),
	(338, 'Seen Not Heard', null, 0, 0, 1, null),
	(339, 'Self-Confident', null, 0, 0, 1, null),
	(340, 'Self-Satisfied', null, 0, 0, 1, null),
	(341, 'Sense of Entitlement', null, 0, 0, 1, null),
	(342, 'Sharp Dresser', null, 0, 0, 1, null),
	(343, 'Shouting', null, 0, 0, 1, null),
	(344, 'Shrewd', null, 0, 0, 1, null),
	(345, 'Sick', null, 0, 0, 1, null),
	(346, 'Silent Hatred', null, 0, 0, 1, null),
	(347, 'Singed', null, 0, 0, 1, null),
	(348, 'Skeptical', null, 0, 0, 1, null),
	(349, 'Skin of an Apple', null, 0, 0, 1, null),
	(350, 'Skinny', null, 0, 0, 1, null),
	(351, 'Sleek', null, 0, 0, 1, null),
	(352, 'Sleep-Talker', null, 0, 0, 1, null),
	(353, 'Smart', null, 0, 0, 1, null),
	(354, 'Smells Like a Horse', null, 0, 0, 1, null),
	(355, 'Solipsistic', null, 0, 0, 1, null),
	(356, 'Somnambulist', null, 0, 0, 1, null),
	(357, 'Speaker of the Secret Language', null, 0, 0, 1, null),
	(358, 'Spectacular', null, 0, 0, 1, null),
	(359, 'Spitting', null, 0, 0, 1, null),
	(360, 'Spooky', null, 0, 0, 1, null),
	(361, 'Squinty', null, 0, 0, 1, null),
	(362, 'Stalker', null, 0, 0, 1, null),
	(363, 'Starved', null, 0, 0, 1, null),
	(364, 'Steady Hands', null, 0, 0, 1, null),
	(365, 'Stern Demeanor', null, 0, 0, 1, null),
	(366, 'Stinky', null, 0, 0, 1, null),
	(367, 'Stolid', null, 0, 0, 1, null),
	(368, 'Strange', null, 0, 0, 1, null),
	(369, 'Strapping', null, 0, 0, 1, null),
	(370, 'Strong-Willed', null, 0, 0, 1, null),
	(371, 'Stung Once (Once)', null, 0, 0, 1, null),
	(372, 'Stutter', null, 0, 0, 1, null),
	(373, 'Superstitious', null, 0, 0, 1, null),
	(374, 'Suspicious', null, 0, 0, 1, null),
	(375, 'Swaggering', null, 0, 0, 1, null),
	(376, 'Taciturn', null, 0, 0, 1, null),
	(377, 'Taste for Man-Flesh', null, 0, 0, 1, null),
	(378, 'Temperamental', null, 0, 0, 1, null),
	(379, 'Tenuous', null, 0, 0, 1, null),
	(380, 'Thug', null, 0, 0, 1, null),
	(381, 'Thunderous Snoring', null, 0, 0, 1, null),
	(382, 'Tidy Aspect', null, 0, 0, 1, null),
	(383, 'Timid', null, 0, 0, 1, null),
	(384, 'Tolerant', null, 0, 0, 1, null),
	(385, 'Touch of Madness', null, 0, 0, 1, null),
	(386, 'Trusting', null, 0, 0, 1, null),
	(387, 'Trustworthy', null, 0, 0, 1, null),
	(388, 'Turgid', null, 0, 0, 1, null),
	(389, 'Ugly', null, 0, 0, 1, null),
	(390, 'Unbeliever', null, 0, 0, 1, null),
	(391, 'Underbite', null, 0, 0, 1, null),
	(392, 'Underpaid', null, 0, 0, 1, null),
	(393, 'Uneasy', null, 0, 0, 1, null),
	(394, 'Unrelenting Hatred', null, 0, 0, 1, null),
	(395, 'Unsavory Madman', null, 0, 0, 1, null),
	(396, 'Urbane', null, 0, 0, 1, null),
	(397, 'Venal', null, 0, 0, 1, null),
	(398, 'Veneer of Obedience', null, 0, 0, 1, null),
	(399, 'Vitriolic', null, 0, 0, 1, null),
	(400, 'Vocal', null, 0, 0, 1, null),
	(401, 'Voice in the Crowd', null, 0, 0, 1, null),
	(402, 'Wary', null, 0, 0, 1, null),
	(403, 'Watchful', null, 0, 0, 1, null),
	(404, 'Weight of the World', null, 0, 0, 1, null),
	(405, 'Weird', null, 0, 0, 1, null),
	(406, 'Well Appointed', null, 0, 0, 1, null),
	(407, 'Well Dressed', null, 0, 0, 1, null),
	(408, 'White-Gold Wielder', null, 0, 0, 1, null),
	(409, 'Worldly', null, 0, 0, 1, null),
	(410, 'Xenophobic', null, 0, 0, 1, null),
	(411, 'You Should Know Better than That!', null, 0, 0, 1, null),
	(412, 'Yowling', null, 0, 0, 1, null),
	(413, 'Ashamed', null, 0, 0, 1, null),
	(414, 'Dirty Secret', null, 0, 0, 1, null),
	(415, 'Lucky', null, 0, 0, 1, null),
	(416, 'Shady', null, 0, 0, 1, null),
	(417, 'Servile', null, 0, 0, 1, null),
	(418, 'Haunted Beauty', null, 0, 0, 1, null),
	(419, 'Expendable', null, 0, 0, 1, null),
	(420, 'Branded', null, 0, 0, 1, null),
	(421, 'Humble', null, 0, 0, 1, null),
	(422, 'Yes Boss', null, 0, 0, 1, null),
	(423, 'Pitiless', null, 0, 0, 1, null),
	(424, 'Life is Cheap', null, 0, 0, 1, null),
	(425, 'Popular Hero', null, 0, 0, 1, null),
	(426, 'Yearning', null, 0, 0, 1, null),
	(427, 'Cool Hand', null, 0, 0, 1, null),
	(428, 'Hoarse', null, 0, 0, 1, null),
	(429, 'Thirsty', null, 0, 0, 1, null),
	(430, 'Soft Spot', null, 0, 0, 1, null),
	(431, 'Gnawed', null, 0, 0, 1, null),
	(432, 'Favorite', null, 0, 0, 1, null),
	(433, 'Vain', null, 0, 0, 1, null),
	(434, 'Weathered', null, 0, 0, 1, null),
	(435, 'Lean', null, 0, 0, 1, null),
	(436, 'Smelly', null, 0, 0, 1, null),
	(437, 'Never Out of Sight', null, 0, 0, 1, null),
	(438, 'Grasping', null, 0, 0, 1, null),
	(439, 'Improvisation', null, 0, 0, 1, null),
	(440, 'Exotic', null, 0, 0, 1, null),
	(441, 'Burdened', null, 0, 0, 1, null),
	(442, 'Sick of Death', null, 0, 0, 1, null),
	(443, 'Eccentric', null, 0, 0, 1, null),
	(444, 'Conservative', null, 0, 0, 1, null),
	(445, 'Traditional', null, 0, 0, 1, null),
	(446, 'Toothless', null, 0, 0, 1, null),
	(447, 'Hearty', null, 0, 0, 1, null),
	(448, 'Nasty Cough', null, 0, 0, 1, null),
	(449, 'Lust for Power', null, 0, 0, 1, null),
	(450, 'Addicted to Power', null, 0, 0, 1, null),
	(451, 'Frugal', null, 0, 0, 1, null),
	(452, 'Sun-Crazed', null, 0, 0, 1, null),
	(453, 'Complacent', null, 0, 0, 1, null),
	(454, 'Flint-Eyed', null, 0, 0, 1, null),
	(455, 'Mind Over Matter', null, 0, 0, 1, null),
	(456, 'Strong Willed', null, 0, 0, 1, null),
	(457, 'Tired', null, 0, 0, 1, null),
	(458, 'Flagellant', null, 0, 0, 1, null),
	(459, 'Aura of Determination', null, 1, 1, 5, 'This trait allows the character and everyone within his presence to reroll one test in a great effort.'),
	(460, 'Aura of Innocence', null, 1, 1, 2, 'This character projects the appearance of being completely free of taint and guilt in any crime. No one would ever suspect him. This is a call-on for Falsehood or Inconspicuous when dodging guilt.'),
	(461, 'Booming Voice', null, 1, 1, 2, 'This character''s voice cuts through walls and overpowers other speakers. This is a call-on for Conspicuous, Oratory or Command.'),
	(462, 'Charismatic', null, 1, 1, 2, 'There is something magnetic and enigmatic about this character that draws people to him. People generally enjoy his company. This is a call-on for Persuasion or Oratory. Pick one.'),
	(463, 'Charming', null, 1, 1, 2, 'Suave and likable, this character possesses a certain je ne sais quoi that makes him affable (despite his cowardly, murderous personality). Call-on for Soothing Platitudes or Seduction. Pick one.'),
	(464, 'Contortionist', null, 1, 1, 2, 'A Contortionist can bend and twist the body into odd positions. Call-on for Speed and Agility in tight situations.'),
	(465, 'Dexterity of the Cat', null, 1, 1, 2, 'This trait can be called on when the character is trying to navigate narrow ledges, branches, rope or walkways. Call-on for Climbing or related Speed tests.'),
	(466, 'Dramatic', null, 1, 1, 2, 'Whatever happens to the character, it is very entertaining and overwrought when he tells you about it later. This trait can be called on for Acting and Theatrics.'),
	(467, 'Dreadful', null, 1, 1, 2, 'This character is so horrible to look upon, dread fills the hearts of his enemies and friends. The character can use this trait as a call-on for Intimidation and Interrogation.'),
	(468, 'Driven', null, 1, 1, 2, 'There is a distant goal which drives this character on. Something burns in his mind that will make all this suffering, hardship and pain worth it in the end. This trait is a call-on for one skill that is related to one of the goals listed in the character''s Beliefs. Choose the skill before play starts.'),
	(469, 'Familiar Face', null, 1, 2, 2, 'Of course he''s my friend, I''ve seen him around here dozens of times! Familiar Face is a call-on for Circles tests.'),
	(470, 'Fleet of Foot', null, 1, 1, 2, 'Fleet of Foot is a call-on for Speed when racing or positioning.'),
	(471, 'Fortitude', null, 1, 1, 2, 'When others would quit from exhaustion, this character will heave to and give it one more try. Call-on for Forte.'),
	(472, 'Glib', null, 1, 1, 2, 'This character is a believable storyteller. His manner and expressions are earnest and appropriate. This trait is a call-on for Soothing Platitudes, Falsehood and Seduction.'),
	(473, 'Graceful', null, 1, 1, 4, 'This character is fluid and flowing in motion. This trait may be call-on for Speed tests and for social skills requiring grace or presence. This is a special, double effect call-on.'),
	(474, 'Healthy', null, 1, 1, 2, 'No matter what the character does or how he lives his life, he still maintains the glow of fitness. Call-on for Health tests.'),
	(475, 'Inspirational', null, 1, 1, 2, 'This character innervates and motivates other people by his mere presence. Can be used as a call-on for Oratory and Command.'),
	(476, 'Iron Stomach', null, 1, 1, 2, 'This character can eat nearly anything and not get sick, even while enduring stomach—churning grossout jokes. Call-on for Forte tests against illness or poison.'),
	(477, 'Keen Taste', null, 1, 3, 5, 'This trait can be used to determine the ingredients of a substance sampled by taste. The player can combine this trait with any one of his applicable skills. Using his knowledge and this inborn talent, he can decipher the ingredients or components of a material, substance or compound.<br>Such an act requires a successful Perception test at an obstacle equal to what it would normally take to create or spot this substance. This test is open-ended.<br>Keen Taste can also be used as a call-on for Alchemy, Apothecary, Herbalism, Wine Tasting, Cooking and Baking.'),
	(478, 'Linguist', null, 1, 3, 3, 'This character is passionate about languages. They are a puzzle to solve, a mystery to unravel, a game he enjoys and is naturally good at. Reduce aptitude for learning the Foreign Languages skill by 1. Acts as a call-on for Foreign Languages skill.'),
	(479, 'Lithe', null, 1, 1, 2, 'This character has fluid grace inherent to his movements. Lithe characters tend to be thin and muscular. Call-on for Dance or any other athletic-type skill. Choose one before starting the game.'),
	(480, 'Meticulous', null, 1, 1, 2, 'The Meticulous character is neat and organized to the point of obsessiveness. All non-physical/martial arts skill tests take the maximum time required. The trait may be used as a call-on for one academic, craftsman, artisan or military skill of the player''s choosing. For Dwarven characters, the skill must relate to the character''s Greed idiom.'),
	(481, 'Nimble', null, 1, 1, 2, 'Nimble characters are capable of great acts of dexterity with their hands. Nimble may be called-on for Agility tests or one skill with Agility in its root. Choose the skill during character burning.'),
	(482, 'Perfect Pitch', null, 1, 1, 2, 'Perfect Pitch bestows the heavenly ability to identify or to reproduce any pitch heard. Obviously this can be greatly useful in music. Call—on for singing and musical instrument skills.'),
	(483, 'Perspective', null, 1, 1, 3, 'This artist possesses the incredible ability to represent three-dimensional objects and depth relationships on a two-dimensional surface. This trait acts as a call-on for any situation in which such an ability would prove useful.'),
	(484, 'Plain Faced', null, 1, 1, 2, 'The character just looks like anyone else (of his race and class) and is quite difficult to identify in a crowd. Call-on for Inconspicuous.'),
	(485, 'Poised', null, 1, 1, 3, 'Despite being caught in extremely compromising circumstances, this character remains unflustered. Poised counts as a call-on for resisting the effects of Obfuscate and Incite actions. It also counts as a call-on for Etiquette.'),
	(486, 'Poker Face', null, 1, 1, 2, 'More than just an inscrutable stone face, Poker Face is all about giving the face you need to mislead your opponent. This trait can be used as a call-on for Falsehood and Gambling/Games of Chance.'),
	(487, 'Quiet', null, 1, 1, 2, 'Quiet characters walk quietly, talk quietly, eat quietly and often startle their friends with unheralded appearances. This trait can be used as a call-on for Stealthy.'),
	(488, 'Resigned (to Death)', null, 1, 1, 2, 'This character realizes that he is going to die and has accepted that fact. This trait acts as a call-on for Steel tests in which the character rightly assumes he is going to die —when the cause is hopeless, he''s badly wounded, everyone else is dead, etc.'),
	(489, 'Scaveging', null, 1, 1, 2, 'This is a call-on for the Scavenging skill.'),
	(490, 'Sea Legs', null, 1, 1, 2, 'Call-on for Speed when aboard a ship. Also, this character doesn''t get seasick.'),
	(491, 'Sense of Direction', null, 1, 1, 2, 'Characters with this trait have a harder time getting lost because they always have a general idea which direction they came from. Sense of Direction can be called on to aid Orienteering and Navigation. This trait is not universal: a farmer has no Sense of direction at sea; a ranger has no Sense of Direction underground; a sailor doesn''t do so well in the mountains.'),
	(492, 'Show No Fear', null, 1, 1, 4, 'This is a call-on for Steel when confronted or against impossible.'),
	(493, 'Sonorous Voice', null, 1, 1, 2, 'This character''s voice sounds sweet and melodious to the ear. So delightful is the sound that it can be used as a call-on for Seduction, Persuasion and Suasion tests.'),
	(494, 'Street Smart', null, 1, 1, 4, 'This character understands the dangers and customs of city living. This trait may be used as a call-on for Streetwise, City-wise and Circles in the City Dweller Setting.'),
	(495, 'Touch of the Devil', null, 1, 3, 7, 'This is an odd but powerful trait. With the Touch of the Devil, a character''s hands become sensitive and finely tuned instruments. If, when making a Perception test, the player can describe how his character is using his hands to sense the disturbance/noise, Perception counts as Gray shade. Detecting soft foot steps on a stone floor, impressions on a piece of paper, cracks in a vial or the breeze through a keyhole, for example. If used in a versus test against Stealthy, Touch of the Devil counts as Observation. Surgery, Pottery, Carpentry, Sewing, Whitesmithing, Etching, Engraving, Carving, Lapidary and jewelcraft may root from Gray Perception. Whenever a character with this trait is wounded, he suffers an additional automatic superficial wound. These count toward the ''three superficial wounds'' limit and toward incapacitation.'),
	(496, 'Wolverine', null, 1, 3, 5, 'Characters with the Wolverine trait recover faster than others from wounds and illness. May be used as a call-on for Health for recovery from a wound or illness.<br>Wolverine can also be used to buy off a botched recovery test. If used in this way, the test is considered passed, but the trait is lost in the bargain.'),
	(497, 'Empty Faith', null, 1, 3, 2, 'Old gods. Spirits. Ancestors. Pray to them all you like; they will not answer. No matter how you scream and cry, no matter how great your need. Yet, occasionally, the faith itself is enough.<br>This trait is a call-on for Steel when faced with fear, pain, or hardship. Additionally, whenever the character fails a Steel test, he has an additional option: Kneel and Pray (functionally identical to Fall Prone And Beg For Mercy).'),
	(498, 'Affinity for Books and Scrolls', null, 2, 2, 4, 'Desc needed'),
	(499, 'Affinity for Plants', null, 2, 2, 4, 'Desc needed'),
	(500, 'Affinity for Rope', null, 2, 2, 4, 'Desc needed'),
	(501, 'Affinity for...', null, 2, 2, 4, 'An Affinity trait represents something that the character loves so much, he excels at it. Players may choose one skill for which their character has an Affinity. The trait gives the character +1D to the skill.'),
	(502, 'Alert', null, 2, 2, 2, 'Little, electric voices echo round the character''s skull. Character may Glance Assess and Aim (+1D) when Stand and Drool hesitating. Therefore, if your character hesitates for two actions in Fight, he may shit himself and get two aiming dice. In Range and Cover, Alert grants 1D to the next shot after the character finishes hesitating.'),
	(503, 'Artful Dodger', null, 2, 2, 5, 'This trait allows the character to see it coming—he knows Destiny has it in for him and knows what she looks like. In the Fight rules, he may forfeit one action for free per exchange: He does not have to lose one when he changes one. All the other normal rules and conditions for Forfeiting apply.'),
	(504, 'Atravieso', null, 2, 2, 1, 'Someone who is Atravieso is always getting his hands into everything, fiddling with every little thing he can. When in any new place, or a stressful situation, the character must pass an Ob 3 Will test to resist touching and fiddling. If he fails the test, the character goes for the most fragile/breakable/dangerous objects around—beakers in the laboratory, eggs in the hen house, detonators in the bomb shop, the queen''s dress at court, etc.—and, well, fiddles with them.'),
	(505, 'Aura of Fear', null, 2, 2, 5, 'This character emanates fear. When entering his presence, all must pass a Steel test. Once the Steel test is made, the victim character does not have to test again until the next time he encounters this fearful creature.'),
	(506, 'Aura of Holiness', null, 2, 2, 7, 'This character is bathed in a divine light. Any character with the Lawbreaker, Dreaded, Spirit Nature, or Aura of Malevolence trait must immediately take a Steel test when entering the holy character''s presence. Add the holy character''s Will exponent to the hesitation obstacle. In addition, the holy man''s Suasion dice are always considered open-ended'),
	(507, 'Aura of Malevolence', null, 2, 2, 6, 'This character is evil, and everyone knows it. Little children run away crying, dogs bark maniacally. This character, and all of his cohorts within his Presence gain +2D to Intimidate or Interrogate. If the malevolent character has other characters helping him Intimidate, each character grants an additional helping die over what they would normally give. Only one effect may be used at a time.'),
	(508, 'Aura of Matyrdom', null, 2, 2, 3, 'He will die for our sins. We all know it. We all want it (not that he would do anything to speed the process along...). In him we shall be redeemed. The player whose character possesses this trait earns persona artha for personal goals when taking steps in the game to martyr his character. The character must die for a lost cause—preferably religious. Should this glorious death transpire, the character''s remains instantly become holy relics. The first person to gather up those remains is granted all of the martyr''s remaining artha. If he had no artha left at the time of his death, the relic grants a deeds point to its new owner. Lastly, after the artha/deeds point is spent from the remains, they become a suitable matrix for Enchanting. See the Enchanting rules in the Magic Burner.'),
	(509, 'Blank Stare', null, 2, 2, 3, 'No matter the emotion, the character never shows any sign of ''getting it.'' The little light bulb never seems to come on. +1 Ob to all Persuasion and Soothing Platitudes tests made against the character.'),
	(510, 'Blind', null, 2, 2, 1, 'This character cannot see clearly. He cannot make purely visual-based Perception tests, and he is at +2 Ob to all sight-based Speed and Agility tests.'),
	(511, 'Bookworm', null, 2, 2, 2, '''You''ve got to leave this library and go out and experience the world! Stop hiding in your books and live!'' warned the old instructor.<br>''Yeah, right,'' thought the student.<br>''All the knowledge I''ll ever need is here... in these books!''<br>Characters with this trait reduce their aptitude for learning Academic skills by one.'),
	(512, 'Bottomless Stomach', null, 2, 2, 2, 'Eat and eat and eat. ''Nature''s Cruel Joke.'' Characters with the Bottomless Stomach trait are at +1 Ob to all Resources tests involving food, drink, and meals.'),
	(513, 'Child Prodigy', null, 2, 2, 2, 'This trait is only available to one or two lifepath characters. The player may add +3D to the Perception or Will exponent of the character, or may shade shift one skill. Abuse this at your peril.'),
	(514, 'Cipher', null, 2, 2, 5, 'It is not that the character is completely nondescript, but there is something about him that makes people not notice him. This trait shade shifts Inconspicuous to gray, but adds +1 Ob to all Circles tests.'),
	(515, 'Claustrophobic', null, 2, 2, 1, 'Claustrophobia is a specific phobia applying to enclosed spaces. A character affiliated with this trait will not willingly enter small spaces like prison cells, closets, tunnels, trunks, or even cramped rooms. If he should find himself in an enclosed space for a long period of time (more than a minute or two), he becomes agitated and eventually hysterical—the character must pass a Steel test. If failed, he must either Swoon or Run and Scream.'),
	(516, 'Clumsy', null, 2, 2, 1, 'This character tends to trip or drop things at the wrong moment. Use this trait to further color failed tests involving holding precious or fragile things. A Clumsy character will always drop what he is holding in a rather spectacular manner if he fails a test.'),
	(517, 'Cold Blooded', null, 2, 2, 2, 'This murderous soul has had a bellyful of killing and he won''t hesitate to do more. Reduce hesitation for death, violence, and pain by one. Do not reduce hesitation for surprise or wonderment.'),
	(518, 'Commanding Aura', null, 2, 2, 6, 'This character possesses an imperious and imposing demeanor. His merest words seem like fiat and his statements like edicts. His lesser feel compelled to obey. Add +1D to the character''s Command skill. He may also help all those in his presence with any Steel tests they are compelled to make.'),
	(519, 'Connected', null, 2, 2, 4, 'This character has connections that belie his station. You may add one of the following new settings to your Circles: City dweller, Villager, Professional Soldier, or Outcast (or equivalent from non-Mannish settings).'),
	(520, 'Cool Headed', null, 2, 2, 2, 'Cool heads keep calm in crazy situations. Reduce hesitation from surprise and fear (not pain) by one.'),
	(521, 'Cowardly', null, 2, 2, 1, 'This is not the most flattering trait. Cowardly characters will not willingly put themselves at bodily risk and tend to run from danger—or at least be conveniently absent: +1 hesitation.'),
	(522, 'Darling of the Court', null, 2, 2, 3, 'This character is beloved at court. Increase any reputation by +1D.'),
	(523, 'Deadly Precision', null, 2, 2, 5, 'Deadly Precision allows the character to choose one weapon skill that he favors. Use his skill exponent in place of his Power stat when factoring his IMS for weapons under this skill. For example:<br>A character with a B4 Power and a B6 Throwing skill does damage with throwing knives using the 6 of his Throwing skill rather than his 4 Power. In the standard rules he does: I B3, M B5, S B7 with a throwing knife. Once trained to hit with Precision, he would do: I B4, M B7, S B10. Much better!'),
	(524, 'Deaf', null, 2, 2, 4, 'This character cannot make auditory-based Perception tests, and is +2 Ob to all Perception tests in general.'),
	(525, 'Deep Sleeper', null, 2, 2, 3, 'Deep Sleepers are very difficult to rouse from sleep. Loud noises, shouts, even calling their own names won''t do it. To wake from sleep before the appointed time, this character must pass an Ob 5 Will test.'),
	(526, 'Dreamer', null, 2, 2, 3, 'This character''s dreams have a lifelike and portentous quality. The prime function of this trait is to allow the character to have visions in his dreams. These visions are always relevant to the game at hand. The player then becomes the intermediary for this information between the GM and the rest of the group.'),
	(527, 'Eagle Eye', null, 2, 2, 4, 'Eagle Eye allows the character to see great distances clearly. For the purposes of shooting skill tests, characters with Eagle Eye count extreme range as optimal in the Range and Cover rules.'),
	(528, 'Ear for Voices', null, 2, 2, 3, 'The character always remembers a voice and is able to pick out conversations over distance and noise. An Ob 3 Perception test allows the character to hear perfectly that conversation across the busy bar.'),
	(529, 'Eidetic Memory', null, 2, 2, 4, 'The character has the ability to remember nearly anything that he has read or seen. The player is allowed to consult the GM on occasion about certain important character memories. Whenever there is a question about whether or not the character remembers something, it is assumed that he does. The GM can provide the necessary information to the player.'),
	(530, 'Eldritch Sink', null, 2, 2, 8, 'Magic does not and cannot directly affect this character. This includes both beneficial and detrimental effects. This isn''t the best trait for sorcerers, as it would negate the Gifted trait.'),
	(531, 'Entropic', null, 2, 2, 5, 'Things fall apart around the character. Any mechanic that involves something breaking—armor or materials, for example—counts double in its effect. One breach counts as two, one lost armor die counts as two. Any DoF mechanic for catastrophic failure is weighted by +1 toward the worst result. And any roll that results in complete failure indicates that something broke. Oops. This trait affects everyone and everything in the character''s presence, including himself.'),
	(532, 'Extrovert', null, 2, 2, 3, 'The character may reduce his aptitude for learning social skills by one.'),
	(533, 'Eye of the Hunter', null, 2, 2, 3, 'Characters with the Eye of the Hunter count their Perception exponent as Observation for detecting Stealthy, Camouflage, or similarly concealed characters.'),
	(534, 'Family Heirloom', null, 2, 2, 5, 'A Family Heirloom is an item of great value or power that symbolizes the (once great) might of the family. A character may only take this trait if he starts with 20 or fewer resource points. The trait allows the player to take one item from any list that costs 50 rps or less.'),
	(535, 'Fearless', null, 2, 2, 3, 'This character is practically immune to fear. Reduce hesitation for pain, fear, and the shock of gore or death by three. Hesitation for wonderment or surprise is not reduced.'),
	(536, 'Fey Blood', null, 2, 2, 4, 'The blood of the elder folk runs through him. This character may choose one trait from the Elf, Dwarf, or Orc traits list. Lifepath and Common Racial traits are free, normal costs apply to Special Traits.'),
	(537, 'Frail', null, 2, 2, 4, 'Weakness saps vitality. This character is less vigorous than his companions. Perhaps due to an overactive life of the mind? Subtract one from Power or Forte. Also, the maximum for the Frail stat is reduced to exponent 5.'),
	(538, 'Geometric', null, 2, 2, 3, 'Geometry is the mother of invention. Forget what that other guy says. This trait gives +1D to any skill that utilizes mathematics or measurements.'),
	(539, 'Gloryhound', null, 2, 2, 3, 'A Gloryhound cannot restrain himself when he sees a chance for ''glory.'' He charges into the fray heedless of safety, tactics, or plans. Glory includes: maidens fair, enemy sorcerers commanding undead hordes, large monsters, enemy knights, and enemy kings. Gloryhounds may add an additional Steel reaction: For Glory! While hesitating from a failed Steel test (and choosing this reaction) the Gloryhound must Close. In Range and Cover he must use Steel. In Fight he must Close and attempt to Charge. He may not do anything else.'),
	(540, 'Greater Muse', null, 2, 2, 6, 'Under the influence of his muse, this character is a virtuoso. The player must choose an art form and one of his character''s skills that it inspires. When the art is being performed or witnessed, the dependent skill shade shifts one step lighter. A character cannot be his own muse.'),
	(541, 'Hand-Eye Coordination', null, 2, 2, 3, 'The character may round up when factoring roots for skills with the Perception/Agility root.'),
	(542, 'Hands of Iron', null, 2, 2, 4, 'The character''s fists (and feet) have been so toughened that his hands count as a Power 1 weapon (like a stone, knife, or dagger).'),
	(543, 'Iron Will', null, 2, 2, 3, 'Characters with Iron Will are resistant to Interrogation and Seduction. Any attempts at bending them are made at a double obstacle penalty. In a Duel of Wits in which the opposing skill is Interrogation or Seduction, the player may double his body of argument.'),
	(544, 'Jaded', null, 2, 2, 4, 'So many years and so much humanity has this character seen, life seems to be an endless repetition of petty struggles. ''I tire of this game...'' Reduce hesitation for surprise or shock by three.'),
	(545, 'Keen Taste', null, 2, 3, 5, 'This trait can be used to determine the ingredients of a substance sampled by taste. The player can combine this trait with any one of his applicable skills. Using his knowledge and this inborn talent, he can decipher the ingredients or components of a material, substance or compound.<br>Such an act requires a successful Perception test at an obstacle equal to what it would normally take to create or spot this substance. This test is open-ended.<br>Keen Taste can also be used as a call-on for Alchemy, Apothecary, Herbalism, Wine Tasting, Cooking and Baking.'),
	(546, 'Lame', null, 2, 2, 1, 'One of the character''s legs is deformed or permanently injured, causing the character to walk with a pronounced limp. Reduce the character''s stride by one. In addition, the character may not benefit from any skill or trait that increases the stride (like Sprinter).'),
	(547, 'Landlubber', null, 2, 2, 1, '''I think I''m gonna throw up.'' ''I can''t swim!'' Look at the landlubber, seasick and staggering around the deck. This character is +1 Ob to all Health tests and attempts at good judgment while at sea.'),
	(548, 'Lesser Muse', null, 2, 2, 5, 'The beauty of art inspires this character to wild heights. The player must choose an art form and a skill it inspires. When under the influence of his Muse, the character gains +2 open-ended dice to all ''inspired'' skill tests.<br>A character cannot be his own Muse. He cannot recite poetry to himself while he is madly hacking away at is enemies.'),
	(549, 'Light Sleeper', null, 2, 2, 2, 'Light Sleepers are easily roused from slumber. They are always allowed the benefit of a Perception test to wake up when a noise is heard or someone is creeping about their room. Make the test as if they were awake. If the character has Observation, that can be used in place of Perception. If the test is passed, the character is instantly awake and ready to go. Also, Light Sleeper adds +1 Ob to all Health tests for recovering Tax.'),
	(550, 'Linguist', null, 2, 3, 3, 'This character is passionate about languages. They are a puzzle to solve, a mystery to unravel, a game he enjoys and is naturally good at. Reduce aptitude for learning the Foreign Languages skill by 1. Acts as a call-on for Foreign Languages skill.'),
	(551, 'Long of Limb', null, 2, 2, 4, 'Abnormally long arms or legs. Long of Limb increases the character''s bare-fisted reach in positioning tests to long. If used with a weapon, increase the weapon length by one step.'),
	(552, 'Lost', null, 2, 2, 1, 'This character never knows where he is or in what direction he is going. Explicit directions are required to get him anywhere, and even that rarely works. Double obstacle penalties to all Orienteering or Navigation tests and any Perception test used to find the right direction.'),
	(553, 'Louis Wu', null, 2, 2, 2, 'When surprised or shocked by a revelation (especially when called on to make a Steel test for such instances), this character is prone to fits of laughter. He may replace ''Stand and Drool'' with ''Belly Laugh'' in his hesitation options. If this doesn''t infuriate friends and foes alike, something is wrong in the world.'),
	(554, 'Low Speech', null, 2, 2, 3, 'The knowledge of the language of animals and beasts is known to you. Choose one type of animalia: birds, horses and beasts of burden, beasts of the wild, reptiles and scaly beasts, fish, or insects. This trait may be taken multiple times. Additional Low Speech categories cost +1 trait point.'),
	(555, 'Loyal', null, 2, 2, 3, 'There is an old saying: ''Death is lighter than a feather, but duty is heavier than a mountain.'' This character lives by these words. The player may add an additional Belief centered around his Loyalty to another character. Should this trait ever be voted off, the character loses the Belief as well; should the Belief be changed, the trait is lost.'),
	(556, 'Manhunter', null, 2, 2, 3, 'This trait grants the ability to detect strong emotions in others, namely fear, nerves, elation, and arousal. The character''s Perception acts as the Aura Reading skill (but only for the non-spell detection uses).'),
	(557, 'Massive Stature', null, 2, 2, 4, 'This character is the size of a Troll. Due to his imposing bulk, his weapon length categories are increased by one step. If wielding a ''longest'' weapon, he may count his weapon longer than longest!'),
	(558, 'Mind over Matter', null, 2, 2, 3, 'With this trait, a player may add one point from his physical pool to his mental pool. This trait has no effect after character burning.'),
	(559, 'Misplaced Aura', null, 2, 2, 3, 'Character has the aura of another type of person or creature. The player and the GM must design this aura—complete with character stock, Beliefs, Instincts, and Traits—before play begins. Any Aura Reading tests made against this character see the Misplaced Aura instead of the real one. However, the Aura Reader can see the Misplaced Aura trait if he gets at least four successes on his test.'),
	(560, 'Missing Eye', null, 2, 2, 3, 'This trait increases most sight-based Perception obstacles by +1 to +2 Ob depending on the situation.'),
	(561, 'Missing Hand', null, 2, 2, 1, '-1D Agility. Choose one hand.'),
	(562, 'Missing Limb', null, 2, 2, 1, 'Missing limbs have a serious effect on how the character is played. A missing arm sets the Agility cap at 5, and obviously prevents the character from performing any action with two hands. A missing leg sets the Speed cap at 4 and reduces the stride by two.'),
	(563, 'Nose of the Bloodhound', null, 2, 2, 4, 'A character with the Nose of the Bloodhound trait can tell a person''s or animal''s identity via scent and an Ob 1 Perception test. Nose of the Bloodhound also counts as a call-on for Tracking.'),
	(564, 'Obscure Aura', null, 2, 2, 3, 'Tests to read this character''s Aura are made at a double obstacle penalty. This penalty does not apply to detecting spells cast by or on the character.'),
	(565, 'Palsy', null, 2, 2, 2, 'The shakes. Manifestations of this can be minor or only arise under certain conditions. But whenever it does arise, the character has serious difficulty performing delicate work with the hands. +1 Ob to any delicate work on Agility- or Perception/Agility-rooted skills.'),
	(566, 'Paranoid Ear', null, 2, 2, 3, 'A character with Paranoid Ear uses his Perception exponent as Observation for detecting Stealthy (or Chameleoned) characters.'),
	(567, 'Penetrating Gaze', null, 2, 2, 4, 'Penetrating Gaze reduces obstacle penalties for visibility and darkness by two.'),
	(568, 'Phobia', null, 2, 2, 3, 'Choose any one of the numerous phobias floating around out in the world. If faced with the object of his phobia, a character must make a Steel Test at +2 Ob hesitation.'),
	(569, 'Pickled', null, 2, 2, 3, 'This character may ignore all starting Health penalties for having an unhealthy lifestyle and whatnot. The character must pursue the unhealthy lifestyle in game.'),
	(570, 'Power Behind the Throne', null, 2, 2, 5, 'A character with this trait has extended his tendrils of power from his traditional Circles into a new setting. You may add one of the following settings to your Circles—Religious, Noble Court, or Noble (or equivalent).'),
	(571, 'Practiced Precision', null, 2, 2, 2, 'The match appeared in his hand, and in a tiny blur of motion, his pipe was lit. This character has a trademark act that he has repeated so frequently that it has become a single action—like lighting a pipe with a match. Normally this would cost at least three ''actions'' in game, but the Practiced Precision trait reduces that cost to one action. Players must decide what ''trademark act'' their characters will practice before the character enters into the game.<br>Combat-related actions may be Practiced Precision trademarks. They are only reduced by one action, rather than reduced to one action.'),
	(572, 'Quick Study', null, 2, 2, 3, 'A character with this trait reduces his Perception aptitude by one.'),
	(573, 'Quick-Witted', null, 2, 2, 4, 'Quick-Witted reduces hesitation by one action and grants the character +1D to any Rebuttal action in the Duel of Wits.'),
	(574, 'Quickened Pulse', null, 2, 2, 3, 'There was a moment of electric hesitation between them; their eyes flashed and fenced. But when the assassin lunged it was too late. The thin man was already at his throat. This trait allows the character to round up when factoring Reflexes.'),
	(575, 'Quiescent', null, 2, 2, 2, 'Buying this trait allows the player to neutralize and remove one required lifepath trait.'),
	(576, 'Rainman', null, 2, 2, 2, 'If the character can see it, he can count it. The tallying happens instantaneously and is utterly involuntary. This inevitably leads to the character constantly muttering numbers and figures and driving his companions crazy.'),
	(577, 'Robust', null, 2, 2, 3, 'The player may add one point from his mental pool to his physical pool in character burning. Thereafter Robust acts as a character trait.'),
	(578, 'Rower', null, 2, 2, 2, '+1D to Power to motivate an oar-driven seagoing vessel.'),
	(579, 'Scheming', null, 2, 2, 2, 'Scheming characters are always plotting and planning. It doesn''t even have to be for their benefit or gain—sometimes they just plot and plan to see their cleverness at work. Combined with Murderous or Ambitious, this can be a very problematic trait. Scheming also allows the player to add +1D to his body of argument in a Duel of Wits.'),
	(580, 'Second Sight', null, 2, 2, 4, 'With Second Sight, the character can peer vaguely into the shifting shadows of the spirit world. It is a powerful, multifaceted ability. Through an act of concentration, he can push through the veil of reality to see the other side. This costs one action in Fight! but otherwise can be done at will. The Second Sight grants the ability to discern if something is magical or not. Test Perception:<br> High power magic (major miracles, Mjӧlnir, the Burning Wheel, Ob 10 spells, Strength 10 spirits, etc.), Ob 1<br> Moderately-powered magic (minor miracles, Ob 5 spells, a risen corpse, the Belt of Flying, Dragon Slaying Sword, Spirit Weapons, Strength 5 spirits), Ob 5<br> Low power magic (Red Spectacles, Bless/Curse, Ob 2 spells, Strength 2 spirits, etc.), Ob 8.<br>If successful, the character knows the item, person, or effect is magical. He doesn''t know exactly what the magic does. Second Sight is one of the abilities that allows a character to use the Aura Reading skill in this book for obstacles. Second Sight allows the mage to FoRK Aura Reading into Sorcery or Summoning (so long as he is using his sight). Second Sight turns Perception into Observation for detecting Stealthy or Inconspicuous characters. Any physical actions taken (running, jumping, fighting, etc.) while using Second Sight suffer a +1 Ob penalty.'),
	(581, 'Sickly', null, 2, 2, 2, 'This character is prone to illness. Permanently subtract -1D of Health. Cap Health at B5.'),
	(582, 'Sight of the Bat', null, 2, 2, 6, 'This is a scary supernatural trait. It negates all penalties for darkness or dim light.'),
	(583, 'Sixth Sense', null, 2, 2, 3, 'This character gets a twinge in his brain (or eye, or heart, or stomach) when a life-threatening event or phenomenon is near. This trait counts as a very special Instinct: Always get a twinge in the head from impending danger. It''s broad and breaks all the rules for Instincts, but that''s why it''s a trait.<br>At any point where the player is about to send his character into a life-threatening situation, the GM is obliged to warn him, ''You''ve got a bad feeling about this.'' The precise nature of the danger is not revealed. Also, it is the player''s responsibility to remind the GM that he has Sixth Sense. If ever there is a dispute surrounding its use, apply the guidelines for using Instincts to the trait.'),
	(584, 'Slippery', null, 2, 2, 3, 'This character is hard to get a hold of—he wriggles and squirms his way out of nearly any grip. This character may use his Speed or Agility rather than Power to escape from and avoid Locks.'),
	(585, 'Slow', null, 2, 2, 2, 'Slow to react and slow on the uptake, he''s not the sharpest knife in the drawer. +1 Ob to all Perception tests and increase base hesitation by one.'),
	(586, 'Spartacus', null, 2, 2, 3, 'This character is a hero among the slaves, outcasts, and soldiery. You may add one of the following settings to your Circles: Servitude, Outcast, or Professional Soldier.'),
	(587, 'Sprinter', null, 2, 2, 4, 'This trait increases the stride of the character by one. For Orcs and Men, that''d be from 7 to 8. This can grant a substantial bonus to positioning tests, as the character will very likely have the highest stride and gain a bonus die for it.'),
	(588, 'Stoic', null, 2, 2, 3, 'The Stoic character simply does not flinch in the face of danger. Reduce overall hesitation by one.'),
	(589, 'Stubborn', null, 2, 2, 3, 'This trait adds +2D to the character''s body of argument in a Duel of Wits that contravenes one of his Beliefs.'),
	(590, 'Stupid', null, 2, 2, 3, '+1 Ob to all social skills and spells affecting and used by this character.'),
	(591, 'Tainted Legacy', null, 2, 2, 5, 'This character''s ancestors have mated with something unholy and have tainted the bloodline forever: a curse that will never be lifted, a twisted yoke to bear. The player may choose one trait from a dæmon, vampyr, satyr, red cap, raksha, ophidian, koscista-noga, giant, or dragon (which are found in the Monster Burner). Tainted Legacy also incurs an Inconspicuous penalty. The character always counts as having the ''different race'' penalty (+2 Ob)—his taint has certain odd outward signs.'),
	(592, 'Tenacious', null, 2, 2, 4, 'A Tenacious character has a one-track mind. Once he is fixed on something he keeps after it. If a Tenacious character''s body of argument in a Duel of Wits is reduced to zero or below, this trait puts it back up to one die. This allows the character to play out the next volley (or more if the die isn''t lost). Once that one die is reduced, however, the argument is over.'),
	(593, 'The Killer', null, 2, 2, 5, 'This character is always aware of what is going on around him- always looking one way while acting on something else. In Fight, The Killer trait reduces all shooting and throwing actions by one action. In Range and Cover, The Killer grants a +1D advantage to maneuver tests.'),
	(594, 'Thick Skin', null, 2, 2, 1, 'The character is unaffected by insults, nettling, and nagging. Incite actions in the Duel of Wits are +2 Ob against this character.'),
	(595, 'Thousand-Yard Stare', null, 2, 2, 2, 'This character has seen so much death, shock, inhumanity, and horror that nothing phases him anymore. This trait reduces hesitation by three against pain, violence, and intimidation but increases hesitation by two against surprise and Wonderment-type spell effects. This character may not Run and Scream. Characters with this trait tend to be quiet, remote, and cold. They also never seem to look into your eyes. Rather, their gaze is always fixed a thousand yards behind you.'),
	(596, 'Tongueless', null, 2, 2, 2, 'This character''s tongue has been cut out, either as an act of criminal malice, as cruel punishment, or as religious service. The character may not properly speak. This is a pretty big handicap in a game where all communication is done via speech.'),
	(597, 'Touch of Ages', null, 2, 2, 7, 'This trait allows the character to ''read'' objects through her touch. A successful Perception test will give impressions present in the object: strong emotion, arcana, and even age.<br> Type/name of object, Ob 1<br> Age of object, Ob 2<br> Length of time the object has been in its current location, Ob 3<br> Recent events surrounding the object that left physical evidence, Ob 4<br> Recent events that left no physical mark, Ob 5<br> Past events that left their mark, Ob 6<br> Past events that left no mark, Ob 7'),
	(598, 'Touch of the Devil', null, 2, 3, 7, 'This is an odd but powerful trait. With the Touch of the Devil, a character''s hands become sensitive and finely tuned instruments. If, when making a Perception test, the player can describe how his character is using his hands to sense the disturbance/noise, Perception counts as Gray shade. Detecting soft foot steps on a stone floor, impressions on a piece of paper, cracks in a vial or the breeze through a keyhole, for example. If used in a versus test against Stealthy, Touch of the Devil counts as Observation. Surgery, Pottery, Carpentry, Sewing, Whitesmithing, Etching, Engraving, Carving, Lapidary and jewelcraft may root from Gray Perception. Whenever a character with this trait is wounded, he suffers an additional automatic superficial wound. These count toward the ''three superficial wounds'' limit and toward incapacitation.'),
	(599, 'Tough as Nails', null, 2, 2, 6, 'Pain and suffering are a picnic. This character is not required to make Steel tests for pain, exhaustion, or deprivation. He just clambers to his feet and keeps going. If kicked back to the ground, he crawls.'),
	(600, 'Tough', null, 2, 2, 2, 'A tough character may round up when determining his mortal wound.'),
	(601, 'Unctuous', null, 2, 2, 3, 'The personality of this character is so caustic that he is distasteful and difficult to be around. +2 Ob to the character''s Persuasion, Seduction, Haggling, and Oratory tests. It does not affect Command or even Intimidation.'),
	(602, 'Unlucky', null, 2, 2, 1, 'The Unlucky character has a hard life. Whenever the player makes an arbitrary decision about something in game, it''s always wrong. If, for example, the character comes to a fork in the road, and the player just shrugs, ''I dunno. I go left.'' It''s the wrong direction—doesn''t matter what the ''truth'' is, that''s his luck. Unlucky may be bought off in game. If the player utterly succeeds at a test at a crucial moment—all successes, glowing results, victory, etc.—the player may opt to turn the success into a dismal, catastrophic, and hopefully hilarious failure. Doing so immediately earns the player a fate point and persona point. Unlucky is then removed from his trait list.'),
	(603, 'Weak-Willed', null, 2, 2, 2, 'This character is pliable like tapioca. In a Duel of Wits, this character can only ever use the Not a Big Deal rules for his body of argument.'),
	(604, 'Weather Sense', null, 2, 2, 2, '''My joints ache; storm''s coming.'' With a twinge in the knee, a stiffening of the joints, back pain, or headaches, Weather Sense clues a character into impending weather. Unless the GM plays with strict house weather rules—I don''t—the Weather Sense in essence gives the player the ability to dictate the weather. Why else would a player pick this trait unless he were concerned about having the right weather for something or other? Anyway, I say let him predict it based on the Perception obstacles below—and let his predictions come true.<br> Useless, vague predictions (''Rain soon''), Ob 1<br> Accurate weather, Ob 2<br> Approximate location, Ob 3<br> Approximate time, Ob 4<br> Accurate location, Ob 4<br> Accurate time, Ob 5<br>Each obstacle tier includes all the other effects under it.'),
	(605, 'Wolf''s Snout', null, 2, 2, 5, 'The character''s sense of smell and space are so intertwined that he gets +1D to Perception. This trait also lets the player use his Perception as an Observation skill (without the bonus die).'),
	(606, 'Wolverine', null, 2, 3, 5, 'Characters with the Wolverine trait recover faster than others from wounds and illness. May be used as a call-on for Health for recovery from a wound or illness.<br>Wolverine can also be used to buy off a botched recovery test. If used in this way, the test is considered passed, but the trait is lost in the bargain.'),
	(607, 'Favored', null, 2, 2, 4, 'Whether or not this character bears the rank and privileges of a templar, he has been granted special favor by his Sorcerer-King, and may draw upon the king''s vast power to perform "miracles". See the King''s Favor rules above.'),
	(608, 'Affinity for Bugs', null, 2, 2, 4, 'Desc needed'),
	(609, 'Darkest Power', null, 2, 2, 8, 'With this technique, sorcerer may use other life forms other than plants as a fuel for their sorceries.'),
	(610, 'Acquisitive', null, 3, 0, 1, null),
	(611, 'Addled', null, 3, 0, 1, null),
	(612, 'Alarmist', null, 3, 2, 2, 'Deputies aren''t necessarily cowards, but they know the best way to deal with trouble is to bring in reinforcements -fast! ''Shout when surprised or hesitating'' must be added as an additional fourth Instinct.'),
	(613, 'Amoeboid', null, 3, 2, 5, 'Your body has been transformed into a roiling mass of translucent cryoplasm. You no longer gave limbs or a mouth. Instead you propel yourself and feed with pseudopods projected from your body. To feed, you surround something with your pseudopods and then liquefy it with fluid-filled vesicles in the walls of your membrane. Your stride is 1.'),
	(614, 'Amulet Bound', null, 3, 2, 8, 'This creature''s spirit resides trapped in an amulet. If its body is destroyed its spirit returns safely to the amulet.<br>The amulet-bound can inhabit a new body if one is provided. Transferring the spirit requires a Minor Miracle or a body separated from it''s soul through the Living Death ritual. Obviously, this may require the assistance of your factotum.<br>If the amulet is worn while inhabited by the spirit, the spirit may comunicate with the bearer.<br>If the amulet destroyed while the spirit is inhabiting it, the spirit is also destroyed -unless the amulet-bound possesses the Spirit Nature trait. In that case, the spirit is released from the amulet and becomes a spooky ghost.'),
	(615, 'Ancient Terror', null, 3, 2, 6, 'Ancient fear rolls of this wolf in waves. Add +2D to Intimidation tests.'),
	(616, 'Bellowing', null, 3, 1, 4, 'The sound of this Troll''s voice is unimaginably loud. Use as a call-on for Intimidation and Command.'),
	(617, 'Berzerker', null, 3, 2, 3, 'When this Troll fails a Steel test or suffers a wound (that he can feel -Numb and Dead to Pain work against this trait), the monster immediately and automatically shifts into aggressive stance. There is no hesitation. While enraged he will (and must) attack any living (or seemingly living) thing around him -starting with that which just hurt/enraged him. He then moves on to the next closest target, friend or foe. The Troll remains in aggressive stance even if he sprints. The rage lasts for exchanges equal to 10 minues the character''s Will exponent.<br>If the monster is already in aggressive stance when the above condition are met, he spends two actions roaring and bellowing (which counts as an Intimidation test against his opponents).'),
	(618, 'Blood Lust', null, 3, 2, 3, 'This creature cannot refrain from feeding when it hungers. It simly must have blood. Blood Lust is transferred to its victims, who will crave blood -in the form of meat- while they live. So powerful is this lust that, when they die, they rise from the grave and walk the earth a revenants in search of blood.'),
	(619, 'Blood Thirsty', null, 3, 1, 2, 'A Carnivore''s blood runs hot, and he is quick to anger. He relies on confrontation to deal with most problems. Call-on for Intimidation. He must enter combat in aggressive stance.'),
	(620, 'Boor', null, 3, 0, 1, 'Bull Trolls have forceful personalities, perhaps verging on the barest of leadership qualities, but mitigated by ill moods, bad jokes and a predilection for overbearing violence.'),
	(621, 'Brass Skin', null, 3, 2, 9, 'Brass skin is equivalent to plated mail armor covering whole body.'),
	(622, 'Bull-Legged', null, 3, 2, 4, 'In place of his clawed feet, this Troll possesses a pair of bony hooves that give him a kicking weapon (Pow 1, VA 1, WS 1). The Troll also walks with a distinctive gait and makes quite a racket when treading on hard surfaces. Any Speed or Stealthy tests made while on stone, ice or really hard, smooth wood are at a +1 Ob. (May not be combined with Webbed Fingers and Toes.)'),
	(623, 'Cautious', null, 3, 0, 1, 'Pinkies are a bit ''off'' in their thinking and tend to be socially awkward. People who speak to one often come away dazed by a bombardment of trivia, non sequiturs and bad jokes. During a Duel of Wits, this trait grants the character +3D to Incite. The only hesitation option is to ''Stand and Blink''. All attempts to Intimidate or Command character with Confusing Rant are at +2 Ob. Also Ranters are at +2 Ob to all Oratory and Rhetoric tests.'),
	(624, 'Celestial Sight', null, 3, 2, 8, 'These with Celestial Sight do not see as mortals do. No visible light affects their eyes. Instead, their vision is confined to the realm of auras. They see the pure auric emanations given off by life, arcana and ephemera.<br>Celestial Sight is an improved version of Second Sight or the spell Magesense. These abilities show a cloudy, distorted window to the other side, whereas Celestial Sight sees clearly and without impediment.<br>With this trait, one can see the auras of spellcraft. The obstacle to detect a spell cast is 6 minus the spell obstacle. If the Ob is zero, the spell is seen outright. Celestial Sight grants the ability to use the Aura Reading skill. Lastly, Celestial Sight counts as Observation and suffers no obstacles for darkness. Weather can affect Celestial Sight, though.'),
	(625, 'Changeling Coat', null, 3, 2, 3, 'This wolf was born to be a trickster. His coat shifts patterns and colors at will. Add +1D to Stealthy and Inconspicuous tests.<br><b>Restrictions:</b> Characters with fur'),
	(626, 'Cilia', null, 3, 3, 5, 'You are covered in a mas of flowing, waving, hair like appendages. These cilia keep you free of debris, move food from one part of your body to your mouth and even aid in swimming. Cilia are used as a call-on for speed tests when swimming. They are also disgusting and disturbing to anyone without them and cause the owner to always suffer penalties to Inconspicuous and +1 Ob to other social skill tests (except Intimidation and Ugly Truth).'),
	(627, 'Club Tail', null, 3, 2, 2, 'This tail is thicker and stiffer than most. It can be a surprising weapon during a melee. Pow 2, Add 2, Va -, Ws 2, Long. May not be combined with Whip Tail.<br><b>Restrictions:</b> Characters with tail'),
	(628, 'Clumsy Walker', null, 3, 0, 1, null),
	(629, 'Coat of Darkness', null, 3, 2, 5, 'Some of those Below have adapted almost supernaturally to the dark. When attempting to move unseen in areas of darkness and shadow, this fur adds +2D to the roll. May not be combined with Fur of the Fields.<br><b>Restrictions:</b> Characters with fur'),
	(630, 'Cocky', null, 3, 0, 1, null),
	(631, 'Compassionate', null, 3, 0, 1, null),
	(632, 'Confusing Rant', null, 3, 2, 9, 'Pinkies are a bit ''off'' in their thinking and tend to be socially awkward. People who speak to one often come away dazed by a bombardment of trivia, non sequiturs and bad jokes. During a Duel of Wits, this trait grants the character +3D to Incite. The only hesitation option is to ''Stand and Blink''. All attempts to Intimidate or Command character with Confusing Rant are at +2 Ob. Also Ranters are at +2 Ob to all Oratory and Rhetoric tests.'),
	(633, 'Corpse Bound', null, 3, 2, 8, 'This creature is a restless ghost who stalks the lands of the living. It is anchored to this world by its former body. Use the creature''s stats as they were in life.<br>The spirit can be banished, driven off or even wounded but cannot be completely destroyed until its corpse is. If forced to take refuge in its corpse, the spirit will re-emerge in days equal to 10 minus Will exponent.<br>Destroying the corpse requires either a Minor Miracle or a remedy discovered through Folklore. If the corpse is destroıyed the spirit is also destroyed.'),
	(634, 'Crystalline Spines', null, 3, 2, 3, 'A growth of crystalline spines sprouts from the back and shoulders of this Troll. The spines are sharp to the touch and break off and lodge themselves in the flesh of the unwary, causing great discomfort. Any creature that grapples or otherwise comes into contact with the Troll''s spines suffers +1 Ob to all tests until the spines are removed. This takes effect if the Troll grapples you, too. The penalty, is cumulative for each contact.<br>Spines can be plucked out in about a half hour. If the Surgery or Field Dressing skill is used, they can be treated in the time it takes to tend a Superficial wound.<br>If the troll is forced onto his back -if he falls or is pushed- it is possible that the spines are crushed and flattened. Roll the die of fate. On a 1 the spines are crushed and unusable. It takes about a month for the crystals to regrow. (They always regrow)'),
	(635, 'Dead to Pain', null, 3, 2, 6, 'Ignore the effects of superficial and Light Wounds. Reduce Midi, Swere and Traumatic wound penalties by -1D. Increase all touch- and empathy-based obstacles by +2.'),
	(636, 'Death Addicted', null, 3, 2, 3, 'This character is addicted to a substance. If presented with the substance, the character will automatically consume it unless he or she passes a Steel test. If denied the substance for more than a few hours, the character suffers a +1 Ob penalty until recquinted with the source of his or her addiction. If denied for longer period of time, take a -1D blanket penalty to all stats and skills.'),
	(637, 'Defensive', null, 3, 0, 1, null),
	(638, 'Devourer', null, 3, 2, 3, 'This Troll eats anything -soil, stone, wood, metal and flesh. He is indiscriminate in his choices and in fact cannot help himself from sampling his surroundings. Add +1 VA to bite attacks.'),
	(639, 'Dissent Parasite', null, 3, 2, 5, 'This trait allows its owner to earn one persona point for every conflict that he instigated between ostensible allies.'),
	(640, 'Dumb', null, 3, 0, 1, null),
	(641, 'Earth Blood', null, 3, 2, 3, 'No matter how badly wounded, this Troll will always heal. Cuts will close, bones will knit and even lost limbs will regrow. This Troll can never fail a Health test for Recovery (though he can roll poorly, in which maximum healing time is required for the wound to close). The only waty to destroy this beast is to put him to the fire.'),
	(642, 'Enemy of the Sun', null, 3, 2, 4, 'The greatest, most fearsome of Trolls have been bred to resist the burning rays of the sun. They may travel by day and not be turned to stone as with the Night Blooded trait. Enemies of the Sun do not suffer penalties for dim or twilit light, but they can no longer see in complete darkness (+4 Ob in pitch dark). This trait replaces the Night Blooded trait.'),
	(643, 'Enlarged Venom Sacs', null, 3, 2, 2, 'This creature carries three doses of poison in its venom sacs. The poison refills at the rate of one dose per two days.'),
	(644, 'Extra-Long Fur', null, 3, 0, 1, null),
	(645, 'Fast Reflexes', null, 3, 2, 6, 'Increase Reflexes by one over the normal factoring from stats.'),
	(646, 'Fearsome Beast', null, 3, 1, 2, 'There is an odd and unsettling air about this wolf -something very old and frightening. Use this trait as a call-on for Intimidation.'),
	(647, 'Force of Nature', null, 3, 2, 7, 'This entity is tied into the very facric of time and tide. His will is a force of nature. If this entity should ever lose a Duel of Wits against a being of equal or lesser stature, he recieves a minor compromise in addition to the compromise determined by the state of his opponent''s body of argument.'),
	(648, 'Formidable Bark', null, 3, 1, 2, 'The voice of this wolf is strong and clear. It easily pierces the dense woods and cuts through dampening fog. Use this trait as a call-on for Howling and COmmand'),
	(649, 'Fragrant', null, 3, 0, 1, null),
	(650, 'Frost Coat', null, 3, 1, 2, 'The pelt of this wolf is glittering ice. Use this trait as a call-on for Stealthy when stalking the tundra and arctic wastes.<br><b>Restrictions:</b> Characters with fur'),
	(651, 'Fur', null, 3, 0, 1, 'A fine, soft fur coat covers the skin.'),
	(652, 'Furtive', null, 3, 0, 1, null),
	(653, 'Genius', null, 3, 1, 3, 'Your every idea is unique and brilliant -every plan sure-fire and flawless. It is only a matter of time before such brilliance is properly recognized and rewarded. Genius is a call-on for one non-martial or athletic skill of the player''s choosing.'),
	(654, 'Ghost Coat', null, 3, 1, 4, 'This wolf''s coat shifts subtly from dark to light, from mottled to plain, depending on what land he stalks and haunts. Use this for a call-on for Stealthy in any terrain.<br><b>Restrictions:</b> Characters with fur'),
	(655, 'Good Listener', null, 3, 1, 5, 'This character seems to pay attention to and understand what people say. This encourages others to continue speaking and open up to him. This trait may be used as a call-on for Haggling, Persuasion and Seduction.'),
	(656, 'Gopher', null, 3, 0, 1, null),
	(657, 'Grotesque', null, 3, 1, 4, 'Call-on for Intimidation and Conspicuous when displaying your deformity.'),
	(658, 'Hammer Hands', null, 3, 2, 2, 'With hands like great mattocks, this Troll is best suited  to brawling and pummeling. Add +1D to the Troll''s Brawling skill for the purposes of the bare-fisted Block, Strike, Beat and Push actions. The Troll suffers +1 Ob to any other skill that requires manual dexterity (including Throwing and weapon skills).'),
	(659, 'Hand-Shaker', null, 3, 1, 4, 'The tools of the politician''s trade. May be use tas a call-on for Oratory or Persuasion when he''s shaking hands.'),
	(660, 'Heartless', null, 3, 2, 6, 'Reduces hesitation by three for pain, murder, fear or violence.'),
	(661, 'Hermaphrodite', null, 3, 0, 1, null),
	(662, 'Hideous!', null, 3, 2, 2, 'Add +1 hesitation to all Steel checks caused by this creature.'),
	(663, 'Higher Power', null, 3, 2, 9, 'This deity governs over spheres of nature, society and humanity. He is potent and revered. If this entity should ever lose a Duel of Wits against a being of equal or lesser stature, he recieves a compromise in addition to the compromise determined by the state of his opponent''s body of argument.<br><b>Restrictions:</b> Deity only.'),
	(664, 'Hoarder', null, 3, 0, 1, null),
	(665, 'Horns', null, 3, 2, 5, 'Great stony horns protrude from the Troll''s skull. In addition to being terribly intimidating, they also serve a somewhat practical purpose. When Troll charges another creature of relatively similar size, he may choose to add +1D to his Charge Power or to do damage on the charge as if he had been Simultaneously Striking. Damage is Pow 2, VA 2, WS 1. The first two successes of the Charge attack count as a superficial wound to the victim. Four successes over equals a Mark hit. Six over is a Superb hit.'),
	(666, 'Horrific Aura', null, 3, 2, 8, 'Horrific Aura causes all those within the creature''s presence to take a Steel test with an obstacle penalty equal to the creature''s Will.'),
	(667, 'Humble', null, 3, 2, 2, 'All are equal before Aecer, and the wise continually remind themselves of this fact. 1D reputation among the faithful as exceptionally humble.'),
	(668, 'Hungry Dead', null, 3, 0, 1, null),
	(669, 'I Am God', null, 3, 2, 12, 'Chief Deities rule over gods, men and all the creatures of their many spheres. Powerful beyond understanding, they are not to be trifled with. If this entity should ever lose a Duel of Wits against a being of equal or lesser stature, he recieves a major compromise in addition to the compromise determined by the state of his opponent''s body of argument.<br><b>Restrictions:</b> Deity only.'),
	(670, 'Impersonal', null, 3, 0, 1, null),
	(671, 'Independent', null, 3, 0, 1, null),
	(672, 'Industrious', null, 3, 0, 1, null),
	(673, 'Insidious Cruelty', null, 3, 0, 1, null),
	(674, 'Iron Hide', null, 3, 2, 6, 'This skin is as tough as iron and scaled like a shark. All incoming damage is reduced by -1 pip on the PTGS: B8 damage would be reduced to B7, etc.'),
	(675, 'Lawbreaker', null, 3, 2, 8, 'There are strict celestial laws that govern the presence of otherworldly creatures in the mortal realm. When a Spirit-Natured creature crosses over, he is bending those very laws -warping the natural order of things. Thus the creatures are accompanied by all manner of bizarre phenomena as the mortal fabric reacts to their presence: Birds sing backward, windows crach in strange patterns, clocks cease to tick, water fails to boil, strange s mells rise from nowhere, noises and knocks are heard in the dark and so on.<br>The effects of Lawbreaker extend to the limits of the Presence for black shade Will and 10x Presence for gray shade Will.'),
	(676, 'Light Touch', null, 3, 1, 2, 'The key to a successful ''lift'' is in the fingers. May be used as a call-on for Sleight of Hands.'),
	(677, 'Luminescent', null, 3, 2, 2, 'This creature glows with an eerie, otherworldly light. It gives off illumination equivalent to a candle.'),
	(678, 'Malformed', null, 3, 0, 1, null),
	(679, 'Mangy Coat', null, 3, 0, 1, null),
	(680, 'Meek', null, 3, 0, 1, null),
	(681, 'Mesmerizing Gaze', null, 3, 2, 6, 'Merely glancing at this creature triggers a Steel test. Fools who lock eyes with the creature must make a versus Will test. If the creature wins, the victim either becomes struck dumb until the gaze turns away or performs one action at the behest of its mesmerizer.'),
	(682, 'Misshapen', null, 3, 0, 1, null),
	(683, 'Most Holy', null, 3, 2, 5, 'This character is the living embodiment of the power divine. He gains +3s to his body of argument in a Duel of Wits involving matters spiritual. However, he has no temporal power. Any other character arguing with him about earthly matters, philosophy, relationships or money benefits from the Enmity Clause: +4s to his body of argument against Most Holy.'),
	(684, 'Naked', null, 3, 0, 1, 'Roden with this trait have no fur, and their pink skin is laid bare, though whiskers still poke out from their muzzles. Sunburn is common and clothing is required.'),
	(685, 'Named', null, 3, 2, 5, 'This creature possesses and knows its true name. WHen its name is spoken, it knows who the speaker is and where he is.<br>Knowledge of a true name grants the summoner +3D to summon that specific spirit and +3D Bargaining tests or to the body of argument roll for any Duels of Wits conducted against the creature.'),
	(686, 'Nauseous', null, 3, 0, 1, null),
	(687, 'Necrophagic', null, 3, 0, 1, null),
	(688, 'Necrophobic', null, 3, 0, 1, 'Can''t control the paranoia. Scared to die.'),
	(689, 'Oafishly Charming', null, 3, 0, 1, null),
	(690, 'Obedient', null, 3, 0, 1, 'Wolves who are chosen to become Dark Friends tend to be particularly obedient. While their masters can be extremely generous -feeding their wolves much fresh meat- they are also extremely violent and punishing. Rarely do they hesitate to kill a disobedient wolf. Lastly, a Dark Friend has an intuitive understanding of the powers the Blood Summoners wierd -he knows the might of success and the calamity of failure. It is far better to aid the former and prevent the latter.'),
	(691, 'Opportunist', null, 3, 0, 1, null),
	(692, 'Pack Rat', null, 3, 0, 1, null),
	(693, 'Piercing Gaze', null, 3, 3, 5, 'The eyes of a Ghost of the Deeping Wood burnin like glittering coals. This trait is a call-on for Intimidation. Also, characters attempting to decieve the wolf (using Falsehood, Persuasion or Soothing Platitudes) suffer a +1 Ob penalty. Burning flames flash implacably behind his eyes and hint at the terrible fate of liars.'),
	(694, 'Poltergeist', null, 3, 2, 3, 'This creature is ethereal and may only affect the physical world through an act of Will. If the creature wishes to touch, push, pull, slap, etc., test Will against the obstacle rather than Power or Agility. If a test is failed, Will is reduced by the margin of failure. The creature''s physical skills may also be channeled through its Will. Test for the skill as normal. After the test, test the creature''s Will against the obstacle. Will is reduced by margin of failure. If Will is reduced to zero, the creature dissipates and may not reform or be summoned for months equal to its Will exponent.<br><b>Restrictions:</b> Spooky ghosts only.'),
	(695, 'Portly', null, 3, 0, 1, null),
	(696, 'Practiced Smile', null, 3, 0, 1, null),
	(697, 'Preternaturally Calm', null, 3, 2, 3, 'Ghosts of the Deeping Wood possess a calmness that rivals the kmost serene glade on a starry summer night. Reduce hesitation by two.'),
	(698, 'Pyromaniac', null, 3, 0, 1, null),
	(699, 'Radula', null, 3, 2, 3, 'The radula is a primitive hybrid of the teeth and tongue. It is a muscular, barbed, toothy tongue that is used to grind up food for ingestion. It can be used as a weapon only on Locked opponents: Pow 1, Add 2, VA 1, WS 1, Shortest.'),
	(700, 'Rat Speak', null, 3, 2, 3, 'This character can talk to and understand rats and mice.'),
	(701, 'Reanimated Corpse', null, 3, 2, 0, 'This trait grants the reanimated corpse the Wi B9, Pe 1, Ag B3, Sp B3, Po B5, Fo B5 stat line and eliminates th Health, Resources and Circles attributes. These creatures may not recover from injury. However, neither do they bleed to death or suffer from any type of disease or poison. Also, these creatures may advance extant skills, but they may not learn new skills in play.<br>The Reanimated Corpse trait also gives the creature the mindless ability to act in a mob. Up to five walking corpses may help each other at once with any task, including dragging down their victims and eating them (in other words, positioning and Lock actions).<br>When one corpse helps another, it adds helping dice as per usual, but it may not then act on his own.<br><b>Restrictions:</b> Corpses only.'),
	(702, 'Reclusive', null, 3, 0, 1, null),
	(703, 'Rest in Peace', null, 3, 2, 0, 'Spirits who have gone peacefully to death and whose bodies were properly sanctified have great difficulty returning to and communicating with the world of the living. They cannot use any physical ability or skill to affect the material world. Those abilities are lost to hem. Also, while they will do whatever is in their power to aid the living, they are reluctant to undertake any act that will disturb their peaceful rest or get them kicked out of heaven. When bargaining with a summoner, spirits of the sanctified dead may add +2D to a social skill. When in a Duel of Wits, add +2s to heir body of argument if their opponent''s request goes against their better judgment.<br><b>Restrictions:</b> Spooky gosts only.'),
	(704, 'Revered', null, 3, 1, 4, 'The Abbot or Abbess is a pillar of piety in the community. May be used as a call-on for Oratory or Suasion.'),
	(705, 'Ruthless', null, 3, 0, 1, null),
	(706, 'Sadistic', null, 3, 1, 2, 'Causing pain and suffering in others is a highly entertaining and enjoyable pastime. May be used as a call-on for Torture.'),
	(707, 'Serious', null, 3, 0, 1, null),
	(708, 'Shadow and Dust', null, 3, 2, 9, 'Creatures of Shadow and Dust have two distinct aspects -a spirit shadow and some material vestige of their former life. The shadow is active and ''living'' half. It is a physical manifestation and can be harmed by steel and fire. However it cannot be permanently destroyed. If dealth a Mortal Wound or if incapacitated, the shadow dissipates. It reforms near its dust half in days equal to 10 minues Health.<br>The other aspect of the creature is the dust: a corpse, a vessel of ashes, a skull or some other relic of a life past. In order to completely destroy this creature, the dust must be dragged into the morning sun and a Minor Miracle performed on it.'),
	(709, 'Shadow Coat', null, 3, 1, 2, 'The fur of this wolf is perfectly suited to stalking in the shadows of the woods. Use this trait as a call-on for Stealthy when stalking the forests and valleys.<br><b>Restrictions:</b> Characters with fur'),
	(710, 'Silent', null, 3, 1, 2, 'Call-on for Stealthy. Silent creatures may not speak above a whisper.'),
	(711, 'Single-Minded', null, 3, 1, 3, 'Once a Murderer sets his mind, there is very little that can redirect him. Call-on for Steel when ''on the job.'''),
	(712, 'Slave No More', null, 3, 2, 4, 'After life in the cage, you can''t help but act out against the world that has hurt you. Instincts that get you into weird or deep trouble earn a persona point instead of fate point.<br><b>Restrictions:</b> Former slaves or captives only.'),
	(713, 'Slave to the Power of Death', null, 3, 2, 5, 'This creature is now the servant of the sorcerer who evoked his soul. He is no longer alive, but neither is he dead. He will not age, grow sick, hunger or sleep. Use the skills the victim had in life. Die and call-on traits are lost and replaced with those imparted by the Death of Spirit process (except as noted under Evocation). Character traits are retained. The slave''s stats are equal to his stats in life, minus any dice from injuries sustained at the time of his death. This condition overrides conditions from other traits like Corpse Bound.<br><b>Restrictions:</b> You must be an undead slave to a necromancer.'),
	(714, 'Soft Step', null, 3, 1, 4, 'The Sneak Thief talks in a particular fashion, feeling each step before putting his weight on it. May be used as a call-on for Climbing and Stealthy.'),
	(715, 'Solitary', null, 3, 0, 1, null),
	(716, 'Spirit Marked', null, 3, 2, 3, 'On certain nights in the dead of winter, the SPirit Hunters will come to the territories and seek out lone wolves. Those who are chosen recieve a special scent and are marked to become Spirit Hunters. This trait is required to be able to take the Spirit Chaser lifepath. It grants a 1D affiliation with the Spirit HJunters. It also grants a 1D spirit mark as per the Spirit Binding rules.'),
	(717, 'Spirit Nature', null, 3, 2, 17, 'Creatures with spirit nature are not of our world and not boundy by the laws of our realm.<br>Time, space and the elements affect those with Spirit Nature differently than they do those of mortal nature. All surfaces are stable -they may walk on earth, mud, water or ice without difficulty. Gravity lays a lighter hand on them and they are able to easily climb (and fly for those with wings). Give +2D to appropriate skills and stats when the Spirit Natured creature needs them.<br>The harmful elements of this realm have no effect on them -fire does not burn, cold does not chill, rope does not bind and metal does not harm.<br>In order to affect, harm or bind a creature of Spirit Nature, one must have tools inscribed with special spirit runes. Only Sorcery, Faith, other spirits and these ''spirit weapons'' can harm those of Spirit Nature.'),
	(718, 'Stillness', null, 3, 1, 3, 'This creature can remain motionless for unnatural lengths of time. Call-on for any test requiring or benefitting from absolute stillness for long periods of time.'),
	(719, 'Sweet Tooth', null, 3, 0, 1, null),
	(720, 'Tail', null, 3, 0, 1, 'Roden tails range from 1/2 to 1 pace long. Field Born often have furry tails, while those Below often have bald ones.'),
	(721, 'Tentacles (4)', null, 3, 2, 4, 'Tentacles are supple, strong, sticky and agile additional limbs. This trait comes in two grades: Two tentacles cost 4 pts and give a +1D advantage to all Lock, Push and grabbing related tests. More than two tentacles cost 7 pts and grant +2D advantage to all Lock, Push and grabbing related tests. These extra limbs cause a +1 Ob and a +2 Ob to Inconspicuous tests respectively.'),
	(722, 'Tentacles (7)', null, 3, 2, 7, 'Tentacles are supple, strong, sticky and agile additional limbs. This trait comes in two grades: Two tentacles cost 4 pts and give a +1D advantage to all Lock, Push and grabbing related tests. More than two tentacles cost 7 pts and grant +2D advantage to all Lock, Push and grabbing related tests. These extra limbs cause a +1 Ob and a +2 Ob to Inconspicuous tests respectively.'),
	(723, 'Toiling', null, 3, 1, 2, 'Laborers are used to working long hours doing the same mindless, repetitive tasks. Call-on for any skill when doing mindless, repetitive tasks.'),
	(724, 'Toughtful', null, 3, 0, 1, null),
	(725, 'Tunnel Vision', null, 3, 2, 3, 'The Below is a dark place and those who live there have adapted. Your character can see as normal in low-lit areas but not in complete darkness. Those looking directly into these eyes will see glowing green orbs staring back. Reduces penalties for dim light by one step.'),
	(726, 'Unfeeling', null, 3, 2, 8, 'This creature does not take Steel tests from injury or pain -or fear of suffering harm.'),
	(727, 'Unflinching', null, 3, 2, 6, 'Ironshields are the bodyguards and retinues of the Troll legions. They are trained to stand guard and lay down their lives for their Warlord master. This reduces hesitation by 4 for fear and pain.'),
	(728, 'Vegetarian', null, 3, 0, 1, null),
	(729, 'Victim', null, 3, 2, 2, 'This character has suffered sustaine abuse designed to get them to conform to a code of behavior. Choose a relationship with one of your abusers. That character has +1D to all social skills used against the victim.'),
	(730, 'Voracious Carnivore', null, 3, 0, 1, null),
	(731, 'Wanderlust', null, 3, 0, 1, null),
	(732, 'Webbed Fingers and Toes', null, 3, 2, 1, 'Stride 5 when swimming.'),
	(733, 'Witch Flesh', null, 3, 2, 6, 'The Brooed Mother knows a bit of magic, rumored to have been handed down from an old giantess in ages past. This magic, called witch flesh, grants the ability to transform into a handsome young man or woman. The disguise is impenetrable. The brood mother retains her stats and attributes, but her character traits are replaced with Beautiful, Wholesome, Apple-Cheeked, etc. Any other traits requiring physical expression (like Horns or Claws) are temporarily lost to the human form. No test is required to transform, but the change requires a full scene, during which the magic slowly takes effect.<br>Once the Brood Mother reveals her true nature to her victim (or is perhaps accidentally spotted transforming), the victim will never see her the same way again -and can never be fooled by the Witch Flesh of this Brood Mother again.'),
	(734, 'Zoophagia', null, 3, 0, 1, null),
	(735, 'Accustomed to the Dark', 0, 4, 2, 0, 'Contrary to popular belief, Dwarves cannot see in pitch dark. However, because they have lived many ages in halls lit by firelight and reflected sunlight, Dwarves do not suffer any penalty for twilight, starlight, candlelight, lanrplight or torchlight. They do suffer from complete darkness as Men and Elves do.'),
	(736, 'Bearded', 0, 4, 0, 0, 'A Dwarf''s beard is a sign of rank and maturity. No male Dwarf would dare go about with a bald face.'),
	(737, 'Greed', 0, 4, 2, 0, 'Deep in the heart of every Dwarf lies a terrible seed, a lust for wealth and beauty. Some Dwarves master it; others succumb. It is a powerful emotion that drives many a Dwarf from his comfortable life and compels him to zealously create works of inestimable craft or perform terrible acts. See the Dwarven Greed section in this chapter for more on this emotional attribute.'),
	(738, 'Oathsworn', 0, 4, 2, 0, 'All Dwarves have stern values hammered into their skulls from a very early age. In fact, Dwarven society is a complex and interlocking network of promises and traditions. The most prime among them is: ''Honor the oath.'' To break an oath is to break tradition that has seen Dwarves through many dark ages. It is a terrible crime and one not easily forgiven or forgotten.<br>Dwarf characters start the game with an additional (fourth) Belief. This Belief must come in the form of an oath and represents a pre-game bond between the Dwarf and one of his relationships. Oaths that pertain to the situation in play fill one of the standard three Belief slots.<br>Acceptable oaths are: ''I owe Burri a debt of honor;'' ''I swore to recover the crown for my brother;'', ''My father''s last words were to rule wisely this I swore;'', ''I vow never to go near the beer again.''.<br>Yes, the requirements of an oath mean a Dwarf character must start with a relationship which must be bought with resource points.'),
	(739, 'Shaped from Earth and Stone', 0, 4, 2, 0, 'In the first age, when the earth was barren, Dwarves were created by the One Who Most Dearly Loves to Shape with His Hands. Dwarves were born beneath the earth and it was long before they came forth into the light of the sun. In those dark ages, they grew familiar with the ores, veins, rocks and sediments that were their sky, ocean and earth.<br>Attendant with their appreciation of raw materials is a love of building and shaping. Above all else it is craftsmanship and the beauty of that which is wrought by skill that Dwarves prize most. And since they were Born Under Earth, metals, stones and gems are their first love —far beyond cloth, wood or leather. This trait also gives the Dwarves access to natural magic abilities —open-ended/special skills for most of their crafts and arts.'),
	(740, 'Stout', 0, 4, 2, 0, 'Dwarves are smaller than Men in stature, but they tend to be a bit thicker around the middle, with broader hands, feet and arms. Though tough and doughty, Dwarves'' stout frames also hinder them slightly. Speed must always be lower than their Power or Forte (whichever is higher), even if this limits advancement. Their stride is 6.<br>Dwarven nature allows for a Forte maximum of 9 rather than 8 and a Speed maximum of 6 rather than 8. All other caps are 8.'),
	(741, 'Tough', 0, 4, 2, 0, 'Dwarves are durable folk, hewn from the underpinnings of the Earth. Dwarves round up when factoring their Mortal Wound.'),
	(742, 'Adventurer', 0, 5, 2, 0, 'Dwarven society is very structured and rigid. Those that break its conventions are forever branded as outsiders-even if they''re later let back into the fold. Characters who were once Adventurers bear the stain of their deeds for the rest of their lives. No matter how hard they try to hide it, other Dwarves can just smell it on them. Adventurers gain +1 Ob to all Circles tests when dealing with Artificers or Noble Born Dwarves. However, Adventurers may choose a minor affiliation (1D) outside the Dwarf hold for free.'),
	(743, 'Affinity for Sheep and Goats', 0, 5, 2, 0, 'This trait adds +1D to any skill or stat when dealing with sheep or goats.'),
	(744, 'Baleful Stare', 0, 5, 1, 0, 'A call-on for Intimidation or Interrogation when attempting to inject gravity into a situation or to cow a subject: ''He just gives you that look.'''),
	(745, 'Branded a Coward', 0, 5, 2, 0, 'Whether true or not, this character has been branded a coward. In Dwarven society, this stain comes not from breaking an oath, but from refusing to swear the oath in the first place. Branded a Coward grants the character a 1D infamous reputation with either Dwarven Nobles, Clansmen, Guilders, Artificers or the Host. Player''s choice. Also, and more important, this Dwarf may not swear an Oath until he has redeemed himself in the eyes of his Longbeard.'),
	(746, 'Dangerous Obsession', 0, 5, 2, 0, 'Treasurers spend too much time with the Prince''s hoard. They eat, sleep and drink coins and riches. They dream about-cannot stop thinking about-fantastic wealth. This trait adds +1D to starting Greed.'),
	(747, 'Deep Sense', 0, 5, 2, 0, 'This trait turns the character''s Perception into an Orienteering-like skill when underground. He can discern direction, depth and inclination like surface dwellers can see the lay of the land, time of day and the weather.'),
	(748, 'Dispute-Settler', 0, 5, 1, 0, 'This skill acts as a call-on for Persuasion, Coarse Persuasion or Oratory when trying to settle a dispute between two characters.'),
	(749, 'Dvergar', 0, 5, 2, 0, 'Dvergar are original, mythical Dwarves. Dwarven nobility all lay claim of blood ties to these ancient forebears. This trait grants a 1D affiliation with other Dwarven nobility and a 1D reputation among all Dwarves as a noble. Characters with this trait suffer a +1 Ob to all Inconspicuous tests among Dwarves.'),
	(750, 'Galvanizing Presence', 0, 5, 1, 0, 'Galvanizing Presence is a call-on for Command or Conspicuous.'),
	(751, 'Hard as Nails', 0, 5, 2, 0, 'The Warden may choose to ignore one wound once per conflict. He may do as long as the wounded dice penalty is not greater than his current Will. So if he''s only got 1D of Will left, he can''t ignore a traumatic wound, but he can ignore a light.'),
	(752, 'Iron Memory', 0, 5, 2, 0, 'Wordbearers are taught tricks of the memory so that they never forget the missives they are commissioned to recite. Players whose characters have this trait, who have forgotten a vital game—important detail, may make an Ob 3 Perception test to recall it.'),
	(753, 'Iron Nose', 0, 5, 2, 0, 'This character has smelled the worst of it. He never has to take a Steel, Health or Forte test due to nauseating smells.'),
	(754, 'Lifting Heavy Things', 0, 5, 1, 0, 'Call-on for Power when lifting something that is obviously too heavy, bulky or cumbersome for the chahacter.'),
	(755, 'Oathbreaker', 0, 5, 2, 0, 'A character who breaks an oath, lies while under oath or fails to fulfill an oath is forever marked as an Oathbreaker. While Oathbreaker''s are tolerated in Dwarven society, they are also mistrusted. No oaths may be sworn with an Oathbreaker until he has somehow resolved his initial betrayal. Also, the player must choose a relationship at the start of play that encompasses his broken oath. Lastly, Oathbreaker grants a 1D infamous reputation among the Nobles, Host, Artificers, Guilders or Clans. Player''s choice.'),
	(756, 'Oathswearer', 0, 5, 2, 0, 'Long has it been the tradition of the great Dwarven Princes to go before the Longbeards of the clans to receive their blessing and swear an oath to protect them and uphold the traditions of their forefathers. Oathswearer is perhaps the most vital trait in Dwarven culture. Though all Dwarves are Oathsworn, only those with the Oathswearer trait may pronounce a binding pact. Any oath taken while not under the guidance of an Oathswearer is not binding. Any oath pronounced before an Oathswearer must he written into the character''s Beliefs. It usually replaces one of the character''s existing three Beliefs. It can be used to replace the fourth, Oathsworn trait belief only if that oath has been satisfied.<br>If an Oathswearer demands a character''s word, and the character refuses, the Oathswearer can, at his discretion, brand him a coward. It is a stain that all Dwarves recognize, and no oaths or agreements are made with cowards. The character is given the Branded a Coward trait.'),
	(757, 'Obsessive', 0, 5, 2, 0, 'This Dwarf spends a little too much time talking about certain things. Obsessive must relate to the character''s Greed idiom and adds +1D to starting Greed.'),
	(758, 'Oddly Likeable', 0, 5, 0, 0, 'No matter how outrageous his deeds or words, there''s just something about this Dwarf that''s charming and likeable.'),
	(759, 'Quick-Step', 0, 5, 1, 0, 'Wordbearers must hustle from the Miller to the Brewer, from the Quartermaster to the Khirurgeon, and from the Trader to the Longbeard. This trait acts as a call-on for any Speed test where the Dwarf is hurrying or hustling (including running to escape or maneuvering for a positioning test).'),
	(760, 'Slave to Fate', 0, 5, 0, 0, 'The Rune Caster is plagued with fleeting visions of what could be and what might have been. He sees his own fate intertwined with all the other doomed strands; there is no other path to walk but the one he is on.'),
	(761, 'Stentorious Voice', 0, 5, 3, 0, 'Call-on for Conspicuous, Stentorious Debate and Oratory. Characters who have this trait are at a double obstacle penalty for all Singing skill tests.'),
	(762, 'Stone Faced', 0, 5, 2, 0, 'This trait cancels the effects of the Discerner song and any other trait or special ability that allows the character to be ''read''. However, it doesn''t count against Aura Reading with the Magesense or Second Sight. It also adds +2D to Falsehood and Gambling.'),
	(763, 'Tinkerer', 0, 5, 1, 0, 'This trait acts as a call-on for Mending or Black-Metal Artifice when trying to cobble together something new or weird.'),
	(764, 'Avarice', 0, 6, 2, 3, 'A player may choose to make his Dwarven character especially Greedy. With this trait, he can raise his character''s starting Greed to whatever exponent he desires (so long as it is higher than what it would start at). The downside of this is that Greed tests always count as the type of test the character needs to advance, no matter the obstacle. If he needs a routine, the next test counts as routine. See the Greed mechanics for the ramifications of this.'),
	(765, 'Estimation', 0, 6, 2, 2, 'Dwarven Engineers often share with each other their vast knowledge. ''How far do y'' think that is?'' ''Hunnert paces?'' ''Nah, hunnert seven and an eighth, easy.'' Using this training skill, a Dwarf may add a +1D any skill that requires an estimation of distance, depth or height: building a bridge, carving out a hall or even leaping a chasm. Be warned though, estimating incorrectly can be calamitous. If the test is failed, the results are catastrophic.'),
	(766, 'Grudgekeeper', 0, 6, 2, 1, 'This character contains within him the capacity to maintain terrible enmity for perceived slights. He swears grudges like others swear oaths. The Grudgekeeper trait allows the player to replace his Oathsworn Belief with a Grudge. Rather than a promise or an oath, he swears revenge. Grudges follow the same mechanic as oaths.<br>If the character has the Oathswearer trait, it combines with Grudgekeeper. He may only pronounce grudges-rather than oaths-between two characters. They must write them into their Beliefs as if they were oaths.'),
	(767, 'Virtuous', 0, 6, 2, 3, 'This Dwarf is virtuous, honorable and restrained. He may add +2D to his Steel when making tests against Greed. He also may reduce his starting Greed by -1D.'),
	(768, 'Affinity for Psionics', 0, 6, 2, 4, 'An Affinity trait represents something that the character loves so much, he excels at it. Players may choose one skill for which their character has an Affinity. The trait gives the character +1D to the skill.'),
	(769, 'Born Under the Silver Stars', 1, 4, 0, 0, 'To those who look upon the Elves with clear eyes, there shimmers an unmistakable halo, like white light through a gossamer veil, like stars shining at night.'),
	(770, 'Essence of the Earth', 1, 4, 2, 0, 'Elves do not feel the effects of earthly cold and heat as do Men; they do not fall ill; they are ageless and will only pass on when the Earth ends. Elves do not have to take Health tests for illness, and they gain +1D to Health and Forte tests for resisting fatigue and poison. Yet, they are not deathless: Elves may be killed by violence or may waste away due to Grief.'),
	(771, 'Fair and Statesque', 1, 4, 0, 0, 'Elves are fair and beautiful to all who look upon them. The Elven form inclines toward tall and slender, rounded by graceful curves.'),
	(772, 'First Born', 1, 4, 2, 0, 'Elves are made from the very fabric of nature —wind, air, wood and water. Thus, they know its secrets very well: They know how to preserve much of its power —even when it is taken and shaped into something new. It is this intimate knowledge that allows the Elves to weave their songs.<br>Their unadulterated essence grants them insight into their world unmatched by the races of Men, Dwarves or Ores. Due to this, Elves'' Perception maximum is 9 rather than 8.'),
	(773, 'Grief', 1, 4, 2, 0, 'Years of emotion and strife take their toll, and eventually all Elves begin to feel Grief tug at their hearts See the Elven Grief section for the mechanics of this trait.'),
	(774, 'Keen Sight', 1, 4, 2, 0, 'Like an eagle, Elves may see a great distance with perfect clarity. Add +1D to all Perception-based (or Observation-based) field maneuvers for Range and Cover or any Perception test involving seeing long distances. Elves also may see in starlight as if it were day. They suffer no obstacle penalties for dim light. Smoke and haze still bar their vision-normal penalties apply. In complete darkness Elves suffer +4 Ob like Men or Dwarves.'),
	(775, 'Acute', 1, 5, 2, 0, 'Elven Bladesmiths tend to be very sharp—their attention to detail and ability to reason is renowned even among the Elves. It is said that this ability to see a matter to its conclusion comes from centuries of staring at the tip of the blade. Bladesmiths may round up when factoring the roots for any skill that includes Perception in its root stat.'),
	(776, 'Aman', 1, 5, 0, 0, 'This trait indicates the Elf is of a rare lineage —those first to walk even among the First Born. Down through the ages, the Aman have most often tread the path of the Etharch —they are the lords and kings of all Elves. This character need not be an Etharch himself, but he is eligible for that rank. In addition, the Elf-folk of the Wilderlands and Citadel treat him with a mixture of fear and adoration.'),
	(777, 'Calm Demeanor', 1, 5, 1, 0, 'The Elven Attendant learns that an implacable visage is crucial to winning favor and advancement in the Elven court. To portray fear and agitation is to betray oneself. Call-on for Steel in the Duel of Wits.'),
	(778, 'Ear to the Ground', 1, 5, 2, 0, 'The harried Lieutenant serves his Captain as best he can. If the player purchases a relationship with an important or powerful captain, increase his base Circles by one.'),
	(779, 'Etharchal', 1, 5, 2, 0, 'This character is of Elven noble stock. His facial features, bearing, accent, and manners are distinct from those born in the wilds or the citadel. His heritage is recognizable at a glance. Grants a 1D affiliation with Elven Etharchs. This compounds with all other appropriate affiliations.'),
	(780, 'Fêa', 1, 5, 0, 0, 'The Fêa trait denotes that this Elf has been born into a family whose lineage typically holds the rank of prince. This character need not hold the rank of prince himself, but possessing this trait indicates that he is eligible for the rank. This trait is required if the player wishes to take the Prince lifepath for his character.'),
	(781, 'Fealty to the Fêa', 1, 5, 0, 0, 'Sword Singers trained in the palace of the Etharch are traditionally considered the Prince''s own bodyguard. They report directly to him in times of peace and war.'),
	(782, 'Lesson of One', 1, 5, 2, 0, 'A Second is a Sword Singer in training. One of the rituals of this rigorous regiment is to dissolve the ego entirely. The Second learns to think, act, and be his master—his own psyche is stripped bare. This forms an intense bond between the two Elves, one that typically lasts beyond the Second''s elevation to Sword Singer himself. If the player purchases an important relationship with his mentor he gains a 1D reputation as his student; if he purchases a powerful relationship, he gains a 2D reputation.'),
	(783, 'Lifting Heavy Things', 1, 5, 1, 0, 'Call-on for Power when lifting something that is obviously too heavy, bulky or cumbersome for the chahacter.'),
	(784, 'Lord of Ages', 1, 5, 2, 0, 'This character is the lord and master of an Elven dominion. He governs the Althings, Princes, Captains, and Lords. He is ancient and powerful—his life spans the ages. The Lord of Ages trait grants +1D to one reputation or affiliation the player chooses for this character.'),
	(785, 'Organized', 1, 5, 1, 0, 'Call-on for Administration, Estate Management, or Accounting.'),
	(786, 'Prince of the Blood', 1, 5, 2, 0, 'Among the Fêa, this Elf is a ruling prince and destined to one day be Etharch. By taking the Prince lifepath, the player is creating a character who is directly related to either the ruling Etharch or his forbears. A Prince of the Blood, though not an Etharch himself, is in line for the Elven crown. This trait adds +1D to the Elf''s starting base Circles rating. Prince of the Blood requires the Fêa trait as well.'),
	(787, 'Servant of the Citadel', 1, 5, 2, 0, 'The Althing is the most powerful Elven citizen barring the Lord Protector. He is the ruler of a vast and ancient Citadel—heir to a tradition stretching back nearly to the dawn of time. Such as it is, the Althing tends to take his job pretty seriously. If the player takes it seriously and adds both a Belief and an Instinct relating to the welfare of his city —and these are relevant to the game at hand— the character gets a 2D reputation and 2D major affiliation in and around the citadel. These may be improved with additional resource point allocations.'),
	(788, 'Sword of the White Towers', 1, 5, 2, 0, 'Sword Singers are revered among the Elven hosts. Take a 1D affiliation with the Swords of the White Towers —Elven sword singers who have sworn to protect their lands and citadels.'),
	(789, 'Sworn to Protect', 1, 5, 2, 0, 'If the Lord Protector''s player uses one of his Beliefs to describe his vow to defend the citadel/Wilderlands/royalty, and such a vow is relevant to the current game, the Lord Protector receives a 2D reputation (he''s the boss) and a 2D major affiliation within the Protectors. These may be further improved upon with resource points.'),
	(790, 'Sworn to the Lord Protector', 1, 5, 2, 0, 'The Captain has sworn a vow to loyally serve his lord. This trait grants a free relationship with the Lord Protector provided the player writes a Belief about him. If the player decides not to write a Belief or the Belief changes, the trait becomes a character trait. If he later writes a Belief about the Lord Protector, the trait is reactivated.'),
	(791, 'Wise Aphorisms', 1, 5, 1, 0, 'Elves are full of pertinent old sayings. Use this as a call-on for Persuasion, Oratory, Interrogation, or Seduction if the player can come up with some appropriately sagacious dialogue to throw into play at the right moment.'),
	(792, 'Cold', 1, 5, 2, 0, 'In a Duel of Wits where kindness, compassion, Grief or passion are involved, the Eremite may double his Will for the purposes of the body of argument. This effect can be triggered mid-conflict, increasing the Eremite''s body of argument immediately.'),
	(793, 'Deceptive', 1, 5, 3, 0, 'The Deceptive trait acts as a call-on for Sleight of Hand and Falsehood. However this trait so infuses the liar, he has a hard time telling the truth. Deceptive also incurs a +1 Ob penalty to all Oratory, Command tests and +2 Ob to Ugly Truth or Litany of Fools.'),
	(794, 'Femme Fatale/Homme Fatal', 1, 5, 1, 0, 'Call-on for Seduction.'),
	(795, 'Feral', 1, 5, 2, 0, 'Wastrels lose themselves to their animal instincts, living for decades at a time without contact with civilization —living as animals do. The Feral trait reduces overall hesitation by one, but adds +1 Ob to all social skill tests. Also, Feral negates the bonus to Circles from any Elven lifepath trait such as Etharchal, Lord of Ages, etc.'),
	(796, 'Filthy', 1, 5, 0, 0, null),
	(797, 'Saturnine', 1, 5, 2, 0, 'If any other player attempts to influence a character with the Saturnine trait with passion, motivation, joy or love, the Saturnine Dark Elf player gets a +1D advantage to all tests for one scene when confronting, hunting or poisoning that character.'),
	(798, 'Spite', 1, 5, 2, 0, 'Dark Elves trade their Grief for a burning Spite. Something has snapped inside the Dark Elf''s soul -Grief seems folly to him. Whatever the truth of an immortal life is, Dark Elves know that it does not lay silently grieving with his Elven brothers.'),
	(799, 'Thief', 1, 5, 1, 0, 'The Thief trait requires that the player note a mandatory theft-related Instinct: ''When visiting home, always steal Mother''s valuables.'' for example. So long as that Instinct is in play, it acts as a call-on for Sleight of Hand.'),
	(800, 'Vengeful', 1, 5, 2, 0, 'If the Dark Elf character is defeated in a Duel of With or a Fight and lives to tell the tale, he may FoRK his Spite into all rolls bent on avenging himself against his enemy. Humiliating or murdering the enemy —getting revenge upon them— immediately earns the player a bonus persona point, for a total of two: one for a personal goal and one for Vengeful.<br>The Vengeful trait also requires that the Dark Elf have a close relationship with a non-spiteful Elf or a mortal human. It can be familial, romantic or fraternal in nature —but it must be close. It must rankle the Dark Elf that they still live that way.'),
	(801, 'Exile', 1, 6, 2, 2, 'This Elf has committed some crime that has nearly earned him the title of enemy among his people. Rather than dishonor him with such a stigma, his people instead sent him into exile. Ultimately, though, it is a death sentence. The Exile cannot journey West. Should his Grief overtake him, he''ll have no succor and will simply waste away. This trait adds +1D to starting Grief, and a 1D infamous reputation among all Elves.'),
	(802, 'Half-Elf', 1, 6, 0, 1, null),
	(803, 'Mourner', 1, 6, 2, 3, 'The Mourner is obsessed with his Grief. He is morose. The player may add any amount to his starting Grief that he sees fit, up to a maximum of exponent 9. In addition, all Laments are made at +2 Ob, and any time the character''s Grief is one test from advancing, the next test —regardless of its difficulty— advances him. Grief clings to this character''s spirit and cannot be shaken.'),
	(804, 'Slayer', 1, 6, 2, 4, 'This Elf has been marked as a slayer of his kin. In his past, his rage overcame his Grief and compassion, and he slew one of his own. Now he is marked as enemy and hunted by his own people. +1D to starting Grief, a 2D infamous reputation (all Elven people) as a Slayer, and +1D to Intimidate/Silent Fury any Elf.'),
	(805, 'Unbreakable', 1, 6, 2, 5, 'This Elf is possessed of an unbreakable spirit. Grief seems to have no effect on him whatsoever. Subtract -2D from starting Grief. In addition, all Grief tests are taken at -1 Ob.'),
	(806, 'World Weary', 1, 6, 2, 1, 'Certain Elves feel a weariness creep into their bones. The constant trial and tribulation that marks the passing of years begins to drag them down. Reduce hesitation by one but increase Grief by one.'),
	(807, 'A Bit Deaf', 2, 5, 2, 0, 'The incessant clanging and banging has made this character a bit deaf. +1 Ob to all auditory-based Perception tests.'),
	(808, 'Affinity for Business', 2, 5, 2, 0, 'This character has a hard nose for the cutthroat world of business. Affinity for Business gives +1D to any Resource test.'),
	(809, 'Affinity for Horses', 2, 5, 2, 0, 'Affinity for Horses, like all Affinities, gives +1D when dealing with the subject of the trait. In this case, Animal Husbandry and Riding tests are +1D.'),
	(810, 'Back-Breaking Labor', 2, 5, 1, 0, 'Call-on for Power or Forte when performing hard labor.'),
	(811, 'Beespeaker', 2, 5, 2, 0, 'This character understands the secret lives of bees. He can understand their signs and buzzing, but he can''t really talk back to them. His Perception acts as Aura Reading on bees.'),
	(812, 'Believer', 2, 5, 2, 0, 'Believers fervently accept the truth of miracles and the power of Faith. All Faith obstacles used against Believers are made at -1 Ob.'),
	(813, 'Birdie Talk', 2, 5, 2, 0, 'This character is just weird. He tweets and chirps at birds and they respond in kind—landing on his shoulders and twittering away. This character is considered to have Low Speech for birds only.'),
	(814, 'Broken In', 2, 5, 2, 0, 'The Apprentice is stripped of his pride and ego. The player must remove any lifepath traits related to pride or status—Noblesse Oblige, for example.'),
	(815, 'Broken', 2, 5, 2, 0, '-1 Ob to all Intimidation, Interrogation, Command, and Seduction tests used against this character. His Will has been broken.'),
	(816, 'Bruiser', 2, 5, 1, 0, 'The Marine has spent his days at sea a-bettin'' and a-brawlin''. Take your bets, gents! This trait is a call-on for Brawling.'),
	(817, 'Bull''s-eye Spitter', 2, 5, 2, 0, '''I spit in yer eye!'' In calm weather and good light, this character simply does not miss his target. When spitting in the Fight rules, it''s a ''longer'' weapon, it costs one action to use, and it gives your opponent +1 Ob to his next test. Use this in Duel of Wits and give your opponent +1D to his next action. Use this against a sorcerer to distract him—counts as a may not. Use this in Range and Cover and count your days numbered. This trait may only be used once per opponent—ever.'),
	(818, 'Burial at Sea', 2, 5, 2, 0, '+1D to Consecration and Purification tests for performing burial rites at sea. Player also earns a persona point for each player character he buries at sea.'),
	(819, 'Burial Rites', 2, 5, 2, 0, '+1D to Consecration and Purification Faith tests for performing burial rites. Player also earns a persona point for each player character he buries.'),
	(820, 'Cold Hearted', 2, 5, 2, 0, 'Reduce hesitation for surprise and fear (including Intimidation) by one. Pain hesitation is not reduced.'),
	(821, 'Crippled', 2, 5, 2, 0, 'This character is missing a limb or is horribly disfigured. Choose one stat. It cannot start higher than exponent 3 and it is capped at exponent 4. If this restriction creates an excess of stat points during character burning, the extra points are discarded.'),
	(822, 'Diseased', 2, 5, 2, 0, 'This character possesses an honest-to-god communicable disease. He is covered with scabs and sores, he stinks like a corpse and he can''t sleep due to the itching. Should he ever fail a Health test for recover from an injury, he loses 1D from his Health as his illness overcomes him. Any physical contact with him necessitates a Health test. Obstacle is equal to 10 minus the Diseased''s Health. Failure means the character who came into contact with him is now Diseased as well.'),
	(823, 'Domineering Presence', 2, 5, 2, 0, 'Characters with Domineering Presence may, once per scene, make their verbal maneuver first in a Duel of Wits. In the case of Rebuttal versus Point (or something similar), this trait doesn''t have any effect. But if a Bishop is attempting to Dismiss while his opponent is making a Point, then the Bishop player makes his point and rolls his dice first. If he fails to win the Duel, then the other player may respond.'),
	(824, 'Down to Earth', 2, 5, 1, 0, 'This character is very grounded. He understands the natural order and lives by it. Use this skill as a call-on for Farming, Plant-wise, or any other earthly skill the GM approves. Pick one.'),
	(825, 'Exhausted', 2, 5, 2, 0, 'Pushed to the brink of his endurance one too many times, this character is simply exhausted. +1 Ob to all Health tests.'),
	(826, 'Exorcism Ritualist', 2, 5, 2, 0, 'The exorcism ritualist knows how to drive demons from the possessed. He gains a +1D advantage to Faith when using the Purification miracle to exorcise demons.'),
	(827, 'Faith in Dead Gods', 2, 5, 2, 0, 'This trait is similar to the Faithful trait, but with certain differences. See the Faith in Dead Gods section for a complete description.'),
	(828, 'Hard-Hearted', 2, 5, 2, 0, 'They always have excuses, and this character has heard them all. He may add four successes to any body of argument in a Duel of Wits where his opponent is trying to weasel out of an obligation.'),
	(829, 'Hardened', 2, 5, 2, 0, 'Hard labor has turned this character''s back to stone and his muscles to iron. Round up when factoring Health.'),
	(830, 'I Know This Ship Like My Own Hands', 2, 5, 1, 0, 'The carpenter is a strange bloke, but he definitely knows the ship. This trait acts as a call-on for any ability used in trying to figure out something about the sailor''s ship —be it the location of something lost or the knowledge to repair terrible damage.'),
	(831, 'Imperious Demeanor', 2, 5, 1, 0, 'Use this trait as a call-on for Circles when dealing with anyone of lower rank or station.'),
	(832, 'Incomprehensible Diagnosis', 2, 5, 1, 0, 'Call-on for Falsehood when trying to hide the true facts of a medical diagnosis.'),
	(833, 'Keys to the Church', 2, 5, 2, 0, 'At some point, some church official thought it was a good idea to appoint this character a Doorkeeper and grant him keys to the church. It was he who locked the doors and guarded the reliquaries. This grants him a 1D affiliation with the church. If he acquitted his duties well, he gains a 1D reputation (local, no power) within the Church. If he took liberties with his duties, he gains a 1D infamous reputation (and +1 Ob to all Circles tests dealing with the Church). This compounds with other reputations and affiliations in the church.'),
	(834, 'Lifting Heavy Things', 2, 5, 1, 0, 'Call-on for Power when lifting something that is obviously too heavy, bulky or cumbersome for the chahacter.'),
	(835, 'Lost Faith', 2, 5, 2, 0, 'Answer the Faith questions from the standpoint of ''before'' the character gained this trait, then circle it and write ''LOST'' next to it. The player has no access to the character''s Faith attribute. Then write into the character''s Beliefs the reasons why he no longer believes. Should that Belief (or Beliefs) change into one of renewed faith (via an appropriate in-game situation) and the player spent a deeds point during the conflict, he may reopen his attribute. Erase the circle and ''LOST.'' Once restored, the player may perform miracles as per the standard rules.'),
	(836, 'Lucky', 2, 5, 2, 0, 'There''s always the lucky ones. Always. They make the rest of us look like shlubs while they skate through life. This trait can be used in a number of ways. First, it can be used as a call-on for any ability. This can only be used once per adventure. Second, it can be used to buy off one failed roll to save the character''s life once—a failed armor test, a flubbed Speed test, etc. The test is passed and the trait is lost. Lastly, if the player makes a random in-game guess (via roleplay), the guess is always right—so long as the player isn''t aware the guess is right.'),
	(837, 'Made Man', 2, 5, 2, 0, 'A good craftsman is always in demand; and good craftsmen always look out for one another. 1D affiliation for being a journeyman craftsman.'),
	(838, 'Maimed', 2, 5, 2, 0, 'This character has been horribly maimed during his career. Choose the nature of the disfigurement and associate it with one physical stat, all tests against that stat are +2 Ob. If Forte is chosen, the penalty transfers over to Health, or the mortal wound is reduced by one.'),
	(839, 'Mark of Privilage', 2, 5, 2, 0, 'Those born into nobility bear certain features—telltale signs of their lineage. Their nose, their bearing, their skin, or even their speech mark them as one of the privileged. This confers a 1D affiliation with nobility but also adds +1 Ob to all Inconspicuous or Falsehood tests when masquerading as someone lower than your station.'),
	(840, 'Mind-Numbing Work', 2, 5, 1, 0, 'Call-on for Will when performing mind-numbing, repetitive work.'),
	(841, 'Monastic', 2, 5, 2, 0, 'The diligent daily rituals of monastic life are detailed and difficult. This trait grants +1D to Faith for Consecration, Guidance, or Revelation miracles while praying in a monastery.'),
	(842, 'Myopic', 2, 5, 2, 0, 'This character has terrible vision. He can barely see what is in front of his face. +2 Ob to all visual-based Perception tests.'),
	(843, 'Near-Sighted', 2, 5, 2, 0, 'Too much time spent reading in candlelight has strained this character''s vision. +1 Ob to all tests requiring long-distance vision including: Bow, Crossbow, Throwing, and Range and Cover Field Maneuvers.'),
	(844, 'Noblesse Oblige', 2, 5, 2, 0, 'This character was born into nobility. He has been raised with the idea that not only is he privileged, but he is obligated to perform his duty to society. The player may add a fourth Belief to his character. It must be one of the following: It is my duty to guard society and uphold its interests; I govern from duty, heritage, and right; rulership is my natural and ordained task; the opinions of commoners are uneducated, therefore worthless; I am responsible for the people; my reverence is to the crown; rule of the many strips society of its strength and divides it into unfriendly fragments; rulership by minds unaccustomed to privilege is impossible; wealth, birth, and intellect mark an individual to undertake governance.'),
	(845, 'Numb', 2, 5, 2, 0, 'This character has lived life under the whip. The Numb trait gives the character pronounced scars along his back, shoulders, and legs. Also, the character does not feel the +1 Ob effects of superficial wounds. Three superficial still equal -1D.'),
	(846, 'Pardoner', 2, 5, 2, 0, 'A pardoner has an interesting reputation in society—he is publicly reviled and secretly loved. A character with this trait has been given a special dispensation from the church to pardon the sins of the faithful and devout. With the Pardoner trait, a player can provide the opportunity for any character with the Gullible, Superstitious, or Believer traits to change one of their Beliefs. The change can happen any time, so long as the Pardoner has a say in it and the new Belief relates to the church, god, absolution, or sin. In addition, this trait gives a 1D reputation among the lay folk; which also counts as an infamous reputation in the church (+1 Ob to Circles tests in ecclesiastical or church settings). This compounds with other reputations and affiliations in the church.'),
	(847, 'Penny-wise', 2, 5, 1, 0, 'Call-on for Resources. This character keeps track of all his expenses, all the way down to the penny!'),
	(848, 'Possessed', 2, 5, 2, 0, 'This special trait may only be chosen after consultation with the GM and/or other players. If it is taken, the character is possessed by a dæmon, spirit, or seraph. Choose one appropriate trait to be made manifest through the human vessel from the dæmon/seraph list in the Monster Burner. I recommend that Lawbreaker come along with any and all choices, but it''s not required. Once the nature of the possession is determined, the player and the GM need to devise a separate set of Beliefs and Instincts for the possessing spirit. When these come into conflict with the character''s own BIT''s, a versus Will test must be made—the spirit against the character. Use the appropriate Will from the stat blocks in the Monster Burner. Whoever wins the test can enact his Belief or Instinct.<br>A Possessed person can be exorcised as per the Faith mechanics in the Burning Wheel. Whether or not he wants to be exorcised is another matter. Also, the Possessed character''s aura (for Aura Reading) will show the additional trait and the additional set of Beliefs and Instincts.'),
	(849, 'Problems', 2, 5, 2, 0, 'If anyone has problems, it''s the village idiot. This trait can manifest in two ways. The character can either be maladjusted and unable to perform socially, or he can be mentally handicapped in some way. If social problems are chosen, the character has double aptitude requirements for social skills and +2 Ob to all Will and social skill tests. If mental problems are chosen, the character has double aptitude requirements for all Perception-rooted skills and +2 Ob for all academic, craftsman, and artisan skills.'),
	(850, 'Rapier Wit', 2, 5, 2, 0, 'This character has a lightning-quick mind and a sharp tongue; he never hesitates to offer a cutting remark. In a Duel of Wits, if the player can interject a searing bon mot while his opponent is speaking, he gains +2D to his next verbal action. If the action is a versus test—Rebuttal, Obfuscate, or Incite—and the character with the Rapier Wit does not win the test, or if the action is a failed Dismiss, Rapier Wit may not be used again in the duel.'),
	(851, 'Rat-Speak', 2, 5, 2, 0, 'Squeak. Squeak, I say! This character has Low Speech for rats and vermin.'),
	(852, 'Savvy', 2, 5, 1, 0, 'Captains are self-reliant and clever men—when they want something, they know how to ask so people listen. This is a call-on for Circles.'),
	(853, 'Sense of Distance', 2, 5, 2, 0, 'With an Ob 2 Perception test (plus disadvantages for weather and light), this character can correctly guess any distance.'),
	(854, 'Sworn Homage', 2, 5, 2, 0, 'The knight must swear homage to his lord, the king. He promises fealty to his lord; to guard his land and fight in wars with armor, horse, and sword; to manage his land in good stead, to collect and pay taxes; and generally to obey the law and uphold the peace. The player doesn''t have to write in a Belief for this, though it is encouraged. The Sworn Homage trait indicates the belief is internalized. This trait grants a 1D affiliation in the nobility. Should the character fail to perform his duties, then he may be stripped of rank. This compounds with other noble affiliations like Mark of Privilege.'),
	(855, 'Sworn to the Order', 2, 5, 2, 0, 'A knight of a holy military order may add an additional (fourth) Belief dictated by his particular Order (poverty, chastity, protection of pilgrims, etc.). Sworn to the Order replaces the Noblesse Oblige trait and Belief.'),
	(856, 'Tall Tale Teller', 2, 5, 2, 0, 'This character has seen it all. At least he says he has. His yarn is always wilder, larger, and more incredible than his companions'' stories. The player may add +1D to Persuasion, Seduction, Interrogation, or Falsehood tests so long as he can come up with an appropriate tall tale.'),
	(857, 'Tasting the Lash', 2, 5, 2, 0, 'When another character cracks a whip across his back and gives an order, the player must obey the orders (so long as the orders aren''t to ''stick that knife in your throat'' or something similar). He can be driven to attack, to flee, to drop his weapon, fall to his knees, or just plain row the boat.<br>This trait does not allow a reroll, it merely forces an action. Thus it can be used to cow opportunities or send your reluctant underlings into the fray.'),
	(858, 'The Story', 2, 5, 1, 0, 'This character is adept at playing to his audience—he''s always got the right story on hand to impress them and win them to his side. Call-on for Falsehood.'),
	(859, 'Tonsured', 2, 5, 2, 0, 'This character has symbolically shaved his head as part of the ritual of initiation into his religious order. The Tonsured trait grants a 1D affiliation with a monastic or religious order. Also, the character is authorized to officiate the rituals of his order, whatever the players and GM decide they are. This compounds with other reputations and affiliations in the church.'),
	(860, 'Ugly Reputation', 2, 5, 2, 0, 'The Ship''s Doctor has something of an unpleasant reputation with the sailors. This trait grants a 1D infamous reputation among sailors and seafarers. ''Oh, you were a ''doctor.'''''),
	(861, 'Unheeded', 2, 5, 1, 0, 'No one notices this character. Call-on for Inconspicuous.'),
	(862, 'Vested', 2, 5, 2, 0, 'Priests become vested in their Order. In Western/Christian canon, the vestment is called a surplice. It is the choir dress, the vestment for processions, the official priestly dress of the lower clergy, the vestment worn by the priest in administering sacraments and when giving blessings. The right to wear a surplice shows that the character is at the very least a member of the lower clergy. This trait grants a 1D affiliation with the church and its faithful parishioners. This compounds with other reputations and affiliations in the church.'),
	(863, 'Your Eminence', 2, 5, 0, 0, 'Viscounts and Counts are referred to as ''Your Eminence.'' This trait indicates that the character was born into this rank. He need not have ever been a count himself, but it is his birthright to be addressed as one. A character must have this trait in order to take the Count or Viscount lifepaths.'),
	(864, 'Your Grace', 2, 5, 0, 0, 'Dukes and Bishops bear the appellation of ''Your Grace.'' To fail to refer to them by title is to lose one''s head or the sanctity of one''s mortal soul. The character need not have experienced the actual duties of a Duke or Bishop, but the rank is his to flaunt. This trait is required for the Duke or Bishop lifepaths.'),
	(865, 'Your Lordship', 2, 5, 0, 0, 'This trait simply indicates that the character was born into lower nobility. He need not ever have led the life of a lord. Indeed, to do so would require the Lord lifepath. However, his birthright is that of a lord, and he is accustomed to being addressed as ''Your Lordship.'' Failure to do so is an insult. A character must have the Your Lordship trait in order to take the Lord lifepath.'),
	(866, 'Zealot', 2, 5, 2, 0, 'The Zealot is a fervent believer. He has taken hold of a doctrine and made it his own. The Zealot trait allows the player to add an additional (fourth) Belief to his character. The Belief must relate to the doctrine of his cult or sect.'),
	(867, 'Swath of Destruction', 2, 5, 2, 0, 'This defiler has left a long list of enemies behind him. He receives either a hateful minor relationship or a 1D infamous reputation for free.'),
	(868, 'Ashen Stink', 2, 5, 0, 0, 'The smell and texture of the dead, powdery ash they create clings to defilers no matter how they wash or perfume themselves.'),
	(869, 'Willfully Destructive', 2, 5, 2, 0, 'The sorcerer gains a new option when casting spells: Cast Destructively. Casting Destructively grants the sorcerer a bonus to the Sorcery test, but inflicts a penalty to the Tax test (an equal number of dice in both cases). The player may not gain additional dice greater than his Forte or the Life dice of the surrounding land, whichever is less.'),
	(870, 'Popular Hero', 2, 5, 2, 0, 'The public spectacle of gladiator bouts is a common feature of all the cities of Athas. Gladiators who develop a bit of panache and popular appeal are instantly recognized; this trait gives the character a free +1D reputation, but also adds +2 Ob to Inconspicuous within his native city.'),
	(871, 'Revered', 2, 5, 2, 0, 'The tribal shaman is accorded great respect by his people; he is the keeper of their lore and an intermediary with the afterlife. This trait grants the shaman a free 1D reputation within his tribe.'),
	(872, 'Honored', 2, 5, 2, 0, 'The partriarch (or matriarch) of a tribal lineage is an important figure in the tribe, second or equal in the eyes of his (or her) family to the headman himself. This traits grants a free +1D affiliation with the character''s extended family (brothers, sisters, cousins, nieces, nephews, children and grandchildren) within his own tribe.'),
	(873, 'Mule', 2, 5, 2, 0, 'Muls are men and women bred by the sorcerer-kings and their slavers as laborers; their toughness and strength has made them popular in the arena, as well. What, exactly, they are bred from is unclear, though popular legend suggests a mixture of dwarves and humans (unlikely as that seems). Muls are hairless, muscular, and have slightly pointed ears with otherwise thick features. Muls are also sterile. They are bred for hard labor; this trait acts as a call-on for Forte, Power, or Health in tests of endurance.'),
	(874, 'Maddening', 2, 5, 2, 0, 'He speaks in riddles, circles, or just plain nonsense. +1D to Obfuscate and Avoid the Topic in a Duel of Wits.'),
	(875, 'Always in the Way', 2, 6, 0, 1, null),
	(876, 'Apostate', 2, 6, 2, 3, 'The Apostate has forsaken one religion for another. Anyone can be an apostate- many Christians captured by the Muslims during the Crusades resorted to apostasy in order to save their lives. The Apostate character must have at least one religiously focused Belief. He also gains a 1D infamous reputation among his former co-religionists.'),
	(877, 'Assistant Pig-Keeper', 2, 6, 0, 1, null),
	(878, 'Bastard', 2, 6, 2, 4, 'This character is the illegitimate son of a noble of rank. He will only be heir to the lands and income if all the othe1'' heirs die or join the clergy. Bastards are not looked up on kindly, as they dilute claims to birthright and threaten the system of rightful inheritance. Bastards have a 1D infamous reputation among the nobility.'),
	(879, 'Born to be King', 2, 6, 0, 5, 'This character is a son in the royal line. lf he is the eldest, he is the direct heir to the throne. If he is a younger son, he bears no immediate obligation and is free to pursue his own aims. However, the character is a Prince and the obligations of said rank should play heavily on his life. He may, at some point, be called upon to take the throne!'),
	(880, 'Brook No Fools', 2, 6, 2, 7, 'The spirit binder''s art is not something to be trifled with! His secrets are well kept because meddlnig fools will only cause irreparable harm to themselves and the domains with which they tamper. A summoner with this trait recieves a fate point every time he rebuffs an offer of help from a potential student (so that character does not earn a test toward learning the skill). He recieves a persona point when he actively thwarts another character from learning the secrets of Spirit Binding, Summoning or Circination.'),
	(881, 'Bully', 2, 6, 0, 1, null),
	(882, 'Catalyst', 2, 6, 0, 3, 'You are the center of something great and terrible. Earn a persona point each time your actions cause a conflict between two powerful personas or organizations.'),
	(883, 'Catamite', 2, 6, 0, 1, 'Catamite has been chosen as the trait name to represent openly homosexual characters in the Burning Wheel. Honestly, it was a pejorative medieval term- a slur. It is how society would refer to them, not necessarily how they refer to themselves.<br>Any character may be homosexual via the player''s choice, but by taking the Catamite trait, the player is acknowledging that his character is open about his orientation. The ramifications of such a decision in a conservative medieval society are grist for great game situations.'),
	(884, 'Chosen One', 2, 6, 2, 5, 'If a player''s character possesses the Faithful trait, he may purchase this trait to make the Faith shade gray.'),
	(885, 'Corrupted', 2, 6, 2, 3, 'This character has opened his body and soul to the dark powers. He must open the Corrupted emotional attribute. Increase his starting rank by one.'),
	(886, 'Council of Mages', 2, 6, 2, 6, 'The Council of Mages is a small, secretive, yet powerful entity. This trait grants 1D reputation and a 1D affiliation with this organization. This combines with other appropriate reputations and affiliations.'),
	(887, 'Creepy', 2, 6, 0, 1, null),
	(888, 'Cult Leader', 2, 6, 2, 8, 'Cult Leaders are charismatic and eccentric. This trait grants a 1D reputation and 1D affiliation with the Death Cult. This combines with other appropriate reputations and affiliations.'),
	(889, 'Demented', 2, 6, 0, 1, null),
	(890, 'Disfigured', 2, 6, 2, 3, 'This character has led a life of hardship and pain. He''s been cut up, broken and beaten down. This trait grants +1D to shrug off or grit teeth for any injury.'),
	(891, 'Efficient', 2, 6, 0, 1, null),
	(892, 'Evil', 2, 6, 0, 1, null),
	(893, 'Faithful', 2, 6, 2, 5, 'This trait is required in order to open the Faith attribute. With Faith, the character is able to perform miracles. The Faith section of this chapter describes how to start the attribute. The Emotional Magic section of the Burning Wheel describes its mechanics.'),
	(894, 'Faust', 2, 6, 2, 3, 'When bargaining with the higher powers for something pure and innocent like love, gain a bonus persona point for each agreement you strike on the behalf of the one you seek to protect or affect.'),
	(895, 'Feared', 2, 6, 2, 5, 'For good reason or not, this character is feared by all who know him. +1D to Intimidation. Choose a 1D infamous reputation.'),
	(896, 'Fiery', 2, 6, 0, 1, null),
	(897, 'Gifted', 2, 6, 2, 5, 'This trait is required for the character to be able to cast spells, enchant artifacts, speak with the dead or summon spirits. Without it, Sorcery, Summoning and Enchanting are merely academic pursuits. With the Gifted trait, the character can manipulate magic. See Sorcery in the Burning Wheel for more.'),
	(898, 'Graduate', 2, 6, 2, 3, 'This trait grants a 1D affiliation with a College of Magic. This combines with other appropriate and applicable affiliations.'),
	(899, 'Harried', 2, 6, 0, 1, null),
	(900, 'Hazed', 2, 6, 2, 2, 'This character may take a free inimical relationship with another character who was his senior in the College of Magic.'),
	(901, 'Impressive Hat', 2, 6, 2, 3, 'This character''s hat is mightily impressive. It can be seen for miles! It''s so impressive that people often remember the hat more than the person. This gives a 1D reputation among the people of a given locale as the wearer of the really impressive hat, so long as the hat is being worn, of course. Wearing the hat also gives a +2 Ob to any Disguise or Inconspicuous test.'),
	(902, 'Invocations of the Damned', 2, 6, 1, 5, 'The Dark Priest swears his soul to fell powers. Like other priests, he must have a Belief that ties to his Faith in order to maintain the emotional attribute. If the player writes a second Belief tied to his faith in the dark gods and his service to them, he may use this trait as a call-on for Faith when that Belief comes into question.'),
	(903, 'Late', 2, 6, 0, 2, null),
	(904, 'Low Born', 2, 6, 2, 2, 'Low Born characters are born of unremarkable parents. They cannot trace their lineage to any nobility or to any historic or notable figures. They have a 1D infamous reputation in noble or elite circles due to their obvious lack of heritage. It also adds +1 Ob disadvantage to any Inconspicuous tests in noble or courtly settings.'),
	(905, 'Master of Mages', 2, 6, 2, 0, 'The Headmaster of a College of Magic attained his position by rigorous pursuit of excellence and expertise in sorcery and magic. This trait grants a 2D reputation among mages and the halls of power as a Master of Mages.'),
	(906, 'Misunderstood', 2, 6, 2, 2, 'Choose a 1D infamous reputation and suffer -1 to your body of argument whenever you''re trying to explain your nature, position, meaning or special insight.'),
	(907, 'Never a Moment of Peace', 2, 6, 2, 3, 'This trait grants the character a 5 rps relationship. This relationship must be with a character who is always bothering or interrupting him. If that character is forced out of his life, someone new will come along. This character just attracts these sort of people!<br>You may invest additional resource points and increase the value of this relationship.'),
	(908, 'Outlaw', 2, 6, 2, 3, 'The Outlaw is a very particular person in medieval society. A player who chooses the Outlaw trait for his character must consent to a few conditions: First, his character has either committed a grievous crime or is perceived as a11 enemy of the established order. Second, no law applies to this character- he has no rights whatsoever. He cannot appeal to the courts or the mercy of a judge for anything. Any man or beast may kill the outlaw and suffer no legal penalty for it.<br>When the Outlaw trait is taken, the player must divide his resource points into two pools. Any resource points from City, Noble or Religious lifepaths go into one pool: The player may spend them as per the normal rules. However, he does not get access to the City/Noble/Religious resources until the Outlaw trait is voted off. The character''s remaining resource points may be spent as normal on gear, affiliations, relationships, etc.<br>Outlaws gain a 1D infamous reputation among town and city folk and the nobility.'),
	(909, 'Polite', 2, 6, 0, 1, null),
	(910, 'Spirit Familiar', 2, 6, 2, 5, 'This character has a familiar whose spirit is linked to his own. He can see through the familiar''s eyes using the familiar''s Perception stat. However, when using his familiar''s eyes, a character with this trait cannot look through his own though other senses may still be employed. It takes two actions of concentration to engage his familiar''s eyes, and two more actions to return his sight to his own eyes. This trait does not grant Low Speech. However, the creature does understand its companion''s wishes and will go where its master directs it to go, look at what its master directs it to look at, etc.<br>A character with this trait feels the pain of his familiar. If the familiar suffers a light or greater wound, the master suffers a light wound. If the familiar is ever killed, the master suffers a traumatic wound. In the game, the character is physically unharmed, but mentally traumatized. Recovery and Treatment are as per a standard traumatic wound. This wound does not bleed out.<br>A familiar uses the following stats:<br>Wi G2, Pe G3, Ag B4, SP B5, Po B3, Fo B3, Hea B4, Ref B4, Ste B5, MW B9<br>Choose its form: cat, dog, snake, bird, pig, rabbit, fox or similar. No large predators or beasts of burden. The animal must show some mark or quality that indicates it is not entirely of this world. For example, it must be hairless, one eyed, two tailed, of large size or even just have a disturbing aura.'),
	(911, 'Suicidal', 2, 6, 2, 5, 'This character (instantly) earns a persona point every time he takes a mortal wound.'),
	(912, 'Versatile', 2, 6, 2, 4, 'The Master Sorcerer places bis confidence in the art of sorcery. It is a versatile and potent art, and he knows it intimately. If using Art Magic, reduce by one the number of tests required for Weaving Magic into the Fiber of my Being. If using the standard Sorcery rules, reduce his practicals aptitude by one. If using Practical Magic, he may take an additional category of magic. In addition, the player earns a persona point for pushing his character''s magic in a dangerous or untried direction.'),
	(913, 'Vigor of Youth', 2, 6, 2, 5, 'Though old, this character possesses the strength and vitality of his youth. If starting the game older than 4O years, a character with this trait uses these stat pools: 7 mental and 14 physical.'),
	(914, 'Well Traveled', 2, 6, 2, 4, 'The Speaker of Names wanders the lands and seas, communing with the spirits. This trait allows the player to take a new domain when his chnracter travels to a new locale in play. The player may describe a memory his character has of this place or a place like it. He may describe when he traveled here before. The player then adds a new domain to his spirit binder at its base level (0). Once used, this trait becomes a character trait. To be clear, the domain is added during play at a time of the player''s choosing, not during character burning.'),
	(915, 'Avatar of Destruction', 2, 6, 2, 10, 'This character has unlocked the darkest secrets of defiling magic; he may draw upon the life force of higher animals to power his spells (see The Darkest Power, above). This trait requires the Sorcery skill to be at least Gray shade. Of all beings on Athas, currently only the sorcerer-kings and the Dragon possess this trait; it cannot be taken by a player without explicit permission from the GM and all other players.'),
	(916, 'Addicted to Power', 2, 6, 2, 2, 'The rush of foreign energy that comes to a defiler in the moment before he casts a spell is powerful, ecstatic thing. A character with this trait has become addicted to that moment: whenever he casts spells, he grabs as much energy as possible as quickly as possible. If he attempts to preserve, this character suffers a +2 Ob to Tax tests. The number of dice the sorcerer may gain from casting Patiently or Carefully is limited to half of his Will (round down), in addition to the normal limitations. '),
	(917, 'Cannibal', 3, 4, 0, 0, 'So vile are they, Orcs will not hesitate to slay and eat their companions.'),
	(918, 'Cold Black Blood', 3, 4, 2, 0, 'The cold substance of night runs through their veins, rendering these tormented souls immortal. But it also makes them susceptible to the sun''s burning rays. Orcs suffer +2 Ob to all tests while abroad in the sunlight. If it is cloudy, dawn or twilight, the penalty is only +1 Ob. But the night deadens their nerves as well: Cold Black Blood reduces hesitation obstacles by two for pain, but not fear or wonderment.'),
	(919, 'Fanged and Clawed', 3, 4, 2, 0, 'The mouth of an Orc is a violent organ, well suited to tearing flesh and shouting blasphemies. Orcs may use their Fanged Maw as a weapon: The bite is a Power 1, WS 1, VA 1, Add 2, shortest length weapon. Claws like steel shards protrude from their gnarled fingers. They may be used as weapons: Power 1, WS X, VA -, Add 2, shortest length. They act like knives for purposes of positioning and fighting distance.'),
	(920, 'Loathsome and Twisted', 3, 4, 2, 0, 'Orcs are repellent, even to their own kind, and especially to Elves, Men and Dwarves. Their bodies are bent and squat, with ugly, long arms and sickening charred flesh: Orc stat maximums are straight 8s. This trait also unlocks the Hatred emotional attribute for Orcs.'),
	(921, 'Lynx-Eyed, Like Burning Coals', 3, 4, 2, 0, 'An Orc''s eyes glow red with the inner fire of despite and hatred. Orcs can see clearly in darkness and shadows. They never suffer a penalty for such conditions.'),
	(922, 'Vile Language', 3, 4, 0, 0, 'Orcs speak a special language of shadow, chill and blight. They share this tongue with corrupt vermin, shades, Great Wolves, Trolls, and certain Great Spiders.'),
	(923, 'Affinity for Spiders', 3, 5, 2, 0, 'The Master of Eight develops a special kinship with his spider slaves. He learns their ways and habits. This trait adds +1D to any spider-related stat or skill tests.'),
	(924, 'Back-Breaking Labor', 3, 5, 1, 0, 'Call-on for Power or Forte when performing hard labor.'),
	(925, 'The Bigger They Come...', 3, 5, 0, 0, 'The Siege Master cannot resist big targets. Massive, sturdy donjons are an affront to his sensibilities. The Siege Master will always target the biggest hunk of bricks (or prettiest war machines) first and pound them into dust and ruin.'),
	(926, 'Black Lung', 3, 5, 2, 0, 'This Orc is beset with a wretched hacking cough. This wheezing gives him +1 Ob to all Health, Stealthy, and Inconspicuous tests.'),
	(927, 'Born to Rule Them All', 3, 5, 2, 0, 'Those Born Great and Black are marked by distinctive features —tall stature, broad shoulders, and deep-hued skin. This is the mantle of hereditary leadership among the Orcs. In order to be a Great One or a Servant, one must be Born to Rule Them All. This trait grants a 1D affiliation among Great and Black Orcs and a 1D infamous reputation among the chattel and the legion.'),
	(928, 'Brooding', 3, 5, 2, 0, 'The Great One is prone to profound mood swings. If ever beaten in a Duel of Wits or surpassed in a social skill test, the Great One must succumb to this trait. He must hesitate for his full hesitation (minimum of two actions). While Brooding, the player may invoke his Flights of Murderous Fancy trait. (Note that in order to access that trait, the Great One must have this trait.) If the Great One does not have the Flights of Murderous Fancy trait, he simply fumes for a few moments as he broods and then returns to his regular state of mind.'),
	(929, 'Brutish Efficiency', 3, 5, 1, 0, 'This trait acts as a call-on for Siege Engineer.'),
	(930, 'Charging Blindly', 3, 5, 2, 0, 'Add +1D to Steel tests when at the van of an attack and charging across the field of battle.'),
	(931, 'Cry of Doom', 3, 5, 2, 0, 'He Who Sits Astride the Howling Black Beast learns to howl like a Great Wolf. He may deliver a potent and terrifying war cry from the back of his charging mount. The Cry adds +2D to Intimidation when mounted and bearing down on your prey. Intimidation requires two actions. Also using the Cry, the Orc may call his wolf to him over great distances—communicating with him as if he himself were a wolf.'),
	(932, 'Exhausted', 3, 5, 2, 0, 'Pushed to the brink of his endurance one too many times, this character is simply exhausted. +1 Ob to all Health tests.'),
	(933, 'Flights of Murderous Fancy', 3, 5, 2, 0, 'While under the effects of the Brooding trait, the Great One is beset by the winged visions of his horrid and vile fantasies. These tempting little morsels dance in his mind''s eye: tearing the Elven captain limb from limb, turning pesky knights into dinnerware, or slaughtering his entire clan in order to get them to shut up, for example. After being humiliated in a social skill test or Duel of Wits, such visions become irresistible. While Brooding, the Orc player may design a Flight of Murderous Fancy to focus on. He must name a task and the vivid details of how he''ll accomplish said task. He may then FoRK his Hatred into any and all tests—stat, skill, Steel, Health, or whatever—while on the job. When he sates his fancy (and accomplishes the goal), the player immediately earns a persona point. Tapping into the Flights of Murderous Fancy trait counts as a routine test for Hatred.'),
	(934, 'Forked Tongue', 3, 5, 1, 0, 'This trait is a call-on for Falsehood.'),
	(935, 'Hiding', 3, 5, 2, 0, 'Goblins learn very quickly that it''s better to hide from their masters than be caught or volunteer. Add +1D to Stealthy.'),
	(936, 'Kicking the Beast', 3, 5, 2, 0, 'It is the Cattle Slaves'' responsibility to move any herd animals owned by the clan. Should any animals go missing, the Goblins become the herd. Characters with this trait may use their Power or Agility, or a weapon skill, to motivate any herd animal (in lieu of Animal Husbandry, Riding, or Driving). The animals do suffer wounds from any extreme behavior.'),
	(937, 'Life is Death', 3, 5, 2, 0, 'Reduce hesitation obstacles due to injury and pain by two.'),
	(938, 'Marching', 3, 5, 2, 0, 'Orcs with this trait actually know how to march in step. Add +1D to Speed for any marching or travel tests, and +1D to Health tests for fatigue, when marching in formation under the lash.'),
	(939, 'Numb', 3, 5, 2, 0, 'This character has lived life under the whip. The Numb trait gives the character pronounced scars along his back, shoulders, and legs. Also, the character does not feel the +1 Ob effects of superficial wounds. Three superficial still equal -1D.'),
	(940, 'Pack Hunter', 3, 5, 2, 0, 'Ravagers hunt with one another in an instinctual fashion. This trait adds +1D to all Steel tests so long as the Orcs equal their enemy''s numbers. It also adds +1D to all engagement and positioning tests (in Fight!), and field maneuvers (in Range and Cover) when attacking in a group (as small as two Orcs).'),
	(941, 'Pain Life', 3, 5, 2, 0, 'Pain Life reduces hesitation due to pain by one.'),
	(942, 'Rare Talent', 3, 5, 1, 0, 'Amazingly, and against all expectations, this Orc is actually talented with his hands and mind. The player may choose one craftsman or artisan-type skill for which this trait acts as a call-on. No wonder he was promoted to Gate Forger.'),
	(943, 'Running (Away)', 3, 5, 2, 0, 'Increases the character''s stride by one when he''s running in fear, surprise, or terror—and not necessarily just from a failed Steel test.'),
	(944, 'Savage Consequences', 3, 5, 0, 0, 'The Named pays back any slight or injury two-fold. You wound him, he cripples you. You best half his clan, he slaughters two of your cities.'),
	(945, 'Stark Madness', 3, 5, 0, 0, 'Drinkers of the Dark are driven to the brink of madness and then shoved over the edge. Embracing the absence of reason and the totality of fear is essential to mastering Hatred and becoming a true Servant.'),
	(946, 'Stealing', 3, 5, 0, 0, 'Should a player whose character has this trait take a kleptomaniacal Instinct, he may use Stealing as a call-on for Sleight of Hand. If no such Instinct is taken, this character is the first one accused when anything is stolen in the clan.'),
	(947, 'Tasting the Lash', 3, 5, 2, 0, 'When another character cracks a whip across his back and gives an order, the player must obey the orders (so long as the orders aren''t to ''stick that knife in your throat'' or something similar). He can be driven to attack, to flee, to drop his weapon, fall to his knees, or just plain row the boat.<br>This trait does not allow a reroll, it merely forces an action. Thus it can be used to cow opportunities or send your reluctant underlings into the fray.'),
	(948, 'Troll Speak', 3, 5, 2, 0, 'Orc Troll Lords learn to communicate with Trolls, not only in the Vile language, but in the brute''s own language as well. This character may understand spoken Trollish and speak it himself.'),
	(949, 'Unrelenting Savagery', 3, 5, 2, 0, 'Head-Takers earn their position through their ability to master their blood lust. When in battle, or when committing murder, this character may FoRK his Hatred into any weapon skill or Power test. However, the player who controls this character must take his actions too far. When he uses this trait he must describe an act so horrid and vile it causes the other players to flinch and grimace. Failure to evoke the savage nature of the Head-Taker is cause for loss of the trait in the Trait Vote. Invoking this trait also counts as a routine test for Hatred.'),
	(950, 'Where There''s a Whip There''s a Way', 3, 5, 3, 0, 'Orcs live by the rule of the lash. With a whip in hand and lads to lash, an Orc taskmaster feels that nothing can stop him! An Orc with this trait and a whip can force another —any character— to reroll a failed test once per session as if he had a call-on for this particular test. This effect is automatic so long as the player is bellowing and flailing around like he has a whip in his hand (and his character actually has a whip). This is how Orcs make slaves of their captives. A few sessions of accepting the whip will no doubt earn you the Tasting the Lash trait in the vote.'),
	(951, 'Black Bile Poison', 3, 6, 2, 3, 'Black Hunters know a little-known secret about Orc bile. It''s toxic to other creatures. A Hunter with this training may simply vomit on his arrows or knives to poison them before a fight. The vomit stays fresh for about a half hour before it loses its potency. No roll is required. Any creature who takes a Mark result hit from such a coated barb must pass an Ob 4 Health test. Margin of failure is added to all Health and Steel test obstacles taken for the rest of the day. This poison does not affect Orcs.'),
	(952, 'Enemy of the Sun', 3, 6, 2, 3, 'The greatest, most fearsome of Orcs have been bred to resist the pure rays of the sun. They may travel by day and suffer no obstacle penalties as under the Cold Black Blood Orc common trait.'),
	(953, 'Low Cunning', 3, 6, 1, 4, 'This is a call-on for any skill used in betraying a superior.'),
	(954, 'Void Embrace', 3, 6, 2, 4, 'Drinkers of the Dark are immersed in shivering pools of arcane energies. They are taught to imbibe, inhale and exhale the Dark Blood and survive. This trait transforms the Orc''s Hatred into a vehicle for enormous power. However, Orcs are unable to tap their innate power without Rituals. Void Embrace is an emotional attribute with its own shade and exponent.<br>It is used to resist tax, sustain spells (rather than Will), and is used to maintain a spell after a distraction. Any Orc maybe taught the Rituals, but without Void Embrace, he cannot resist the tax and thus will be permanently crippled or worse. Void Embrace can also he used to enhance certain rolls by spending a persona point to tap the Void. See the Void Embrace section of the Orc chapter for more details. If Void Embrace is advanced to exponent 10, the Orc goes mad or commits suicide. Either way, he''s removed from play.'),
	(955, 'Aecer''s Likeness', 4, 4, 0, 0, 'Roden claim they were created in the image of their god, Aecer. Covered in short fur, they bear large ears and long tails. Their elongated feet are thickly padded, making shoes unnecessary. Pronounced incisors cuver down from their extended snouts.<br>Roden have fast metabolisms that take a toll on them over time. Roden live shorter lives than humans, reaching old age by 40. They have a Stride of 8.'),
	(956, 'Coat of Fur', 4, 4, 1, 0, 'All Roden have a short coat of fur. While Field Roden coloration ranges from sawdust to chocolate, those Below tend to be dark brown, gray or black. Roden fur offers them protection from elements. They can withstand rain and cold with little worry. This trait acts as a call-on for Health or Forte tests related to weather or wet.'),
	(957, 'Communal', 4, 4, 2, 0, 'Roden prefer the company of others and safety in numbers. They live in close-knit villages made up of large extended families and refer to their as ''nests''. It is quite rare to find one alone, and usually such loners are exiles. All Roden start with a 1D affiliation with their family nest. Name the nest and its location.'),
	(958, 'Enlarged Incisors', 4, 4, 2, 0, 'Roden incisors grow continually through life and need to be filed regularly. These incisors are quite sharp and can be used to bite opponents if the situation becomes desperate. Pow 1, Add 2, VA -, WS 2, Shortest.'),
	(959, 'Tail', 4, 4, 0, 0, 'Roden tails range from 1/2 to 1 pace long. Field Born often have furry tails, while those Below often have bald ones.'),
	(960, 'Large Ears', 4, 4, 2, 0, 'Roden have large, sensitive ears that sit atop their heads. These give them excellent hearing: +1D to Perception rolls involving hearing. Factor this bonus into Reflexes.'),
	(961, 'Skittish', 4, 4, 2, 0, 'Roden instinctively fear loud noises and surprises. Increase hesitation by one for Steel tests caused by fear and surprise. Hesitation for more than one action indicates the Roden must flee.'),
	(962, 'Abused', 4, 5, 0, 0, null),
	(963, 'Acquisitive', 4, 5, 0, 0, null),
	(964, 'Ambitious', 4, 5, 0, 0, null),
	(965, 'Alarmist', 4, 5, 2, 0, 'Deputies aren''t necessarily cowards, but they know the best way to deal with trouble is to bring in reinforcements -fast! ''Shout when surprised or hesitating'' must be added as an additional fourth instinct.'),
	(966, 'Albino', 4, 5, 2, 0, 'This Roden has white fur, pink eyes and is sensitive to sunlight. The Albino suffers +2 Ob to all Inconspicuous tests and carries an infamous reputation among Roden. Combine this infamous reputation with other appropriate similar reputations.'),
	(967, 'Back-Breaking Labor', 4, 5, 1, 0, 'Call-on for Power or Forte when performing hard labor.'),
	(968, 'Bedside Manner', 4, 5, 0, 0, null),
	(969, 'Beespeaker', 4, 5, 2, 0, 'This character understands the secret lives of bees. He can understand their signs and buzzing, but he can''t really talk back to them. His Perception acts as Aura Reading on bees.'),
	(970, 'Bitter', 4, 5, 0, 0, null),
	(971, 'Blood Thirsty', 4, 5, 1, 0, 'A Carnivore''s blood runs hot, and he is quick to anger. He relies on confrontation to deal with most problems. Call-on for Intimidation. He must enter combat in aggressive stance.'),
	(972, 'Broken', 4, 5, 2, 0, '-1 Ob to all Intimidation, Interrogation, Command, and Seduction tests used against this character. His Will has been broken.'),
	(973, 'Calloused', 4, 5, 0, 0, null),
	(974, 'Calm Demeanor', 4, 5, 1, 0, 'The Roden learns that an implacable visage is crucial to winning favor and advancement. To portray fear and agitation is to betray oneself. Call-on for Steel in the Duel of Wits.'),
	(975, 'Cautious', 4, 5, 0, 0, null),
	(976, 'Clumsy', 4, 5, 2, 0, 'This character tends to trip or drop things at the wrong moment. Use this trait to further color failed tests involving holding precious or fragile things. A Clumsy character will always drop what he is holding in a rather spectacular manner if he fails a test.'),
	(977, 'Cocky', 4, 5, 0, 0, null),
	(978, 'Compassionate', 4, 5, 0, 0, null),
	(979, 'Condescending', 4, 5, 0, 0, null),
	(980, 'Confident', 4, 5, 0, 0, null),
	(981, 'Confusing Rant', 4, 5, 2, 0, 'Pinkies are a bit ''off'' in their thinking and tend to be socially awkward. People who speak to one often come away dazed by a bombardment of trivia, non sequiturs and bod jokes. During a Duel of Wits, this trait grants the character +3 to Incite. The only hesitation option is to ''Stand and Blink''. All attempts to Intimidate or Command a character with Confusing Rant are at +2 Ob. Also Ranters are at a +2 Ob to all Oratory and Rhetoric tests.'),
	(982, 'Cool Headed', 4, 5, 2, 0, 'Cool heads keep calm in crazy situations. Reduce hesitation from surprise and fear (not pain) by one.'),
	(983, 'Cowardly', 4, 5, 2, 0, 'This is not the most flattering trait. Cowardly characters will not willingly put themselves at bodily risk and tend to run from danger—or at least be conveniently absent: +1 hesitation.'),
	(984, 'Daring', 4, 5, 0, 0, null),
	(985, 'Deep Sense', 4, 5, 2, 0, 'This trait turns the character''s Perception into an Orienteering-like skill when underground. He can discern direction, depth and inclination like surface dwellers can see the lay of the land, time of day and the weather.'),
	(986, 'Defensive', 4, 5, 0, 0, null),
	(987, 'Desperate', 4, 5, 0, 0, null),
	(988, 'Diligent', 4, 5, 0, 0, null),
	(989, 'Distracted', 4, 5, 0, 0, null),
	(990, 'Dumb', 4, 5, 0, 0, null),
	(991, 'Dreamer', 4, 5, 2, 0, 'This character''s dreams have a lifelike and portentous quality. The prime function of this trait is to allow the character to have visions in his dreams. These visions are always relevant to the game at hand. The player then becomes the intermediary for this information between the GM and the rest of the group.'),
	(992, 'Faithful', 4, 5, 2, 0, 'This trait is required in order to open the Faith attribute. With Faith, the character is able to perform miracles. The Faith section of this chapter describes how to start the attribute. The Emotional Magic section of the Burning Wheel describes its mechanics.'),
	(993, 'Feared', 4, 5, 2, 0, 'For good reason or not, this character is feared by all who know him. +1D to Intimidation. Choose a 1D infamous reputation.'),
	(994, 'Fragrant', 4, 5, 0, 0, null),
	(995, 'Frustrated', 4, 5, 0, 0, null),
	(996, 'Genius', 4, 5, 1, 0, 'Your every idea is unique and brilliant -every plan sure-fire and flawless. It is only a matter of time before such brilliance is properly recognized and rewarded. Genius is a call-on for one non-martial or athletic skill of the player''s choosing.'),
	(997, 'Gnawing Hunger', 4, 5, 0, 0, null),
	(998, 'Good Listener', 4, 5, 1, 0, 'The Negotiator seems to pay attention to and understand what people say. This encourages others to continue speaking and open up to him. This trait may be used as a call-on for Haggling, Persuasion and Seduction.'),
	(999, 'Gopher', 4, 5, 0, 0, null),
	(1000, 'Hacking Cough', 4, 5, 0, 0, null),
	(1001, 'Hoarder', 4, 5, 0, 0, null),
	(1002, 'Humble', 4, 5, 2, 0, 'All are equal before Aecer, and the wise continually remind themselves this fact. 1D reputation among the faithful as exceptionally humble.'),
	(1003, 'Impersonal', 4, 5, 0, 0, null),
	(1004, 'Imperious Demeanor', 4, 5, 1, 0, 'Use this trait as a call-on for Circles when dealing with anyone of lower rank or station.'),
	(1005, 'Industrious', 4, 5, 0, 0, null),
	(1006, 'Independent', 4, 5, 0, 0, null),
	(1007, 'Light Touch', 4, 5, 1, 0, 'The key to a successful ''lift'' is in the fingers. May be used as a call-on for Sleight of Hand.'),
	(1008, 'Loyal', 4, 5, 2, 0, 'There is an old saying: ''Death is lighter than a feather, but duty is heavier than a mountain.'' This character lives by these words. The player may add an additional Belief centered around his Loyalty to another character. Should this trait ever be voted off, the character loses the Belief as well; should the Belief be changed, the trait is lost.'),
	(1009, 'Lucky', 4, 5, 2, 0, 'There''s always the lucky ones. Always. They make the rest of us look like shlubs while they skate through life. This trait can be used in a number of ways. First, it can be used as a call-on for any ability. This can only be used once per adventure. Second, it can be used to buy off one failed roll to save the character''s life once—a failed armor test, a flubbed Speed test, etc. The test is passed and the trait is lost. Lastly, if the player makes a random in-game guess (via roleplay), the guess is always right—so long as the player isn''t aware the guess is right.'),
	(1010, 'Mean', 4, 5, 0, 0, null),
	(1011, 'Meek', 4, 5, 0, 0, null),
	(1012, 'Megalomaniac', 4, 5, 2, 0, 'The Visionary is a gift from Aecer to the mortal world. It is his destiny to lead and shape the future in his image. +2D to Conspicuous and always add an extra die when helping or FoRKing with Conspicuous.'),
	(1013, 'Merciless', 4, 5, 0, 0, null),
	(1014, 'Misunderstood', 4, 5, 2, 0, 'Choose a 1D infamous reputation. In addition, suffer -1 to your body of argument whenever you''re trying to explain your nature, position, meaning or special insight.'),
	(1015, 'Most Holy', 4, 5, 2, 0, 'This character is the living embodiment of the power divine. He gains +3s to his  body of argument in a Duel of Wits involving matters spiritual. However he has no temporal power. Any other character arguing with him about earthly matters, philosophy, women or money benefits from the Enmity Clause: +4 to his body of arguments against Most Holy.'),
	(1016, 'Murderous', 4, 5, 0, 0, null),
	(1017, 'Nauseous', 4, 5, 0, 0, null),
	(1018, 'Obsessed', 4, 5, 0, 0, null),
	(1019, 'Opportunist', 4, 5, 0, 0, null),
	(1020, 'Ordained', 4, 5, 2, 0, 'This Roden is one of Aecer''s Ordained. He is responsible for carrying out the rituals and rites. Ordained characters are always treated with respect by the Field Roden. 1D affiliation with the Roden faithful.'),
	(1021, 'Pack Rat', 4, 5, 0, 0, null),
	(1022, 'Patient', 4, 5, 0, 0, null),
	(1023, 'Poker Face', 4, 5, 1, 0, 'More than just an inscrutable stone face, Poker Face is all about giving the face you need to mislead your opponent. This trait can be used as a call-on for Falsehood and Cambling/Games of Chance.'),
	(1024, 'Portly', 4, 5, 0, 0, null),
	(1025, 'Practical', 4, 5, 0, 0, null),
	(1026, 'Practiced Smile', 4, 5, 0, 0, null),
	(1027, 'Pyromaniac', 4, 5, 0, 0, null),
	(1028, 'Quiet', 4, 5, 1, 0, 'Quiet characters walk quietly, talk quietly, eat quietly and often startle their friends with unheralded appearances. This trait can be used as a call-on for Stealthy.'),
	(1029, 'Rat Speak', 4, 5, 2, 0, 'This character can talk to and understand rats and mice.'),
	(1030, 'Revered', 4, 5, 1, 0, 'The Abbot or Abbess is a pilalr of piety in the community. May be used as a call-on for Oratory or Suasion.'),
	(1031, 'Righteous', 4, 5, 0, 0, null),
	(1032, 'Ruthless', 4, 5, 0, 0, null),
	(1033, 'Scheming', 4, 5, 2, 0, 'Scheming characters are always plotting and planning. It doesn''t even have to be for their benefit or gain—sometimes they just plot and plan to see their cleverness at work. Combined with Murderous or Ambitious, this can be a very problematic trait. Scheming also allows the player to add +1D to his body of argument in a Duel of Wits.'),
	(1034, 'Sea Legs', 4, 5, 1, 0, 'Call-on for Speed when aboard a ship. Also, this character doesn''t get seasick.'),
	(1035, 'Secretive', 4, 5, 0, 0, null),
	(1036, 'Serious', 4, 5, 0, 0, null),
	(1037, 'Single-Minded', 4, 5, 1, 0, 'Once a Murderer sets his mind, there is very little that can redirect him. Call-on for Steel when ''on the job''.'),
	(1038, 'Soft Step', 4, 5, 1, 0, 'The Sneak Thief walks in a particular fashion, feeling each step before putting his weight on it. May be used as a call-on for Climbing and Stealthy.'),
	(1039, 'Sweet Tooth', 4, 5, 0, 0, null),
	(1040, 'Thick Skin', 4, 5, 2, 0, 'The character is unaffected by insults, nettling, and nagging. Incite actions in the Duel of Wits are +2 Ob against this character.'),
	(1041, 'Toughtful', 4, 5, 0, 0, null),
	(1042, 'Toiling', 4, 5, 1, 0, 'Laborers are used to working long hours doing the same mindless, repetitive tasks. Call-on for any skill when doing mindless, repetitive tasks.'),
	(1043, 'Tunnel Vision', 4, 5, 2, 0, 'The Below is a dark place and those who live there have adapted. Your character can see as normal in low-lit areas but not in complete darkness. Those looking directly into these eyes will see glowing green orbs staring back. Reduces penalties for dim light by one step.'),
	(1044, 'Vegetarian', 4, 5, 0, 0, null),
	(1045, 'Victim', 4, 5, 2, 0, 'This character has suffered sustained abuse designed to get them to conform to a code of behavior. Choose a relationship with one of your abusers. That character has +1D to all social skills used against the victim.'),
	(1046, 'Weird', 4, 5, 0, 0, null),
	(1047, 'Zealot', 4, 5, 2, 0, 'The Zealot is a fervent believer. He has taken hold of a doctrine and made it his own. The Zealot trait allows the player to add an additional (fourth) Belief to his character. The Belief must relate to the doctrine of his cult or sect.'),
	(1048, 'Clawed', 4, 6, 2, 3, 'The Clawed trait produces hard, elongated fingernails that can be used as tools or weapons. Pow 1, Add 2, VA -, WS X, Shortest.'),
	(1049, 'Club Tail', 4, 6, 2, 2, 'This tail is thicker and stiffer than most. It can be surprising weapon during a melee. Pow 2, Add 2, VA -, WS 2, Long. May not be combined with Whip Tail.'),
	(1050, 'Coat of Darkness', 4, 6, 2, 5, 'Some of those Below have adapted almost supernaturally to the dark. When attempting to move unseen in areas of darkness and shadow, this fur adds +2D to the roll. May not be combined with Fur of the Fields.'),
	(1051, 'Extra-Long Fur', 4, 6, 0, 1, null),
	(1052, 'Fur of the Fields', 4, 6, 2, 5, 'Roden with this trait have a wondrous coat of fur that allows them to blend into any field or woodland terrain. When attempting to Stealth in such areas, this fur adds +2D to the roll. May not be combined with Coat of Darkness.'),
	(1053, 'Naked', 4, 6, 0, 1, 'Roden with this trait have no fur, and their pink skin is laid bare, though whiskers still poke out from their muzzles. Sunburn is comon and clothing is required.'),
	(1054, 'Night Eyed', 4, 6, 2, 4, 'With this trait, a Roden is able to see even in complete darkness. However daylight causes a +1 Ob to all tests.'),
	(1055, 'Puched Cheeks', 4, 6, 2, 2, 'These cheeks are wonderfully elastic and can be used to carry a surprising amount of fruits, nuts and vegerables. Consider it feasible to place up to six appleas in each cheek. Knives and other sharp objects are carried at the bearer''s own risk!'),
	(1056, 'Sharpened Incisors', 4, 6, 2, 4, 'This Roden''s teeth are extra sharp. Pow 1, Add 2, VA 1, WS X, Shortest.'),
	(1057, 'Visionary Faith', 4, 6, 2, 5, 'Visionaries draw their power from their followers, not divine favor. This trait grants a B3 Faith attribute. The attribute may not be increased with the Faith questions: instead, it is increased by purchasing a Visionary Cult. Any miracles performed with Visionary Faith only affect the believers and nothing else.'),
	(1058, 'Whip Tail', 4, 6, 2, 3, 'These tails are typically one or two paces longer than most others and tend to be slender. Pow 0, Add 1, VA -, Longer, WS 3. May not be combined with Club Tail.'),
	(1059, 'Black Nails', 5, 4, 2, 0, 'Trolls typically have massive, craggy claws used for digging and tearing. They don''t often use their claws as a weapon, favoring the use of their stony fists to subdue prey. However if a Troll has another character in a Lock and chooses to do damage (rather than increase the Lock), add +1 Power to the damage of the attack due to the claws gouging into the victim.'),
	(1060, 'Fangs', 5, 4, 2, 0, 'A Troll''s mouth is a mass of misshapen teeth and fangs. He may bite. Pow 1, Add 2, VA -, WS: 2, Shortest.'),
	(1061, 'Night Blooded', 5, 4, 2, 0, 'Nocturnal by nature, Trolls typically shun the sunlight, for it will undo the sorcery which gave their night-stalking ancestors life. Exposure to the sun causes the Troll''s stony roots to consume him and crush him from within.'),
	(1062, 'Night Eyed', 5, 4, 2, 0, 'Born of the stuff of night, Trolls can see perfectly well in the darkness and suffer no penalties for nighttime conditions. However, rain and haze do affect them like other characters, and bright light imposes a +1 Ob penalty.'),
	(1063, 'Massive Stature', 5, 4, 2, 0, 'Trolls are the definition of Massive Stature: barrel-chested, hulking beasts with long thick limbs and shoulders like towering cliffs. The largest of their number growtwice as tall as humans, but even the smallest adults are rarely less than seven feet in height.<br>Increase all weapon lengths by one for the Troll.<br>These great lumbering beasts must have minimum Power and Forte of 4. The maximum exponents for Power and Forte are 9. The maximum exponents for Agility and Speed are 5. Stride is 7.'),
	(1064, 'Stone''s Age', 5, 4, 2, 0, 'Trolls were born of stone and sorcery and to these roots they remain closely tied. Though not immortal, these creatures age very slowly and are capable of living for long centuries -if they can survive their own violent tendencies.<br>However, the weight of granite in their blood has detrimental effects. Their view of the world is dim and ponderous and their ability to intuit or empathize is minimal. A troll may not have a Perception or Will exponent highter than 6.'),
	(1065, 'Tough', 5, 4, 2, 0, 'Trolls are embodiment of tough. Round up when factoring Mortal Wound.'),
	(1066, 'Troll Skin', 5, 4, 2, 0, 'Troll Skin is resilient and leathery, It provides 1D of armor to the limbs and head, 2D to the chest.<br>As he gets older, a Troll''s flesh often hardens into a stony mass. Thus, the Troll Skin trait maybe upgraded to Scaly Skin or Stone Skin for just a few trait points. See the Troll Special Traits list. This skin cannot ''fail'' and become damaged like armor: 1s are discounted in this case. VA works as normal against this armor.'),
	(1067, 'Voracious Carnivore', 5, 4, 0, 0, null),
	(1068, 'Addled', 5, 5, 0, 0, null),
	(1069, 'Back-Breaking Labor', 5, 5, 1, 0, 'Call-on for Power or Forte when performing hard labor.'),
	(1070, 'Bellowing', 5, 5, 1, 0, 'The sound of this Troll''s voice is unimaginably loud. Use as a call-on for Intimidation and Command'),
	(1071, 'Boor', 5, 5, 0, 0, 'Bull Trolls have forceful personalities, perhaps verging on the barest of leadership qualities, but mitigated by ill moods, bad jokes and a predilection for overbearing violence.'),
	(1072, 'Brutal', 5, 5, 0, 0, null),
	(1073, 'Brute', 5, 5, 2, 0, 'This troll is so though (or alternatively, stupid) that he doesn''t know when to give up. When taking die penalties from wounds, mental stats do not count for the purposes of incapacitation.'),
	(1074, 'Grotesque', 5, 5, 1, 0, 'Call-on for Intimidation and Conspicuous when displaying your deformity.'),
	(1075, 'Hardened', 5, 5, 2, 0, 'Hard labor has turned this character''s back to stone and his muscles to iron. Round up when factoring Health.'),
	(1076, 'Hauling', 5, 5, 1, 0, 'Ox Trolls are the breasts of burden in the Troll legions. They haul impossible loads for interminable journeys. Use this trait as a call-on for Power when pushing, pulling or hauling loads.'),
	(1077, 'Heaving', 5, 5, 1, 0, 'The lowest rung Troll soldiers in their great legions is that of the Battering Ram. These massive brutes haul forth great war engines to the walls of the citadels of their enemies and even use their own bodies to batter down walls. Use this trait as a call-on for Power when trying to break, smash or knock ower something.'),
	(1078, 'Insidious Cruelty', 5, 5, 0, 0, null),
	(1079, 'Mind Numbing Work', 5, 5, 0, 0, null),
	(1080, 'Misshapen', 5, 5, 0, 0, null),
	(1081, 'Numb', 5, 5, 2, 0, 'This character has lived life under the whip. The Numb trait gives the character pronounced scars along his back, shoulders, and legs. Also, the character does not feel the +1 Ob effects of superficial wounds. Three superficial still equal -1D.'),
	(1082, 'Slow', 5, 5, 2, 0, 'Slow to react and slow on the uptake, he''s not the sharpest knife in the drawer. +1 Ob to all Perception tests and increase base hesitation by one.'),
	(1083, 'Solitary', 5, 5, 0, 0, null),
	(1084, 'Stubborn', 5, 5, 2, 0, 'This trait adds +2D to the character''s body of argument in a Duel of Wits that contravenes one of his Beliefs.'),
	(1085, 'Tasting the Lash', 5, 5, 2, 0, 'When another character cracks a whip across his back and gives an order, the player must obey the orders (so long as the orders aren''t to ''stick that knife in your throat'' or something similar). He can be driven to attack, to flee, to drop his weapon, fall to his knees, or just plain row the boat.<br>This trait does not allow a reroll, it merely forces an action. Thus it can be used to cow opportunities or send your reluctant underlings into the fray.'),
	(1086, 'Tough as Nails', 5, 5, 2, 0, 'Pain and suffering are a picnic. This character is not required to make Steel tests for pain, exhaustion, or deprivation. He just clambers to his feet and keeps going. If kicked back to the ground, he crawls.'),
	(1087, 'Unflinching', 5, 5, 2, 0, 'Ironshields are the bodyguards and retinues of the Troll legions. They are trained to stand guard and lay down their lives for their warlord master. This trait reduces hesitation by 4 for fear and pain.'),
	(1088, 'Vile Language', 5, 5, 0, 0, 'Orcs speak a special language of shadow, chill and blight. They share this tongue with corrupt vermin, shades, Great Wolves, Trolls, and certain Great Spiders.'),
	(1089, 'Wickedly Clever', 5, 5, 1, 0, 'Warlords quickly grow to understand that the world sees Trolls as mindless brutes, good only for absorbing and dealing devastation. Outsiders forget that Trolls can evince intelligence. Troll Warlords use this prejudice to their advantage -playing the part of the dumb automaton while scheming and plotting behind their thick masks. Call-on for Strategy and Tactics when unveiling a surprising stratagem or ploy.'),
	(1090, 'Witch Flesh', 5, 5, 2, 0, 'The Brood Mother knows a bit of magic, rumored to have been handed down from an old giantess in ages past. This magic, called Witch Flesh, grants the ability to transform into a handsome young man or woman. The disguies is impenetrable. The brood mother retains her stats and attributes, but her character traits are replaced with Beautiful, Wholesome, Apple-Cheeked, etc. Any other traits requiring physical expression (like Horns or Claws) are temporarily lost to the human form. No test is required to transform, but the change requires a full scene, during which magic slowly takes effect.<br>Once the Brood Mother reveals her true nature to her victim (or is perhaps accidentally spotted transforming), the victim will never see her the same way again -and can never be fooled by the Witch Flesh of this Brood Mother again.'),
	(1091, 'Where There''s a Whip There''s a Way', 5, 5, 3, 0, 'Orcs live by the rule of the lash. With a whip in hand and lads to lash, an Orc taskmaster feels that nothing can stop him! An Orc with this trait and a whip can force another—any character—to reroll a failed test once per session as if he had a call-on for this particular test. This effect is automatic so long as the player is bellowing and flailing around like he has a whip in his hand (and his character actually has a whip). This is how Orcs make slaves of their captives. A few sessions of accepting the whip will no doubt earn you the Tasting the Lash trait in the vote.'),
	(1092, 'Berzerker', 5, 6, 2, 3, 'When this Troll fails a Steel test or suffers a wound (that he can feel - Numb and Dead to Pain work against this trait), the monster immediately and automatically shifts into aggressive stance. There is no hesitation. While enraged he will (and must) attack any living (or seemingly living) thing around him -starting with that which just hurt/enraged him. He then moves on to the next closest target, friend or foe. The Troll Remains in aggressive stance even if he sprints. The rage lasts for exchanges equal to 10 minues the character''s Will exponent. If the monster is already in aggressive stance when the above conditions are met, he spends two actions roaring and bellowing (which count as an Intimidation test against his opponents).'),
	(1093, 'Bull-Legged', 5, 6, 2, 4, 'In place of his clawed feet, this Troll possesses a pair of bony hooves that give him a kicking weapon (Pow 1, VA 1, WS 1). The Troll also walks with a distinctive gait and makes quite a racket when treading on hard surfaces. Any Speed or Stealthy tests made while on stone, ice or really hard, smooth wood are at a +1 Ob (May not be combined with Webbed Fingers and Toes).'),
	(1094, 'Crystalline Spines', 5, 6, 2, 3, 'A growth of crystallin spines sprouts from the back and shoulders of this Troll. The spines are sharp to the touch and break off and lodge themselves in the flesh of the unwary, causing great discomfort.<br>Any creature that grapples or otherwise comes into contanct with the Troll''s spines suffers a +1 Ob to all tests until the spines are removed. This takes effect if the Troll grapples you, too. The penalty is cumulative for each contact.<br>Spines can be plucked out in about a half hour. If the Surgery or Field Dressing skill is used, they can be treated in the time it takes to tend to a Superficial wound.<br>If the troll is forced onto his back -if he falls or is pushed- it is possible that the spines are crushed and flattened. Roll the die of fate. On a 1 the spines are crushed and unusable. It takes about a month for the crystals to regrow (They always regrow).'),
	(1095, 'Devourer', 5, 6, 2, 3, 'This Troll easy anything -soil, stone, wood, metal and flesh. He is indiscriminate in his choices and in fact cannot help himself from sampling his surroundings. Add +1 VA to bite attacks.'),
	(1096, 'Earth Blood', 5, 6, 2, 3, 'No matter how badly wounded, this Troll will always heal. Cuts will close, bones will knit and even lost limbs will regrow. This Troll can never fail a Health test for Recovery (though he can roll poorly, in which case maximum healing time is required for the wound to close). The only way to destroy this beast is to put him to fire.'),
	(1097, 'Enemy of the Sun', 5, 6, 2, 4, 'The greatest, most fearsome of Trolls have been bred to resist the burning rays of the sun. They may travel by day and not b e turned to stone as with the Night Blooded trait. Enemies of the Sun do not suffer penalties for dim and twilit light, but they can no longer see in complete darkness (+4 Ob in pitch dark). This trait replaces the Night Blooded trait.'),
	(1098, 'Hammer Hands', 5, 6, 2, 2, 'With hands like great mattocks, this Troll is best suited to brawling and pummeling. Add +1D to the Troll''s Brawling skill for purposes of barefisted Block, Strike, Beat and Push actions. The Troll suffers a +1 Ob to any other skill that requires manual dexterity (including Throwing and weapons skills).'),
	(1099, 'Hook Hand', 5, 6, 2, 4, 'On of this Troll''s hands has formed into a massive bony hook. This hook can be used as a weapon: Power 2, VA 1, WS 2, Short; may Great Strike. In fact, it is really too big and clumsy to be used for anything else.'),
	(1100, 'Horns', 5, 6, 2, 5, 'Great stony horns protrude from the Troll''s skull. In addition to being terribly intimidating, they also serve a somewhat practical purpose. When the Troll charges another creature of relatively similar size, he may choose to add +1D to his Charge Power or to do damage on the Charge as if he had been simultaneously Striking. Damage is Pow 2, VA 2, WS 1. The first two successes of the Charge attack count as a superficial wound to the victim. Four successes over equals a Mark hit. Six over is a Superb hit.'),
	(1101, 'Iron Hide', 5, 6, 2, 6, 'This skinn is as tough as iron and scaled like shark. All incoming damage is reduced by -1 pip on the PTGS: B8 damage would be reduced to B7, etc.'),
	(1102, 'Malformed', 5, 6, 0, 1, null),
	(1103, 'Mossy Coat', 5, 6, 1, 2, 'Covered in a coat of moss and slime, this Troll blends in quite well to forest or earthy surroundings. Call-on for Stealthy or Camouflage in forest or mines.'),
	(1104, 'Oafishly Charming', 5, 6, 0, 1, null),
	(1105, 'Repulsive Blood', 5, 6, 2, 2, 'This Troll''s blood is noxious and caustic. If the Troll should be bitten for effect, the horrid liquid runs into the mouth of the attacking creature and causes great discomfort and nausea. Any creature that bites the Troll, penetrates his armor and achieves a Mark result, must make an Ob 4 Forte test. Any successes missed equal an obstacle penalty that lasts for three exchanges.'),
	(1106, 'Ridged Brow', 5, 6, 2, 3, 'Protruding out over this Troll''s eyes is a stony brow like unto a craggy cliff. This provides +1D of armor to the Troll''s head.'),
	(1107, 'Scaly Skin', 5, 6, 2, 4, 'Scaly Skin provides 2D of armor to the limbs and the head, and 3D to the chest. This skin cannot ''fail'' and become damaged like normal armor: 1s are ignored. VA works as normal against this armor.'),
	(1108, 'Stone Skin', 5, 6, 2, 5, 'The hide of this creature is impossibly tough and unyielding. Stone Skin provides 3D of armor protection to the head and limbs, and 4D to the chest. This skin cannot ''fail'' and become damaged like normal armor: 1s are ignored. VA works as normal against this armor.'),
	(1109, 'Toothy Maw', 5, 6, 2, 3, 'This Troll''s jaws are massive, distended and terrible. The Toothy Maw counts as: Pow 3, Add 2, VA 1, WS 1, Shortest. It replaces the Fanged trait.'),
	(1110, 'Troll Savant', 5, 6, 0, 1, 'This Troll has the uncanny ability to form complete sentences, understand what is said to him and possibly even comprehend what a written language, map or glyph could represent -if it were possible in the first place for scratching on stone or leather to mean anything. He is a mental giant among his peers and appropriately hated and feared.'),
	(1111, 'Tusks', 5, 6, 2, 2, 'This Troll''s lower canine teeth protrude into formidable tusks. The beast may use these sharpened weapons to gore the unwary. Add +1 Power to the Troll''s bite attack when it is at hands fighting distance. This trait may be combined with fangs or Toothy Maw.'),
	(1112, 'Vestigial Wings', 5, 6, 0, 1, 'The small, bat-like wings protrude from the Troll''s shoulders. Flap, flap.'),
	(1113, 'Webbed Fingers and Toes', 5, 6, 2, 1, 'Stride 5 when swimming.'),
	(1114, 'Crushing Jaws', 6, 4, 2, 0, 'Great Wolves have powerful jaws honed into deadly hunting weapons. Crushing jaws: Pow 2, Add 2, VA 1, WS 3, Short. When using the Savage Attack skill, the wolf can choose the Lock and Strike action.'),
	(1115, 'Deep Fur', 6, 4, 2, 0, 'Heavy and thick fur protects Great Wolves against the cold of their harsh enviroment. They can tolerate extremely cold temperatures, whereas extended times of hot weather tend to agitate them. This trait allows the wolf to ignore penalties and tests relating to cold weather. However, extended time in hot weather causes +1 Ob to all tests.'),
	(1116, 'Great Lupine Form', 6, 4, 2, 0, 'Great Wolves possess the basic form common to wolves. They have a rangy, muscular body set on high and powerful legs with large, well-padded feet. They have lonf snouths and massive, protruding jaws. Their fur is a crown of coarse guard hairs supported by a night-impertmeable layer of soft underfur. Their most prominent feature is, of couse, their massive size. Great wolves stand three to five feet at the shoulder, and can weigh 200-600 lbs.<br>Great Wolves have a maximum exponent of 6 for Agility (from their lack of hands), while other stat maximums are 8. Their Stride is 11.'),
	(1117, 'Lupine Intellect', 6, 4, 2, 0, 'Without a doubt, Great Wolve are intelligent creatures. They possess a personality and intellect equivalent to that of humans and Orcs. Never assume that just because they don''t live in cities, write with pends or eat with knives, wolves are dumb brutes.<br>Even so, Great Wolves are not tool-using creatures. Though they understand a great many matters, they generally don''t use (or even need) tools to accomplish the tasks in their daily lives. Any wolf attempting to use tools like hammers, swords or scissors suffers quadruple obstacle penalties.'),
	(1118, 'Wolf Eyes', 6, 4, 2, 0, 'Wolves possess the advantage of being able to see well in low light. Wolves reduce obstacle penalties for dim light, darkness and have by one step.'),
	(1119, 'Wolf Snout', 6, 4, 2, 0, 'Wolves benefit from an exceptional sense of smell. Wolf Snout grants +1D to Perception for assesses, and +1D to Scent Tracking and Pack Hunting skill tests. This bonus is also added to Perception for determining Reflexes. This trait counts as Observation when combined with Woodland Ear.'),
	(1120, 'Woodland Ear', 6, 4, 2, 0, 'Wolves have extraordinary hearing. The Woodland Ear allows wolves to distinguish between different animal calls and add +1D to Perception tests for assesses, Scent tracking and Pack Hunting. This bonus is also added to Perception for determining Reflexes. This trait counts as Observation when combined with Wolf Snout.'),
	(1121, 'Ancestral Taint', 6, 5, 2, 0, 'Spirit Hunters are said to be the chosen ones of the Great Grandfather —selected to take up his eternal struggle against the spirits, speech-twisters and demons that seek to overcome wolf-kind. Once a wolf begings to sing the howls of the Spirit Hunters, he grows closer to the Great Grandfather; in fact he begins to take on a bit of the ancient wolf''s essence. The more the Spirit Howler sings the ancient songs, the more the Taint grows within him. See the Ancestral Taint rules in the Spirit Hunter section for more on this.'),
	(1122, 'Broken', 6, 5, 2, 0, '-1 Ob to all Intimidation, Interrogation, Command, and Seduction tests used against this character. His Will has been broken.'),
	(1123, 'Demented', 6, 5, 0, 0, null),
	(1124, 'Dominant', 6, 5, 2, 0, 'There are only ever two Dominants in a pack: a male and female pair. These two serve as the mother and father of the group, guiding them to new hunting grounds and producing more offspring to strengthen and expand the pack. This trait grants a 1D affiliation with a pack and a 1D reputation within that pack as a Dominant. This trait compounds with other similar, appropriate affiliations and reputations.'),
	(1125, 'Fearless', 6, 5, 2, 0, 'This character is practically immune to fear. Reduce hesitation for pain, fear, and the shock of gore or death by three. Hesitation for wonderment or surprise is not reduced.'),
	(1126, 'Great Cunning', 6, 5, 1, 0, 'Ebon Tyrants are the Dominants of the vast Black Destroyer packs. More than just savagery and brutality are required to attain this rank. Great Cunning is a necessity. This trait acts as a call-on for Strategy, Tactics and any wise tested for insight.'),
	(1127, 'Howl of Doom', 6, 5, 2, 0, 'Before the charge, these beasts bombard their opponents with cold fear. This wolf can howl and add +4D to Intimidation. This howl requires two actions to perform and cannot be done on the charge —it must be done beforehand. In Range and Cover, it positions with 2D. In Fight, it counts as the Longest weapon.'),
	(1128, 'Intense Hatred', 6, 5, 0, 0, null),
	(1129, 'Loyal', 6, 5, 2, 0, 'There is an old saying: ''Death is lighter than a feather, but duty is heavier than a mountain.'' This character lives by these words. The player may add an additional Belief centered around his Loyalty to another character. Should this trait ever be voted off, the character loses the Belief as well; should the Belief be changed, the trait is lost.'),
	(1130, 'Obedient', 6, 5, 0, 0, 'Wolves who are chosen to become Dark Friends tend to be particularly obedient. While their masters can be extremely generous —feeding their wolves much fresh meat— they are also extremely violent and punishing. Rarely do they hesitate to kill a disobedient wolf. Lastly, a Dark Friend has an intuitive understanding of the powers the Blood Summoners wield —he knows the might of success and the calamity of failure. It is far better to aid the former and prevent the latter.'),
	(1131, 'Odor of Spirits', 6, 5, 2, 0, 'This wolf stinks of spirits. The packs shun him, and the Spirit Hunters harry him. 1D infamous reputation and +1 Ob Inconspicuous among the wild packs and legion. Only the Haunts and Ghosts accept him.'),
	(1132, 'Paranoid', 6, 5, 0, 0, null),
	(1133, 'Piercing Gaze', 6, 5, 3, 0, 'The eyes of a Ghost of the Deeping Wood burn like glittering coals. This trait is a call-on for Intimidation. Also, characters attempting to decieve the wolf (using Falsehood, Persuasion or Soothing Platitudes) suffer +1 Ob penalty. Burning flames flash implacably behind his eyes and hint at the terrible fate of liars.'),
	(1134, 'Prenaturally Calm', 6, 5, 2, 0, 'Ghosts of the Deeping Wood possess a calmness that rivals the most serene glade on a starry summer night. Reduce hesitation by two.'),
	(1135, 'Reclusive', 6, 5, 0, 0, null),
	(1136, 'Slave No More', 6, 5, 2, 0, 'After life in the cage, you can''t help but act against the world that has hurt you. Instincts that get you into weird or deep trouble earn a persona point instead of a fate point.'),
	(1137, 'Spirit Ears', 6, 5, 2, 0, 'Spirit Howlers become attuned to the spirit world as their Taint grows. A wolf with this trait has the ability to hear those of the spirit nature. Counts as Observation for detecting the movements of spirits, demons and other creatures of spirit nature. Obstacles to detect spirits is 10 minues their Strength. Wolves may use their Woodland Ear in combination with this trait but not their Wolf Snout.'),
	(1138, 'Spirit Marked', 6, 5, 2, 3, 'On certain nights in the dead of winter, the Spirit Hunters will come to territories and seek out lone wolves. Those who are chosen recieve a special scent and are marked to become Spirit Hunters. This trait is required to be able to take the Spirit Chaser lifepath. It grants 1D affiliation with the Spirit Hunters. It also grants a 1D spirit mark as per the Spirit Binding rules.'),
	(1139, 'Spirit Nose', 6, 5, 2, 0, 'The Taint suffuses the Spirit Hunter. Using his Spirit Nose, he may add his Wolf Snout to detect spirits (as Spirit Ears). Also Spirit Nose allows Spirit Hunters to track spirits, even those who leave no marks or do not touch the ground. Use the obstacles listed with the Scent Tracking skill and be creative.'),
	(1140, 'Stained', 6, 5, 2, 0, 'The Last Wolf is the scapegoat of the pack. All of the pack''s anger and frustration is taken out on his hide. No matter how he elevates himself throught his life, the Last Wolf always bears this stain on his very heart. This trait grants a 1D reputation as a Last Wolf.'),
	(1141, 'Stink of the Ancient', 6, 5, 2, 0, 'Great Wolves can smell a Ghost of the Wood when he is near. His scent is distinct, a mix of Ancient Ways and twisted speech that covers his coat like the blood of the hunter. This stink causes fear, trepidation and even hatred in Great Wolves. They do not look kindly upon one who so tampers with the will of the Grandfather. This trait grants a 1D infamous reputation as a Ghost of the Deeping Wood among the packs. Combine this with other reputations as appropriate.'),
	(1142, 'Submissive', 6, 5, 2, 0, 'Wolves learn to submit to a Dominant wolf at a very young age. Any wolf in the pack who is not part of the Dominant pair is submissive. These wolves follow the lead of their superiors and often beg for certain permissions, including permission to eat from a kill. Being Submissive in the pack connotes no weakness. It merely shows that the wolf understands the natural order of things. This trait grants a free relationship with a master or dominant character.<br>Prominent Submissive behaviors include: looking away from the Dominant''s gaze, crouching with head to the ground before the Dominant, rolling over and exposing the belly to the Dominant and nibbling or licking the Dominant''s chin.<br>Lastly, wolves may possess both the Dominant and Submissive traits. These wolves will rule their pack as they rightly should, but they might also submit to stronger Dominants —be they wolf, human or prc.'),
	(1143, 'Tasting the Lash', 6, 5, 2, 0, 'When another character cracks a whip across his back and gives an order, the player must obey the orders (so long as the orders aren''t to ''stick that knife in your throat'' or something similar). He can be driven to attack, to flee, to drop his weapon, fall to his knees, or just plain row the boat.<br>This trait does not allow a reroll, it merely forces an action. Thus it can be used to cow opportunities or send your reluctant underlings into the fray.'),
	(1144, 'Vile Language', 6, 5, 0, 0, 'Orcs speak a special language of shadow, chill and blight. They share this tongue with corrupt vermin, shades, Great Wolves, Trolls, and certain Great Spiders.'),
	(1145, 'Wanderlust', 6, 5, 0, 0, null),
	(1146, 'Watchful', 6, 5, 0, 0, null),
	(1147, 'Ancient Terror', 6, 6, 2, 6, 'Ancient fear rolls off this wolf in weves. Add +2D to Intimidation tests.'),
	(1148, 'Changeling Coat', 6, 6, 2, 3, 'This wolf was born to be a trickster. His coat shifts patterns and colors at will. Add +1D to Stealthy and Inconspicuous tests.'),
	(1149, 'Fearsome Beast', 6, 6, 1, 2, 'There is an odd and unsettling air about this wolf -something very old and frightening. Use this trait as a call-on for Intimidation.'),
	(1150, 'Frost Coat', 6, 6, 1, 2, 'The pelf of this wolf is glittering ice. Use this trait as a call-on for Stealthy when stalking the tundra and arctic wastes.'),
	(1151, 'Ghost Coat', 6, 6, 1, 4, 'This wolf''s coat shifts subtly from dark to light, from mottled to plain, depending on what land he stalks and haunts. Use this for a call-on for Stealthy in any terrain.'),
	(1152, 'Mangy Coat', 6, 6, 0, 1, null),
	(1153, 'Mark of the Ancient', 6, 6, 2, 5, 'Some pups are born with the look of the Great Ancient about them. Such rare wolves are descendants from the Ancient, the first wolf who created the world. The packs believe such wolves are cursed and destined for a life of mayhem. This trait is required for using the skills Tongue of the Ancient One and Ancient Ways'),
	(1154, 'Formidable Bark', 6, 6, 1, 2, 'The voice of this wolf is strong and clear. It easily pierces the dense woods and cuts through dampening fog. Use this trait as a call-on for Howling and Command.'),
	(1155, 'Raven Friend', 6, 6, 1, 2, 'Wolves and ravens have a special relationship. Not only do they aid one another on the hunt -ravens will circle a herd to mark it for wolves, and wolves will allow ravens to feed at their kills- they are also great friends. Wolves and ravens enjoy taunting each other and playing endless and dangerous games of tak. This trait grants either a free relationship with a raven or a 1D affiliation with a conspiracy of ravens.<br>This trait signifies a wolf who is especially fond of ravens and well though of by the birds. While the whole pack may play, he is the only pack member who can understand the quacks and squawks of raven speech.'),
	(1156, 'Shadow Coat', 6, 6, 1, 2, 'The fur of this wolf is perfectly suited to stalking in the shadows of the woods. Use this trait as a call-on for Stealthy when stalking the forests and valleys.');

INSERT INTO dat."RulesetTraits"
	("TraitId", "RulesetId")
VALUES
	(0, 'bwgr'),
	(0, 'bs'),
	(1, 'bwgr'),
	(1, 'bs'),
	(2, 'bwgr'),
	(2, 'bs'),
	(3, 'bwgr'),
	(3, 'bs'),
	(4, 'bwgr'),
	(4, 'bs'),
	(5, 'bwgr'),
	(5, 'bs'),
	(6, 'bwgr'),
	(6, 'bs'),
	(7, 'bwgr'),
	(7, 'bs'),
	(8, 'bwgr'),
	(8, 'bs'),
	(9, 'bwgr'),
	(9, 'bs'),
	(10, 'bwgr'),
	(10, 'bs'),
	(11, 'bwgr'),
	(11, 'bs'),
	(12, 'bwgr'),
	(12, 'bs'),
	(13, 'bwgr'),
	(13, 'bs'),
	(14, 'bwgr'),
	(14, 'bs'),
	(15, 'bwgr'),
	(15, 'bs'),
	(16, 'bwgr'),
	(16, 'bs'),
	(17, 'bwgr'),
	(17, 'bs'),
	(18, 'bwgr'),
	(18, 'bs'),
	(19, 'bwgr'),
	(19, 'bs'),
	(20, 'bwgr'),
	(20, 'bs'),
	(21, 'bwgr'),
	(21, 'bs'),
	(22, 'bwgr'),
	(22, 'bs'),
	(23, 'bwgr'),
	(23, 'bs'),
	(24, 'bwgr'),
	(24, 'bs'),
	(25, 'bwgr'),
	(25, 'bs'),
	(26, 'bwgr'),
	(26, 'bs'),
	(27, 'bwgr'),
	(27, 'bs'),
	(28, 'bwgr'),
	(28, 'bs'),
	(29, 'bwgr'),
	(29, 'bs'),
	(30, 'bwgr'),
	(30, 'bs'),
	(31, 'bwgr'),
	(31, 'bs'),
	(32, 'bwgr'),
	(32, 'bs'),
	(33, 'bwgr'),
	(33, 'bs'),
	(34, 'bwgr'),
	(34, 'bs'),
	(35, 'bwgr'),
	(35, 'bs'),
	(36, 'bwgr'),
	(36, 'bs'),
	(37, 'bwgr'),
	(37, 'bs'),
	(38, 'bwgr'),
	(38, 'bs'),
	(39, 'bwgr'),
	(39, 'bs'),
	(40, 'bwgr'),
	(40, 'bs'),
	(41, 'bwgr'),
	(41, 'bs'),
	(42, 'bwgr'),
	(42, 'bs'),
	(43, 'bwgr'),
	(43, 'bs'),
	(44, 'bwgr'),
	(44, 'bs'),
	(45, 'bwgr'),
	(45, 'bs'),
	(46, 'bwgr'),
	(46, 'bs'),
	(47, 'bwgr'),
	(47, 'bs'),
	(48, 'bwgr'),
	(48, 'bs'),
	(49, 'bwgr'),
	(49, 'bs'),
	(50, 'bwgr'),
	(51, 'bwgr'),
	(51, 'bs'),
	(52, 'bwgr'),
	(52, 'bs'),
	(53, 'bwgr'),
	(53, 'bs'),
	(54, 'bwgr'),
	(54, 'bs'),
	(55, 'bwgr'),
	(55, 'bs'),
	(56, 'bwgr'),
	(56, 'bs'),
	(57, 'bwgr'),
	(57, 'bs'),
	(58, 'bwgr'),
	(58, 'bs'),
	(59, 'bwgr'),
	(59, 'bs'),
	(60, 'bwgr'),
	(60, 'bs'),
	(61, 'bwgr'),
	(61, 'bs'),
	(62, 'bwgr'),
	(62, 'bs'),
	(63, 'bwgr'),
	(63, 'bs'),
	(64, 'bwgr'),
	(64, 'bs'),
	(65, 'bwgr'),
	(65, 'bs'),
	(66, 'bwgr'),
	(66, 'bs'),
	(67, 'bwgr'),
	(67, 'bs'),
	(68, 'bwgr'),
	(68, 'bs'),
	(69, 'bwgr'),
	(69, 'bs'),
	(70, 'bwgr'),
	(70, 'bs'),
	(71, 'bwgr'),
	(71, 'bs'),
	(72, 'bwgr'),
	(72, 'bs'),
	(73, 'bwgr'),
	(73, 'bs'),
	(74, 'bwgr'),
	(74, 'bs'),
	(75, 'bwgr'),
	(75, 'bs'),
	(76, 'bwgr'),
	(76, 'bs'),
	(77, 'bwgr'),
	(78, 'bwgr'),
	(78, 'bs'),
	(79, 'bwgr'),
	(79, 'bs'),
	(80, 'bwgr'),
	(80, 'bs'),
	(81, 'bwgr'),
	(81, 'bs'),
	(82, 'bwgr'),
	(82, 'bs'),
	(83, 'bwgr'),
	(83, 'bs'),
	(84, 'bwgr'),
	(84, 'bs'),
	(85, 'bwgr'),
	(85, 'bs'),
	(86, 'bwgr'),
	(86, 'bs'),
	(87, 'bwgr'),
	(87, 'bs'),
	(88, 'bwgr'),
	(88, 'bs'),
	(89, 'bwgr'),
	(89, 'bs'),
	(90, 'bwgr'),
	(90, 'bs'),
	(91, 'bwgr'),
	(91, 'bs'),
	(92, 'bwgr'),
	(92, 'bs'),
	(93, 'bwgr'),
	(93, 'bs'),
	(94, 'bwgr'),
	(94, 'bs'),
	(95, 'bwgr'),
	(95, 'bs'),
	(96, 'bwgr'),
	(96, 'bs'),
	(97, 'bwgr'),
	(97, 'bs'),
	(98, 'bwgr'),
	(98, 'bs'),
	(99, 'bwgr'),
	(99, 'bs'),
	(100, 'bwgr'),
	(100, 'bs'),
	(101, 'bwgr'),
	(101, 'bs'),
	(102, 'bwgr'),
	(102, 'bs'),
	(103, 'bwgr'),
	(103, 'bs'),
	(104, 'bwgr'),
	(104, 'bs'),
	(105, 'bwgr'),
	(105, 'bs'),
	(106, 'bwgr'),
	(106, 'bs'),
	(107, 'bwgr'),
	(107, 'bs'),
	(108, 'bwgr'),
	(108, 'bs'),
	(109, 'bwgr'),
	(109, 'bs'),
	(110, 'bwgr'),
	(110, 'bs'),
	(111, 'bwgr'),
	(111, 'bs'),
	(112, 'bwgr'),
	(112, 'bs'),
	(113, 'bwgr'),
	(113, 'bs'),
	(114, 'bwgr'),
	(114, 'bs'),
	(115, 'bwgr'),
	(115, 'bs'),
	(116, 'bwgr'),
	(116, 'bs'),
	(117, 'bwgr'),
	(117, 'bs'),
	(118, 'bwgr'),
	(118, 'bs'),
	(119, 'bwgr'),
	(119, 'bs'),
	(120, 'bwgr'),
	(120, 'bs'),
	(121, 'bwgr'),
	(121, 'bs'),
	(122, 'bwgr'),
	(122, 'bs'),
	(123, 'bwgr'),
	(123, 'bs'),
	(124, 'bwgr'),
	(124, 'bs'),
	(125, 'bwgr'),
	(125, 'bs'),
	(126, 'bwgr'),
	(126, 'bs'),
	(127, 'bwgr'),
	(127, 'bs'),
	(128, 'bwgr'),
	(128, 'bs'),
	(129, 'bwgr'),
	(129, 'bs'),
	(130, 'bwgr'),
	(130, 'bs'),
	(131, 'bwgr'),
	(131, 'bs'),
	(132, 'bwgr'),
	(132, 'bs'),
	(133, 'bwgr'),
	(133, 'bs'),
	(134, 'bwgr'),
	(134, 'bs'),
	(135, 'bwgr'),
	(135, 'bs'),
	(136, 'bwgr'),
	(136, 'bs'),
	(137, 'bwgr'),
	(137, 'bs'),
	(138, 'bwgr'),
	(138, 'bs'),
	(139, 'bwgr'),
	(139, 'bs'),
	(140, 'bwgr'),
	(140, 'bs'),
	(141, 'bwgr'),
	(141, 'bs'),
	(142, 'bwgr'),
	(142, 'bs'),
	(143, 'bwgr'),
	(143, 'bs'),
	(144, 'bwgr'),
	(144, 'bs'),
	(145, 'bwgr'),
	(145, 'bs'),
	(146, 'bwgr'),
	(146, 'bs'),
	(147, 'bwgr'),
	(147, 'bs'),
	(148, 'bwgr'),
	(148, 'bs'),
	(149, 'bwgr'),
	(149, 'bs'),
	(150, 'bwgr'),
	(150, 'bs'),
	(151, 'bwgr'),
	(151, 'bs'),
	(152, 'bwgr'),
	(152, 'bs'),
	(153, 'bwgr'),
	(153, 'bs'),
	(154, 'bwgr'),
	(154, 'bs'),
	(155, 'bwgr'),
	(155, 'bs'),
	(156, 'bwgr'),
	(156, 'bs'),
	(157, 'bwgr'),
	(157, 'bs'),
	(158, 'bwgr'),
	(158, 'bs'),
	(159, 'bwgr'),
	(159, 'bs'),
	(160, 'bwgr'),
	(160, 'bs'),
	(161, 'bwgr'),
	(161, 'bs'),
	(162, 'bwgr'),
	(162, 'bs'),
	(163, 'bwgr'),
	(163, 'bs'),
	(164, 'bwgr'),
	(164, 'bs'),
	(165, 'bwgr'),
	(165, 'bs'),
	(166, 'bwgr'),
	(166, 'bs'),
	(167, 'bwgr'),
	(167, 'bs'),
	(168, 'bwgr'),
	(168, 'bs'),
	(169, 'bwgr'),
	(169, 'bs'),
	(170, 'bwgr'),
	(170, 'bs'),
	(171, 'bwgr'),
	(171, 'bs'),
	(172, 'bwgr'),
	(172, 'bs'),
	(173, 'bwgr'),
	(173, 'bs'),
	(174, 'bwgr'),
	(174, 'bs'),
	(175, 'bwgr'),
	(175, 'bs'),
	(176, 'bwgr'),
	(176, 'bs'),
	(177, 'bwgr'),
	(177, 'bs'),
	(178, 'bwgr'),
	(178, 'bs'),
	(179, 'bwgr'),
	(179, 'bs'),
	(180, 'bwgr'),
	(180, 'bs'),
	(181, 'bwgr'),
	(181, 'bs'),
	(182, 'bwgr'),
	(182, 'bs'),
	(183, 'bwgr'),
	(183, 'bs'),
	(184, 'bwgr'),
	(184, 'bs'),
	(185, 'bwgr'),
	(185, 'bs'),
	(186, 'bwgr'),
	(186, 'bs'),
	(187, 'bwgr'),
	(187, 'bs'),
	(188, 'bwgr'),
	(188, 'bs'),
	(189, 'bwgr'),
	(189, 'bs'),
	(190, 'bwgr'),
	(190, 'bs'),
	(191, 'bwgr'),
	(191, 'bs'),
	(192, 'bwgr'),
	(192, 'bs'),
	(193, 'bwgr'),
	(193, 'bs'),
	(194, 'bwgr'),
	(194, 'bs'),
	(195, 'bwgr'),
	(195, 'bs'),
	(196, 'bwgr'),
	(196, 'bs'),
	(197, 'bwgr'),
	(197, 'bs'),
	(198, 'bwgr'),
	(198, 'bs'),
	(199, 'bwgr'),
	(199, 'bs'),
	(200, 'bwgr'),
	(200, 'bs'),
	(201, 'bwgr'),
	(201, 'bs'),
	(202, 'bwgr'),
	(202, 'bs'),
	(203, 'bwgr'),
	(203, 'bs'),
	(204, 'bwgr'),
	(204, 'bs'),
	(205, 'bwgr'),
	(205, 'bs'),
	(206, 'bwgr'),
	(206, 'bs'),
	(207, 'bwgr'),
	(207, 'bs'),
	(208, 'bwgr'),
	(208, 'bs'),
	(209, 'bwgr'),
	(209, 'bs'),
	(210, 'bwgr'),
	(210, 'bs'),
	(211, 'bwgr'),
	(211, 'bs'),
	(212, 'bwgr'),
	(212, 'bs'),
	(213, 'bwgr'),
	(213, 'bs'),
	(214, 'bwgr'),
	(214, 'bs'),
	(215, 'bwgr'),
	(215, 'bs'),
	(216, 'bwgr'),
	(216, 'bs'),
	(217, 'bwgr'),
	(217, 'bs'),
	(218, 'bwgr'),
	(218, 'bs'),
	(219, 'bwgr'),
	(219, 'bs'),
	(220, 'bwgr'),
	(220, 'bs'),
	(221, 'bwgr'),
	(221, 'bs'),
	(222, 'bwgr'),
	(222, 'bs'),
	(223, 'bwgr'),
	(223, 'bs'),
	(224, 'bwgr'),
	(224, 'bs'),
	(225, 'bwgr'),
	(225, 'bs'),
	(226, 'bwgr'),
	(226, 'bs'),
	(227, 'bwgr'),
	(227, 'bs'),
	(228, 'bwgr'),
	(228, 'bs'),
	(229, 'bwgr'),
	(229, 'bs'),
	(230, 'bwgr'),
	(230, 'bs'),
	(231, 'bwgr'),
	(231, 'bs'),
	(232, 'bwgr'),
	(232, 'bs'),
	(233, 'bwgr'),
	(233, 'bs'),
	(234, 'bwgr'),
	(234, 'bs'),
	(235, 'bwgr'),
	(235, 'bs'),
	(236, 'bwgr'),
	(236, 'bs'),
	(237, 'bwgr'),
	(237, 'bs'),
	(238, 'bwgr'),
	(238, 'bs'),
	(239, 'bwgr'),
	(239, 'bs'),
	(240, 'bwgr'),
	(240, 'bs'),
	(241, 'bwgr'),
	(241, 'bs'),
	(242, 'bwgr'),
	(242, 'bs'),
	(243, 'bwgr'),
	(243, 'bs'),
	(244, 'bwgr'),
	(244, 'bs'),
	(245, 'bwgr'),
	(245, 'bs'),
	(246, 'bwgr'),
	(246, 'bs'),
	(247, 'bwgr'),
	(247, 'bs'),
	(248, 'bwgr'),
	(248, 'bs'),
	(249, 'bwgr'),
	(249, 'bs'),
	(250, 'bwgr'),
	(250, 'bs'),
	(251, 'bwgr'),
	(251, 'bs'),
	(252, 'bwgr'),
	(252, 'bs'),
	(253, 'bwgr'),
	(253, 'bs'),
	(254, 'bwgr'),
	(254, 'bs'),
	(255, 'bwgr'),
	(255, 'bs'),
	(256, 'bwgr'),
	(256, 'bs'),
	(257, 'bwgr'),
	(257, 'bs'),
	(258, 'bwgr'),
	(258, 'bs'),
	(259, 'bwgr'),
	(259, 'bs'),
	(260, 'bwgr'),
	(260, 'bs'),
	(261, 'bwgr'),
	(261, 'bs'),
	(262, 'bwgr'),
	(262, 'bs'),
	(263, 'bwgr'),
	(263, 'bs'),
	(264, 'bwgr'),
	(264, 'bs'),
	(265, 'bwgr'),
	(265, 'bs'),
	(266, 'bwgr'),
	(266, 'bs'),
	(267, 'bwgr'),
	(267, 'bs'),
	(268, 'bwgr'),
	(268, 'bs'),
	(269, 'bwgr'),
	(269, 'bs'),
	(270, 'bwgr'),
	(270, 'bs'),
	(271, 'bwgr'),
	(271, 'bs'),
	(272, 'bwgr'),
	(272, 'bs'),
	(273, 'bwgr'),
	(273, 'bs'),
	(274, 'bwgr'),
	(275, 'bwgr'),
	(275, 'bs'),
	(276, 'bwgr'),
	(276, 'bs'),
	(277, 'bwgr'),
	(277, 'bs'),
	(278, 'bwgr'),
	(278, 'bs'),
	(279, 'bwgr'),
	(279, 'bs'),
	(280, 'bwgr'),
	(280, 'bs'),
	(281, 'bwgr'),
	(281, 'bs'),
	(282, 'bwgr'),
	(282, 'bs'),
	(283, 'bwgr'),
	(283, 'bs'),
	(284, 'bwgr'),
	(284, 'bs'),
	(285, 'bwgr'),
	(285, 'bs'),
	(286, 'bwgr'),
	(286, 'bs'),
	(287, 'bwgr'),
	(287, 'bs'),
	(288, 'bwgr'),
	(288, 'bs'),
	(289, 'bwgr'),
	(289, 'bs'),
	(290, 'bwgr'),
	(290, 'bs'),
	(291, 'bwgr'),
	(291, 'bs'),
	(292, 'bwgr'),
	(292, 'bs'),
	(293, 'bwgr'),
	(293, 'bs'),
	(294, 'bwgr'),
	(294, 'bs'),
	(295, 'bwgr'),
	(295, 'bs'),
	(296, 'bwgr'),
	(296, 'bs'),
	(297, 'bwgr'),
	(297, 'bs'),
	(298, 'bwgr'),
	(298, 'bs'),
	(299, 'bwgr'),
	(299, 'bs'),
	(300, 'bwgr'),
	(300, 'bs'),
	(301, 'bwgr'),
	(301, 'bs'),
	(302, 'bwgr'),
	(302, 'bs'),
	(303, 'bwgr'),
	(303, 'bs'),
	(304, 'bwgr'),
	(304, 'bs'),
	(305, 'bwgr'),
	(305, 'bs'),
	(306, 'bwgr'),
	(306, 'bs'),
	(307, 'bwgr'),
	(307, 'bs'),
	(308, 'bwgr'),
	(308, 'bs'),
	(309, 'bwgr'),
	(309, 'bs'),
	(310, 'bwgr'),
	(310, 'bs'),
	(311, 'bwgr'),
	(311, 'bs'),
	(312, 'bwgr'),
	(312, 'bs'),
	(313, 'bwgr'),
	(313, 'bs'),
	(314, 'bwgr'),
	(314, 'bs'),
	(315, 'bwgr'),
	(315, 'bs'),
	(316, 'bwgr'),
	(316, 'bs'),
	(317, 'bwgr'),
	(317, 'bs'),
	(318, 'bwgr'),
	(318, 'bs'),
	(319, 'bwgr'),
	(319, 'bs'),
	(320, 'bwgr'),
	(320, 'bs'),
	(321, 'bwgr'),
	(321, 'bs'),
	(322, 'bwgr'),
	(322, 'bs'),
	(323, 'bwgr'),
	(323, 'bs'),
	(324, 'bwgr'),
	(324, 'bs'),
	(325, 'bwgr'),
	(326, 'bwgr'),
	(326, 'bs'),
	(327, 'bwgr'),
	(327, 'bs'),
	(328, 'bwgr'),
	(328, 'bs'),
	(329, 'bwgr'),
	(329, 'bs'),
	(330, 'bwgr'),
	(330, 'bs'),
	(331, 'bwgr'),
	(331, 'bs'),
	(332, 'bwgr'),
	(332, 'bs'),
	(333, 'bwgr'),
	(333, 'bs'),
	(334, 'bwgr'),
	(334, 'bs'),
	(335, 'bwgr'),
	(336, 'bwgr'),
	(336, 'bs'),
	(337, 'bwgr'),
	(337, 'bs'),
	(338, 'bwgr'),
	(338, 'bs'),
	(339, 'bwgr'),
	(339, 'bs'),
	(340, 'bwgr'),
	(340, 'bs'),
	(341, 'bwgr'),
	(341, 'bs'),
	(342, 'bwgr'),
	(342, 'bs'),
	(343, 'bwgr'),
	(343, 'bs'),
	(344, 'bwgr'),
	(344, 'bs'),
	(345, 'bwgr'),
	(345, 'bs'),
	(346, 'bwgr'),
	(346, 'bs'),
	(347, 'bwgr'),
	(347, 'bs'),
	(348, 'bwgr'),
	(348, 'bs'),
	(349, 'bwgr'),
	(349, 'bs'),
	(350, 'bwgr'),
	(350, 'bs'),
	(351, 'bwgr'),
	(351, 'bs'),
	(352, 'bwgr'),
	(352, 'bs'),
	(353, 'bwgr'),
	(353, 'bs'),
	(354, 'bwgr'),
	(354, 'bs'),
	(355, 'bwgr'),
	(355, 'bs'),
	(356, 'bwgr'),
	(356, 'bs'),
	(357, 'bwgr'),
	(357, 'bs'),
	(358, 'bwgr'),
	(358, 'bs'),
	(359, 'bwgr'),
	(359, 'bs'),
	(360, 'bwgr'),
	(360, 'bs'),
	(361, 'bwgr'),
	(361, 'bs'),
	(362, 'bwgr'),
	(362, 'bs'),
	(363, 'bwgr'),
	(363, 'bs'),
	(364, 'bwgr'),
	(364, 'bs'),
	(365, 'bwgr'),
	(365, 'bs'),
	(366, 'bwgr'),
	(366, 'bs'),
	(367, 'bwgr'),
	(367, 'bs'),
	(368, 'bwgr'),
	(368, 'bs'),
	(369, 'bwgr'),
	(369, 'bs'),
	(370, 'bwgr'),
	(370, 'bs'),
	(371, 'bwgr'),
	(371, 'bs'),
	(372, 'bwgr'),
	(372, 'bs'),
	(373, 'bwgr'),
	(373, 'bs'),
	(374, 'bwgr'),
	(374, 'bs'),
	(375, 'bwgr'),
	(375, 'bs'),
	(376, 'bwgr'),
	(376, 'bs'),
	(377, 'bwgr'),
	(377, 'bs'),
	(378, 'bwgr'),
	(378, 'bs'),
	(379, 'bwgr'),
	(379, 'bs'),
	(380, 'bwgr'),
	(380, 'bs'),
	(381, 'bwgr'),
	(381, 'bs'),
	(382, 'bwgr'),
	(382, 'bs'),
	(383, 'bwgr'),
	(383, 'bs'),
	(384, 'bwgr'),
	(384, 'bs'),
	(385, 'bwgr'),
	(385, 'bs'),
	(386, 'bwgr'),
	(386, 'bs'),
	(387, 'bwgr'),
	(387, 'bs'),
	(388, 'bwgr'),
	(388, 'bs'),
	(389, 'bwgr'),
	(389, 'bs'),
	(390, 'bwgr'),
	(390, 'bs'),
	(391, 'bwgr'),
	(391, 'bs'),
	(392, 'bwgr'),
	(392, 'bs'),
	(393, 'bwgr'),
	(393, 'bs'),
	(394, 'bwgr'),
	(394, 'bs'),
	(395, 'bwgr'),
	(395, 'bs'),
	(396, 'bwgr'),
	(396, 'bs'),
	(397, 'bwgr'),
	(397, 'bs'),
	(398, 'bwgr'),
	(398, 'bs'),
	(399, 'bwgr'),
	(399, 'bs'),
	(400, 'bwgr'),
	(400, 'bs'),
	(401, 'bwgr'),
	(401, 'bs'),
	(402, 'bwgr'),
	(402, 'bs'),
	(403, 'bwgr'),
	(403, 'bs'),
	(404, 'bwgr'),
	(404, 'bs'),
	(405, 'bwgr'),
	(405, 'bs'),
	(406, 'bwgr'),
	(406, 'bs'),
	(407, 'bwgr'),
	(407, 'bs'),
	(408, 'bwgr'),
	(408, 'bs'),
	(409, 'bwgr'),
	(409, 'bs'),
	(410, 'bwgr'),
	(410, 'bs'),
	(411, 'bwgr'),
	(411, 'bs'),
	(412, 'bwgr'),
	(412, 'bs'),
	(413, 'bs'),
	(414, 'bs'),
	(415, 'bs'),
	(416, 'bs'),
	(417, 'bs'),
	(418, 'bs'),
	(419, 'bs'),
	(420, 'bs'),
	(421, 'bs'),
	(422, 'bs'),
	(423, 'bs'),
	(424, 'bs'),
	(425, 'bs'),
	(426, 'bs'),
	(427, 'bs'),
	(428, 'bs'),
	(429, 'bs'),
	(430, 'bs'),
	(431, 'bs'),
	(432, 'bs'),
	(433, 'bs'),
	(434, 'bs'),
	(435, 'bs'),
	(436, 'bs'),
	(437, 'bs'),
	(438, 'bs'),
	(439, 'bs'),
	(440, 'bs'),
	(441, 'bs'),
	(442, 'bs'),
	(443, 'bs'),
	(444, 'bs'),
	(445, 'bs'),
	(446, 'bs'),
	(447, 'bs'),
	(448, 'bs'),
	(449, 'bs'),
	(450, 'bs'),
	(451, 'bs'),
	(452, 'bs'),
	(453, 'bs'),
	(454, 'bs'),
	(455, 'bs'),
	(456, 'bs'),
	(457, 'bs'),
	(458, 'bs'),
	(459, 'bwgr'),
	(459, 'bs'),
	(460, 'bwgr'),
	(460, 'bs'),
	(461, 'bwgr'),
	(461, 'bs'),
	(462, 'bwgr'),
	(462, 'bs'),
	(463, 'bwgr'),
	(463, 'bs'),
	(464, 'bwgr'),
	(464, 'bs'),
	(465, 'bwgr'),
	(465, 'bs'),
	(466, 'bwgr'),
	(466, 'bs'),
	(467, 'bwgr'),
	(467, 'bs'),
	(468, 'bwgr'),
	(468, 'bs'),
	(469, 'bwgr'),
	(469, 'bs'),
	(470, 'bwgr'),
	(470, 'bs'),
	(471, 'bwgr'),
	(471, 'bs'),
	(472, 'bwgr'),
	(472, 'bs'),
	(473, 'bwgr'),
	(473, 'bs'),
	(474, 'bwgr'),
	(474, 'bs'),
	(475, 'bwgr'),
	(475, 'bs'),
	(476, 'bwgr'),
	(476, 'bs'),
	(477, 'bwgr'),
	(477, 'bs'),
	(478, 'bwgr'),
	(478, 'bs'),
	(479, 'bwgr'),
	(479, 'bs'),
	(480, 'bwgr'),
	(480, 'bs'),
	(481, 'bwgr'),
	(481, 'bs'),
	(482, 'bwgr'),
	(482, 'bs'),
	(483, 'bwgr'),
	(483, 'bs'),
	(484, 'bwgr'),
	(484, 'bs'),
	(485, 'bwgr'),
	(485, 'bs'),
	(486, 'bwgr'),
	(486, 'bs'),
	(487, 'bwgr'),
	(487, 'bs'),
	(488, 'bwgr'),
	(488, 'bs'),
	(489, 'bwgr'),
	(489, 'bs'),
	(490, 'bwgr'),
	(491, 'bwgr'),
	(491, 'bs'),
	(492, 'bwgr'),
	(492, 'bs'),
	(493, 'bwgr'),
	(493, 'bs'),
	(494, 'bwgr'),
	(494, 'bs'),
	(495, 'bwgr'),
	(495, 'bs'),
	(496, 'bwgr'),
	(496, 'bs'),
	(497, 'bs'),
	(498, 'bwgr'),
	(498, 'bs'),
	(499, 'bwgr'),
	(499, 'bs'),
	(500, 'bwgr'),
	(500, 'bs'),
	(501, 'bwgr'),
	(501, 'bs'),
	(502, 'bwgr'),
	(502, 'bs'),
	(503, 'bwgr'),
	(503, 'bs'),
	(504, 'bwgr'),
	(504, 'bs'),
	(505, 'bwgr'),
	(505, 'bs'),
	(506, 'bwgr'),
	(506, 'bs'),
	(507, 'bwgr'),
	(507, 'bs'),
	(508, 'bwgr'),
	(508, 'bs'),
	(509, 'bwgr'),
	(509, 'bs'),
	(510, 'bwgr'),
	(510, 'bs'),
	(511, 'bwgr'),
	(511, 'bs'),
	(512, 'bwgr'),
	(512, 'bs'),
	(513, 'bwgr'),
	(513, 'bs'),
	(514, 'bwgr'),
	(514, 'bs'),
	(515, 'bwgr'),
	(515, 'bs'),
	(516, 'bwgr'),
	(516, 'bs'),
	(517, 'bwgr'),
	(517, 'bs'),
	(518, 'bwgr'),
	(518, 'bs'),
	(519, 'bwgr'),
	(519, 'bs'),
	(520, 'bwgr'),
	(520, 'bs'),
	(521, 'bwgr'),
	(521, 'bs'),
	(522, 'bwgr'),
	(522, 'bs'),
	(523, 'bwgr'),
	(523, 'bs'),
	(524, 'bwgr'),
	(524, 'bs'),
	(525, 'bwgr'),
	(525, 'bs'),
	(526, 'bwgr'),
	(526, 'bs'),
	(527, 'bwgr'),
	(527, 'bs'),
	(528, 'bwgr'),
	(528, 'bs'),
	(529, 'bwgr'),
	(529, 'bs'),
	(530, 'bwgr'),
	(530, 'bs'),
	(531, 'bwgr'),
	(531, 'bs'),
	(532, 'bwgr'),
	(532, 'bs'),
	(533, 'bwgr'),
	(533, 'bs'),
	(534, 'bwgr'),
	(534, 'bs'),
	(535, 'bwgr'),
	(535, 'bs'),
	(536, 'bwgr'),
	(536, 'bs'),
	(537, 'bwgr'),
	(537, 'bs'),
	(538, 'bwgr'),
	(538, 'bs'),
	(539, 'bwgr'),
	(539, 'bs'),
	(540, 'bwgr'),
	(540, 'bs'),
	(541, 'bwgr'),
	(541, 'bs'),
	(542, 'bwgr'),
	(542, 'bs'),
	(543, 'bwgr'),
	(543, 'bs'),
	(544, 'bwgr'),
	(544, 'bs'),
	(545, 'bwgr'),
	(545, 'bs'),
	(546, 'bwgr'),
	(546, 'bs'),
	(547, 'bwgr'),
	(548, 'bwgr'),
	(548, 'bs'),
	(549, 'bwgr'),
	(549, 'bs'),
	(550, 'bwgr'),
	(550, 'bs'),
	(551, 'bwgr'),
	(551, 'bs'),
	(552, 'bwgr'),
	(552, 'bs'),
	(553, 'bwgr'),
	(553, 'bs'),
	(554, 'bwgr'),
	(554, 'bs'),
	(555, 'bwgr'),
	(555, 'bs'),
	(556, 'bwgr'),
	(556, 'bs'),
	(557, 'bwgr'),
	(557, 'bs'),
	(558, 'bwgr'),
	(558, 'bs'),
	(559, 'bwgr'),
	(559, 'bs'),
	(560, 'bwgr'),
	(560, 'bs'),
	(561, 'bwgr'),
	(561, 'bs'),
	(562, 'bwgr'),
	(562, 'bs'),
	(563, 'bwgr'),
	(563, 'bs'),
	(564, 'bwgr'),
	(564, 'bs'),
	(565, 'bwgr'),
	(565, 'bs'),
	(566, 'bwgr'),
	(566, 'bs'),
	(567, 'bwgr'),
	(567, 'bs'),
	(568, 'bwgr'),
	(568, 'bs'),
	(569, 'bwgr'),
	(569, 'bs'),
	(570, 'bwgr'),
	(570, 'bs'),
	(571, 'bwgr'),
	(571, 'bs'),
	(572, 'bwgr'),
	(572, 'bs'),
	(573, 'bwgr'),
	(573, 'bs'),
	(574, 'bwgr'),
	(574, 'bs'),
	(575, 'bwgr'),
	(575, 'bs'),
	(576, 'bwgr'),
	(576, 'bs'),
	(577, 'bwgr'),
	(577, 'bs'),
	(578, 'bwgr'),
	(578, 'bs'),
	(579, 'bwgr'),
	(579, 'bs'),
	(580, 'bwgr'),
	(580, 'bs'),
	(581, 'bwgr'),
	(581, 'bs'),
	(582, 'bwgr'),
	(582, 'bs'),
	(583, 'bwgr'),
	(583, 'bs'),
	(584, 'bwgr'),
	(584, 'bs'),
	(585, 'bwgr'),
	(585, 'bs'),
	(586, 'bwgr'),
	(586, 'bs'),
	(587, 'bwgr'),
	(587, 'bs'),
	(588, 'bwgr'),
	(588, 'bs'),
	(589, 'bwgr'),
	(589, 'bs'),
	(590, 'bwgr'),
	(590, 'bs'),
	(591, 'bwgr'),
	(591, 'bs'),
	(592, 'bwgr'),
	(592, 'bs'),
	(593, 'bwgr'),
	(593, 'bs'),
	(594, 'bwgr'),
	(594, 'bs'),
	(595, 'bwgr'),
	(595, 'bs'),
	(596, 'bwgr'),
	(596, 'bs'),
	(597, 'bwgr'),
	(597, 'bs'),
	(598, 'bwgr'),
	(598, 'bs'),
	(599, 'bwgr'),
	(599, 'bs'),
	(600, 'bwgr'),
	(600, 'bs'),
	(601, 'bwgr'),
	(601, 'bs'),
	(602, 'bwgr'),
	(602, 'bs'),
	(603, 'bwgr'),
	(603, 'bs'),
	(604, 'bwgr'),
	(604, 'bs'),
	(605, 'bwgr'),
	(605, 'bs'),
	(606, 'bwgr'),
	(606, 'bs'),
	(607, 'bs'),
	(608, 'bs'),
	(609, 'bs'),
	(610, 'bwc'),
	(611, 'bwc'),
	(612, 'bwc'),
	(613, 'bwc'),
	(614, 'bwc'),
	(615, 'bwc'),
	(616, 'bwc'),
	(617, 'bwc'),
	(618, 'bwc'),
	(619, 'bwc'),
	(620, 'bwc'),
	(621, 'bwc'),
	(622, 'bwc'),
	(623, 'bwc'),
	(624, 'bwc'),
	(625, 'bwc'),
	(626, 'bwc'),
	(627, 'bwc'),
	(628, 'bwc'),
	(629, 'bwc'),
	(630, 'bwc'),
	(631, 'bwc'),
	(632, 'bwc'),
	(633, 'bwc'),
	(634, 'bwc'),
	(635, 'bwc'),
	(636, 'bwc'),
	(637, 'bwc'),
	(638, 'bwc'),
	(639, 'bwc'),
	(640, 'bwc'),
	(641, 'bwc'),
	(642, 'bwc'),
	(643, 'bwc'),
	(644, 'bwc'),
	(645, 'bwc'),
	(646, 'bwc'),
	(647, 'bwc'),
	(648, 'bwc'),
	(649, 'bwc'),
	(650, 'bwc'),
	(651, 'bwc'),
	(652, 'bwc'),
	(653, 'bwc'),
	(654, 'bwc'),
	(655, 'bwc'),
	(656, 'bwc'),
	(657, 'bwc'),
	(658, 'bwc'),
	(659, 'bwc'),
	(660, 'bwc'),
	(661, 'bwc'),
	(662, 'bwc'),
	(663, 'bwc'),
	(664, 'bwc'),
	(665, 'bwc'),
	(666, 'bwc'),
	(667, 'bwc'),
	(668, 'bwc'),
	(669, 'bwc'),
	(670, 'bwc'),
	(671, 'bwc'),
	(672, 'bwc'),
	(673, 'bwc'),
	(674, 'bwc'),
	(675, 'bwc'),
	(676, 'bwc'),
	(677, 'bwc'),
	(678, 'bwc'),
	(679, 'bwc'),
	(680, 'bwc'),
	(681, 'bwc'),
	(682, 'bwc'),
	(683, 'bwc'),
	(684, 'bwc'),
	(685, 'bwc'),
	(686, 'bwc'),
	(687, 'bwc'),
	(688, 'bwc'),
	(689, 'bwc'),
	(690, 'bwc'),
	(691, 'bwc'),
	(692, 'bwc'),
	(693, 'bwc'),
	(694, 'bwc'),
	(695, 'bwc'),
	(696, 'bwc'),
	(697, 'bwc'),
	(698, 'bwc'),
	(699, 'bwc'),
	(700, 'bwc'),
	(701, 'bwc'),
	(702, 'bwc'),
	(703, 'bwc'),
	(704, 'bwc'),
	(705, 'bwc'),
	(706, 'bwc'),
	(707, 'bwc'),
	(708, 'bwc'),
	(709, 'bwc'),
	(710, 'bwc'),
	(711, 'bwc'),
	(712, 'bwc'),
	(713, 'bwc'),
	(714, 'bwc'),
	(715, 'bwc'),
	(716, 'bwc'),
	(717, 'bwc'),
	(718, 'bwc'),
	(719, 'bwc'),
	(720, 'bwc'),
	(721, 'bwc'),
	(722, 'bwc'),
	(723, 'bwc'),
	(724, 'bwc'),
	(725, 'bwc'),
	(726, 'bwc'),
	(727, 'bwc'),
	(728, 'bwc'),
	(729, 'bwc'),
	(730, 'bwc'),
	(731, 'bwc'),
	(732, 'bwc'),
	(733, 'bwc'),
	(734, 'bwc'),
	(735, 'bwgr'),
	(735, 'bs'),
	(736, 'bwgr'),
	(736, 'bs'),
	(737, 'bwgr'),
	(737, 'bs'),
	(738, 'bwgr'),
	(738, 'bs'),
	(739, 'bwgr'),
	(739, 'bs'),
	(740, 'bwgr'),
	(740, 'bs'),
	(741, 'bwgr'),
	(741, 'bs'),
	(742, 'bwgr'),
	(742, 'bs'),
	(743, 'bwgr'),
	(743, 'bs'),
	(744, 'bwgr'),
	(744, 'bs'),
	(745, 'bwgr'),
	(745, 'bs'),
	(746, 'bwgr'),
	(746, 'bs'),
	(747, 'bwgr'),
	(747, 'bs'),
	(748, 'bwgr'),
	(748, 'bs'),
	(749, 'bwgr'),
	(749, 'bs'),
	(750, 'bwgr'),
	(750, 'bs'),
	(751, 'bwgr'),
	(751, 'bs'),
	(752, 'bwgr'),
	(752, 'bs'),
	(753, 'bwgr'),
	(753, 'bs'),
	(754, 'bwgr'),
	(754, 'bs'),
	(755, 'bwgr'),
	(755, 'bs'),
	(756, 'bwgr'),
	(756, 'bs'),
	(757, 'bwgr'),
	(757, 'bs'),
	(758, 'bwgr'),
	(758, 'bs'),
	(759, 'bwgr'),
	(759, 'bs'),
	(760, 'bwgr'),
	(760, 'bs'),
	(761, 'bwgr'),
	(761, 'bs'),
	(762, 'bwgr'),
	(762, 'bs'),
	(763, 'bwgr'),
	(763, 'bs'),
	(764, 'bwgr'),
	(764, 'bs'),
	(765, 'bwgr'),
	(765, 'bs'),
	(766, 'bwgr'),
	(766, 'bs'),
	(767, 'bwgr'),
	(767, 'bs'),
	(768, 'bs'),
	(769, 'bwgr'),
	(770, 'bwgr'),
	(771, 'bwgr'),
	(772, 'bwgr'),
	(773, 'bwgr'),
	(774, 'bwgr'),
	(775, 'bwgr'),
	(776, 'bwgr'),
	(777, 'bwgr'),
	(778, 'bwgr'),
	(779, 'bwgr'),
	(780, 'bwgr'),
	(781, 'bwgr'),
	(782, 'bwgr'),
	(783, 'bwgr'),
	(784, 'bwgr'),
	(785, 'bwgr'),
	(786, 'bwgr'),
	(787, 'bwgr'),
	(788, 'bwgr'),
	(789, 'bwgr'),
	(790, 'bwgr'),
	(791, 'bwgr'),
	(792, 'bwc'),
	(793, 'bwc'),
	(794, 'bwc'),
	(795, 'bwc'),
	(796, 'bwc'),
	(797, 'bwc'),
	(798, 'bwc'),
	(799, 'bwc'),
	(800, 'bwc'),
	(801, 'bwgr'),
	(802, 'bwgr'),
	(803, 'bwgr'),
	(804, 'bwgr'),
	(805, 'bwgr'),
	(806, 'bwgr'),
	(807, 'bwgr'),
	(807, 'bs'),
	(808, 'bwgr'),
	(808, 'bs'),
	(809, 'bwgr'),
	(809, 'bs'),
	(810, 'bwgr'),
	(810, 'bs'),
	(811, 'bwgr'),
	(811, 'bs'),
	(812, 'bwgr'),
	(812, 'bs'),
	(813, 'bwgr'),
	(813, 'bs'),
	(814, 'bwgr'),
	(814, 'bs'),
	(815, 'bwgr'),
	(815, 'bs'),
	(816, 'bwgr'),
	(816, 'bs'),
	(817, 'bwgr'),
	(817, 'bs'),
	(818, 'bwgr'),
	(819, 'bwgr'),
	(819, 'bs'),
	(820, 'bwgr'),
	(820, 'bs'),
	(821, 'bwgr'),
	(821, 'bs'),
	(822, 'bwgr'),
	(822, 'bs'),
	(823, 'bwgr'),
	(823, 'bs'),
	(824, 'bwgr'),
	(824, 'bs'),
	(825, 'bwgr'),
	(825, 'bs'),
	(826, 'bwgr'),
	(826, 'bs'),
	(827, 'bwgr'),
	(827, 'bs'),
	(828, 'bwgr'),
	(828, 'bs'),
	(829, 'bwgr'),
	(829, 'bs'),
	(830, 'bwgr'),
	(831, 'bwgr'),
	(831, 'bs'),
	(832, 'bwgr'),
	(832, 'bs'),
	(833, 'bwgr'),
	(833, 'bs'),
	(834, 'bwgr'),
	(834, 'bs'),
	(835, 'bwgr'),
	(835, 'bs'),
	(836, 'bwgr'),
	(836, 'bs'),
	(837, 'bwgr'),
	(837, 'bs'),
	(838, 'bwgr'),
	(838, 'bs'),
	(839, 'bwgr'),
	(839, 'bs'),
	(840, 'bwgr'),
	(840, 'bs'),
	(841, 'bwgr'),
	(841, 'bs'),
	(842, 'bwgr'),
	(842, 'bs'),
	(843, 'bwgr'),
	(843, 'bs'),
	(844, 'bwgr'),
	(844, 'bs'),
	(845, 'bwgr'),
	(845, 'bs'),
	(846, 'bwgr'),
	(846, 'bs'),
	(847, 'bwgr'),
	(847, 'bs'),
	(848, 'bwgr'),
	(848, 'bs'),
	(849, 'bwgr'),
	(849, 'bs'),
	(850, 'bwgr'),
	(850, 'bs'),
	(851, 'bwgr'),
	(851, 'bs'),
	(852, 'bwgr'),
	(852, 'bs'),
	(853, 'bwgr'),
	(853, 'bs'),
	(854, 'bwgr'),
	(854, 'bs'),
	(855, 'bwgr'),
	(855, 'bs'),
	(856, 'bwgr'),
	(856, 'bs'),
	(857, 'bwgr'),
	(857, 'bs'),
	(858, 'bwgr'),
	(858, 'bs'),
	(859, 'bwgr'),
	(859, 'bs'),
	(860, 'bwgr'),
	(860, 'bs'),
	(861, 'bwgr'),
	(861, 'bs'),
	(862, 'bwgr'),
	(862, 'bs'),
	(863, 'bwgr'),
	(863, 'bs'),
	(864, 'bwgr'),
	(864, 'bs'),
	(865, 'bwgr'),
	(865, 'bs'),
	(866, 'bwgr'),
	(866, 'bs'),
	(867, 'bs'),
	(868, 'bs'),
	(869, 'bs'),
	(870, 'bs'),
	(871, 'bs'),
	(872, 'bs'),
	(873, 'bs'),
	(874, 'bs'),
	(875, 'bwc'),
	(876, 'bwgr'),
	(876, 'bs'),
	(877, 'bwc'),
	(878, 'bwgr'),
	(878, 'bs'),
	(879, 'bwgr'),
	(879, 'bs'),
	(880, 'bwc'),
	(881, 'bwc'),
	(882, 'bwgr'),
	(882, 'bs'),
	(883, 'bwgr'),
	(883, 'bs'),
	(884, 'bwgr'),
	(884, 'bs'),
	(885, 'bwc'),
	(886, 'bwc'),
	(887, 'bwc'),
	(888, 'bwc'),
	(889, 'bwc'),
	(890, 'bwc'),
	(891, 'bwc'),
	(892, 'bwc'),
	(893, 'bwgr'),
	(893, 'bs'),
	(894, 'bwc'),
	(895, 'bwc'),
	(896, 'bwc'),
	(897, 'bwgr'),
	(897, 'bs'),
	(898, 'bwc'),
	(899, 'bwc'),
	(900, 'bwc'),
	(901, 'bwc'),
	(902, 'bwc'),
	(903, 'bwc'),
	(904, 'bwc'),
	(905, 'bwc'),
	(906, 'bwc'),
	(907, 'bwc'),
	(908, 'bwgr'),
	(908, 'bs'),
	(909, 'bwc'),
	(910, 'bwc'),
	(911, 'bwc'),
	(912, 'bwc'),
	(913, 'bwgr'),
	(913, 'bs'),
	(914, 'bwc'),
	(915, 'bs'),
	(916, 'bs'),
	(917, 'bwgr'),
	(918, 'bwgr'),
	(919, 'bwgr'),
	(920, 'bwgr'),
	(921, 'bwgr'),
	(922, 'bwgr'),
	(923, 'bwgr'),
	(924, 'bwgr'),
	(925, 'bwgr'),
	(926, 'bwgr'),
	(927, 'bwgr'),
	(928, 'bwgr'),
	(929, 'bwgr'),
	(930, 'bwgr'),
	(931, 'bwgr'),
	(932, 'bwgr'),
	(933, 'bwgr'),
	(934, 'bwgr'),
	(935, 'bwgr'),
	(936, 'bwgr'),
	(937, 'bwgr'),
	(938, 'bwgr'),
	(939, 'bwgr'),
	(940, 'bwgr'),
	(941, 'bwgr'),
	(942, 'bwgr'),
	(943, 'bwgr'),
	(944, 'bwgr'),
	(945, 'bwgr'),
	(946, 'bwgr'),
	(947, 'bwgr'),
	(948, 'bwgr'),
	(949, 'bwgr'),
	(950, 'bwgr'),
	(951, 'bwgr'),
	(952, 'bwgr'),
	(953, 'bwgr'),
	(954, 'bwgr'),
	(955, 'bwc'),
	(956, 'bwc'),
	(957, 'bwc'),
	(958, 'bwc'),
	(959, 'bwc'),
	(960, 'bwc'),
	(961, 'bwc'),
	(962, 'bwc'),
	(963, 'bwc'),
	(964, 'bwc'),
	(965, 'bwc'),
	(966, 'bwc'),
	(967, 'bwc'),
	(968, 'bwc'),
	(969, 'bwc'),
	(970, 'bwc'),
	(971, 'bwc'),
	(972, 'bwc'),
	(973, 'bwc'),
	(974, 'bwc'),
	(975, 'bwc'),
	(976, 'bwc'),
	(977, 'bwc'),
	(978, 'bwc'),
	(979, 'bwc'),
	(980, 'bwc'),
	(981, 'bwc'),
	(982, 'bwc'),
	(983, 'bwc'),
	(984, 'bwc'),
	(985, 'bwc'),
	(986, 'bwc'),
	(987, 'bwc'),
	(988, 'bwc'),
	(989, 'bwc'),
	(990, 'bwc'),
	(991, 'bwc'),
	(992, 'bwc'),
	(993, 'bwc'),
	(994, 'bwc'),
	(995, 'bwc'),
	(996, 'bwc'),
	(997, 'bwc'),
	(998, 'bwc'),
	(999, 'bwc'),
	(1000, 'bwc'),
	(1001, 'bwc'),
	(1002, 'bwc'),
	(1003, 'bwc'),
	(1004, 'bwc'),
	(1005, 'bwc'),
	(1006, 'bwc'),
	(1007, 'bwc'),
	(1008, 'bwc'),
	(1009, 'bwc'),
	(1010, 'bwc'),
	(1011, 'bwc'),
	(1012, 'bwc'),
	(1013, 'bwc'),
	(1014, 'bwc'),
	(1015, 'bwc'),
	(1016, 'bwc'),
	(1017, 'bwc'),
	(1018, 'bwc'),
	(1019, 'bwc'),
	(1020, 'bwc'),
	(1021, 'bwc'),
	(1022, 'bwc'),
	(1023, 'bwc'),
	(1024, 'bwc'),
	(1025, 'bwc'),
	(1026, 'bwc'),
	(1027, 'bwc'),
	(1028, 'bwc'),
	(1029, 'bwc'),
	(1030, 'bwc'),
	(1031, 'bwc'),
	(1032, 'bwc'),
	(1033, 'bwc'),
	(1034, 'bwc'),
	(1035, 'bwc'),
	(1036, 'bwc'),
	(1037, 'bwc'),
	(1038, 'bwc'),
	(1039, 'bwc'),
	(1040, 'bwc'),
	(1041, 'bwc'),
	(1042, 'bwc'),
	(1043, 'bwc'),
	(1044, 'bwc'),
	(1045, 'bwc'),
	(1046, 'bwc'),
	(1047, 'bwc'),
	(1048, 'bwc'),
	(1049, 'bwc'),
	(1050, 'bwc'),
	(1051, 'bwc'),
	(1052, 'bwc'),
	(1053, 'bwc'),
	(1054, 'bwc'),
	(1055, 'bwc'),
	(1056, 'bwc'),
	(1057, 'bwc'),
	(1058, 'bwc'),
	(1059, 'bwc'),
	(1060, 'bwc'),
	(1061, 'bwc'),
	(1062, 'bwc'),
	(1063, 'bwc'),
	(1064, 'bwc'),
	(1065, 'bwc'),
	(1066, 'bwc'),
	(1067, 'bwc'),
	(1068, 'bwc'),
	(1069, 'bwgr'),
	(1070, 'bwc'),
	(1071, 'bwc'),
	(1072, 'bwc'),
	(1073, 'bwc'),
	(1074, 'bwc'),
	(1075, 'bwc'),
	(1076, 'bwc'),
	(1077, 'bwc'),
	(1078, 'bwc'),
	(1079, 'bwc'),
	(1080, 'bwc'),
	(1081, 'bwc'),
	(1082, 'bwc'),
	(1083, 'bwc'),
	(1084, 'bwc'),
	(1085, 'bwc'),
	(1086, 'bwc'),
	(1087, 'bwc'),
	(1088, 'bwc'),
	(1089, 'bwc'),
	(1090, 'bwc'),
	(1091, 'bwgr'),
	(1092, 'bwc'),
	(1093, 'bwc'),
	(1094, 'bwc'),
	(1095, 'bwc'),
	(1096, 'bwc'),
	(1097, 'bwc'),
	(1098, 'bwc'),
	(1099, 'bwc'),
	(1100, 'bwc'),
	(1101, 'bwc'),
	(1102, 'bwc'),
	(1103, 'bwc'),
	(1104, 'bwc'),
	(1105, 'bwc'),
	(1106, 'bwc'),
	(1107, 'bwc'),
	(1108, 'bwc'),
	(1109, 'bwc'),
	(1110, 'bwc'),
	(1111, 'bwc'),
	(1112, 'bwc'),
	(1113, 'bwc'),
	(1114, 'bwc'),
	(1115, 'bwc'),
	(1116, 'bwc'),
	(1117, 'bwc'),
	(1118, 'bwc'),
	(1119, 'bwc'),
	(1120, 'bwc'),
	(1121, 'bwc'),
	(1122, 'bwc'),
	(1123, 'bwc'),
	(1124, 'bwc'),
	(1125, 'bwc'),
	(1126, 'bwc'),
	(1127, 'bwc'),
	(1128, 'bwc'),
	(1129, 'bwc'),
	(1130, 'bwc'),
	(1131, 'bwc'),
	(1132, 'bwc'),
	(1133, 'bwc'),
	(1134, 'bwc'),
	(1135, 'bwc'),
	(1136, 'bwc'),
	(1137, 'bwc'),
	(1138, 'bwc'),
	(1139, 'bwc'),
	(1140, 'bwc'),
	(1141, 'bwc'),
	(1142, 'bwc'),
	(1143, 'bwc'),
	(1144, 'bwc'),
	(1145, 'bwc'),
	(1146, 'bwc'),
	(1147, 'bwc'),
	(1148, 'bwc'),
	(1149, 'bwc'),
	(1150, 'bwc'),
	(1151, 'bwc'),
	(1152, 'bwc'),
	(1153, 'bwc'),
	(1154, 'bwc'),
	(1155, 'bwc'),
	(1156, 'bwc');

INSERT INTO dat."Skills"
	("Id", "Name", "StockId", "CategoryId", "TypeId", "IsMagical", "IsTraining", "DontList", "Root1Id", "Root2Id", "Description", "ToolTypeId", "ToolsDescription")
VALUES
	(0, 'Any Skill', null, 0, 0, false, false, true, 1, null, null, 0, null),
	(1, 'Accounting', null, 0, 0, false, false, false, 1, null, 'Accountants keep track of expenses, income, stocks and taxes. This skill is primarily used to recover taxed Resources.', 1, null),
	(2, 'Acting', null, 0, 15, false, false, false, 1, null, 'The skill of imitation and recitation used to affect a performance.', 0, null),
	(3, 'Administration', null, 0, 15, false, false, false, 1, null, 'Administration is the skill of running a business or organization. This skill is primarily used to recover taxed Resources.', 0, null),
	(4, 'Almanac', null, 0, 9, false, false, false, 1, null, 'This particular and peculiar skill comprises a deep, traditional, and historical knowledge of the seasons, tides, weather, lunar phases, and other climatic phenomena. A character with the Almanac skill can always tell the time of the year nearly to the day. In addition, he can make accurate predictions about this season''s weather.', 0, null),
	(5, 'Amercement', null, 0, 11, false, false, false, 1, null, 'Amercement is the knowledge of fees and criminal fines given as judicial punishment. Such amercements are almost always offered in place of corporal punishment, e.g. ''Ye may take 30 days in the stocks or ye may pay the court a fee.'' Using this skill the character may set the Resources obstacle for a fine. The skill test obstacles indicate how accurate and just the amount is according to the law.', 0, null),
	(6, 'Anatomy', null, 0, 0, false, false, false, 1, null, 'Anatomy is the study of the human body''s internal functions and structure.', 0, null),
	(7, 'Ancient and Obscure History', null, 0, 11, false, false, false, 1, null, 'History is the knowledge of the records of past events pertaining to one culture or society. The character is assumed to have studied the popular history of his culture/people unless the player or lifepath decides otherwise. Specific histories are often listed in the lifepaths. They are fairly self-explanatory: Ancient History, (Military) Campaign History, Foreign History, Religious History, Local History, Obscure History, and Religious History. Each of these is a separate skill that must be purchased and opened.', 0, null),
	(8, 'Ancient History', null, 0, 0, false, false, false, 1, null, 'History is the knowledge of the records of past events pertaining to one culture or society. The character is assumed to have studied the popular history of his culture/people unless the player or lifepath decides otherwise. Specific histories are often listed in the lifepaths. They are fairly self-explanatory: Ancient History, (Military) Campaign History, Foreign History, Religious History, Local History, Obscure History, and Religious History. Each of these is a separate skill that must be purchased and opened.', 0, null),
	(9, 'Ancient Languages', null, 0, 0, false, false, false, 1, null, 'Through this skill, the character knows defunct languages appropriate to the game setting. Use the mechanics for Foreign Languages.', 0, null),
	(10, 'Animal Husbandry', null, 0, 15, false, false, false, 0, null, 'Animal Instruction is used to force captured, defenseless animals to act against their natural impulses in specific ways. Some common examples include performing tricks in front of a crowd, accepting a human rider on their back, and remaining docile despite their bloodthirsty urges.<br>If the trainer finds the animal too willful, they can first use a Whip to make the animal more pliant.', 1, null),
	(11, 'Apothecary', null, 0, 6, false, false, false, 1, null, 'Apothecaries use herbs, roots, minerals, and Animalia to cure and prevent common and chronic ailments. Apothecaries may mitigate the symptoms of infection and illness; they may also alleviate wound die penalties.', 1, 'Expendable'),
	(12, 'Appraisal', null, 0, 15, false, false, false, 1, null, 'This skill is used to judge the value or worth of certain items such as jewelry, gems, artwork, and antiquities. The Appraisal skill can be used by a player before testing his Resources to ensure that he is getting an accurate price.', 0, null),
	(13, 'Appropriate Weapons', null, 0, 15, false, false, true, null, null, 'This blanket entry is provided so the player may choose any and all of the weapons appropriate to his lifepaths, character concept and game setting. See thee listing for the individual weapons obstacles and roots.', 0, null),
	(14, 'Architect', null, 0, 0, false, false, false, 1, null, 'Architects possess knowledge of the design and construction of complex structures, such as buildings, arches, and bridges. This skill can be used in game to draw accurate plans of a proposed structure, attempt to draw structural plans for an extant building, or use existing plans and designs to navigate buildings, and structures.', 2, null),
	(15, 'Armor Training', null, 0, 5, false, true, false, 2, 5, 'To the unaccustomed, armor is heavy, hot, and uncomfortable. Characters without Armor Training who wear light mail suffer +1 Ob penalty to all tests. Wearing heavy mail or heavier without Armor Training incurs a +2 Ob penalty. Armor Training mitigates these penalties completely. Clumsy Weight penalties still apply.', 0, null),
	(16, 'Armorer', null, 0, 3, false, false, false, 1, 3, 'This specialized and dedicated craft is used to manufacture personal protection worn by soldiers in battle. The skill''s knowledge base is diverse, encompassing aspects of a blacksmith, a tailor, and a tanner.', 2, null),
	(17, 'Artillerist', null, 0, 7, false, false, false, 1, null, 'Artillerists use basic physics and mathematics topped with some healthy guesswork to lob indirect-fire projectiles from war machines. They also know the designs for constructing various war engines. Actual construction requires teams of laborers and at least one carpenter.', 2, null),
	(18, 'Atilliator', null, 0, 3, false, false, false, 1, 3, 'The manufacture and maintenance of crossbows.', 2, null),
	(19, 'Aura Reading', null, 0, 14, true, false, false, 0, 1, 'This is the talent to read an aura and see within it the present, future, and past. Aura readers can decipher gossamer veils of emotion, deception, clarity, and purpose. This skill does not grant the character the ability to see auras. That ability must be acquired through a trait, prayer, or spell.', 0, null),
	(20, 'Axe', null, 0, 5, false, false, false, 2, 3, 'This skill teaches the character how to use one- and two-handed axes to chop off arms, legs, and heads in battle. The Axe skill can be used to make blade strikes with the weapon, as well as strikes with the haft.', 3, 'An axe'),
	(21, 'Baking', null, 0, 9, false, false, false, 1, 3, 'His bread, flatcakes, and pastries make the baker an important fixture in any civilized town.', 2, null),
	(22, 'Beggardry', null, 0, 13, false, false, false, 0, null, 'Beggardry can elicit a few coins from the victim (1D of cash). It may also be used to replenish taxed Resources.', 0, null),
	(23, 'Bird Husbandry', null, 0, 4, false, false, false, 0, null, 'Bird Husbandry is the art of raising and caring for our avian friends.', 1, null),
	(24, 'Blacksmith', null, 0, 3, false, false, false, 3, 2, 'A blacksmith forges iron and steel tools, implements, and weapons. This is an arduous and time-consuming task, requiring tools and a workshop. Blacksmith can also be used to replenish taxed Resources if the character can find a suitable place to ply his trade.', 2, null),
	(25, 'Bloodletting', null, 0, 6, false, false, false, 1, null, 'Bloodletters believe that when a person is ill, his blood is contaminated with disease and impurities. By draining blood from the system, the bloodletter seeks to purify him.', 1, null),
	(26, 'Boatwright', null, 0, 3, false, false, false, 1, 3, 'This skill allows the character to construct small watercraft, including canoes, dugouts, barges, and planked and tarred longboats.', 2, null),
	(27, 'Bow', null, 0, 5, false, false, false, 3, null, 'The bow is a simple, effective, tension-drawn weapon that launches thin shafts at high velocity. This skill allows characters to use said device as a weapon in battle.', 3, 'A bow'),
	(28, 'Bowyer', null, 0, 3, false, false, false, 1, 3, 'A Bowyer creates bows and arrows from suitable wood. He also knows how to make bowstrings from gut.', 1, 'Expendable'),
	(29, 'Boxing', null, 0, 5, false, false, false, 2, 3, 'This is the blanket term used to describe all trained, unarmed ''martial arts.'' Boxing and Martial Arts skills allow a character to use all attack, defense, basic, and special actions. Use the skill in place of Power for Push and Lock', 0, null),
	(30, 'Brawling', null, 0, 5, false, false, false, 2, null, 'Brawling is the ''undisciplined'' side of bare-fisted combat. Brawling grants access to attack, defense, and basic actions, but not special actions. Using the Brawling skill in place of Power for the Lock and Push actions. Brawlers may also use ''found weapons.'' Found weapons include: clubs, brooms, lamps, rocks, sharp pieces of glass, towels, and pencils. These count as melee weapons but rely on the Brawling skill rather than a weapon skill.', 0, null),
	(31, 'Brewer', null, 0, 3, false, false, false, 1, null, 'A Brewer is a specialized miller who grinds grain to ferment into alcohol. Obviously, this practice requires a mill (or at least some ground grain) and a vat, if not an actual brewery.', 2, null),
	(32, 'Bureaucracy', null, 0, 15, false, false, false, 0, null, 'Bureaucracy is the knowledge of the hierarchies within a codified government of officials (or bureaus). This skill allows characters to navigate said structures in order to accomplish certain tasks or impel the bureaucracy to move in a certain direction. Often it involves filling tout lots of forms, researching obscure laws, and paying bribes to people who are very bored with their jobs.', 0, null),
	(33, 'Butchery', null, 0, 9, false, false, false, 1, 3, 'Butchers know how to kill, cut, and carve an animal or carcass into edible portions.', 1, null),
	(34, 'Calligraphy', null, 0, 0, false, false, false, 1, 3, 'Calligraphy is a formal, stylized handwriting that is required communicating with religious, royal, or governmental bodies.', 1, null),
	(35, 'Campaign History', null, 0, 0, false, false, false, 1, null, 'History is the knowledge of the records of past events pertaining to one culture or society. The character is assumed to have studied the popular history of his culture/people unless the player or lifepath decides otherwise. Specific histories are often listed in the lifepaths. They are fairly self-explanatory: Ancient History, (Military) Campaign History, Foreign History, Religious History, Local History, Obscure History, and Religious History. Each of these is a separate skill that must be purchased and opened.', 0, null),
	(36, 'Carpentry', null, 0, 3, false, false, false, 1, 3, 'A carpenter can select suitable trees, cut the lumber, and use it to build structures, implements and furniture. Carpentry is a great way to replenish taxed Resources.', 1, null),
	(37, 'Cartography', null, 0, 0, false, false, false, 1, 3, 'Cartography is the school of mapmaking. This skill imparts a hand for illustration and an eye for detail. And since Cartography is somewhat a language of its own, this skill also allows the interpretation of other maps.', 1, 'Expendable'),
	(38, 'Cartwright', null, 0, 3, false, false, false, 1, 3, 'Cartwrights build wheeled conveyances to be hauled by animals.', 2, null),
	(39, 'Carving', null, 0, 3, false, false, false, 1, 3, 'Carving is the careful shaping and engraving of wood.', 4, null),
	(40, 'Chandler', null, 0, 3, false, false, false, 1, 3, 'The Chandler skill allows characters to make candles from wax and tallow.', 1, 'Expendable'),
	(41, 'Child-Rearing', null, 0, 13, false, false, false, 0, null, 'Child-Rearing is used to raise children with the proper values and manners. The skill can also be used as Instruction, Cooking, and Field Dressing, but only for the benefit of children.', 0, null),
	(42, 'Chronology of Kings', null, 0, 0, false, false, false, 1, null, 'A ballad of history, telling the story of all the great Dwarven kings, their deeds and their riches.', 0, null),
	(43, 'Church Law', null, 0, 11, false, false, false, 1, null, 'This is a specialized legal skill dealing only with ecclesiastical law. Church Law is quite different from civil or courtly law. The punishments for crimes are religious in nature, not monetary or corporal.', 0, null),
	(44, 'Climbing', null, 0, 10, false, false, false, 5, null, 'This skill allows the character to navigate sheer surfaces using rope, harnesses, and really strong finger muscles. In addition, rougher surfaces can be scaled with bare hands.', 1, 'Expendable'),
	(45, 'Cloth Dyeing', null, 0, 3, false, false, false, 1, 3, 'The fine art of dyeing cloth and making the color keep.', 1, null),
	(46, 'Cobbler', null, 0, 3, false, false, false, 1, 3, 'Shoes, glorious shoes. The Cobbler makes all types of foot coverings, from the utilitarian to the fashionable.', 1, 'Expendable'),
	(47, 'Command', null, 0, 13, false, false, false, 0, null, 'Command is the ability to deliver curt and effective orders on the field of battle. A character''s ''command radius'' only stretches as far as the sound of his voice—a fairly short distance on the battlefield. But to those around them, a commander can be a great boon.', 0, null),
	(48, 'Composition', null, 0, 0, false, false, false, 0, 1, 'Composition is the discipline of formally arranging one''s ideas in written form. Using this skill, a character may compose lengthy books or pen erudite letters.', 1, 'Expendable'),
	(49, 'Conspicuous', null, 0, 13, false, false, false, 0, null, 'Characters with the Conspicuous skill can make themselves noticed above all in a crowd or scene.', 0, null),
	(50, 'Cooking', null, 0, 9, false, false, false, 1, null, 'Preparing meat, veggies, and grains for yummy consumption (or not).', 4, null),
	(51, 'Cooper', null, 0, 9, false, false, false, 1, 3, 'A Cooper uses iron, wood, and wax to make barrels to store wine, grain, and other sundries necessary for the survival of the village.', 2, null),
	(52, 'Coppersmith', null, 0, 3, false, false, false, 1, 3, 'Similar to a Blacksmith or Whitesmith, a Coppersmith specializes in the use of copper.', 2, null),
	(53, 'Counterfeiting', null, 0, 3, false, false, false, 1, 3, 'Counterfeiting is the time-honored art of illegally duplicating money—either clipping coins or cutting dies to replicate printed material.', 1, 'Expendable'),
	(54, 'Crossbow', null, 0, 5, false, false, false, 3, null, 'The crossbow is a mechanical, tension-drawn missile weapon. The most basic crossbow uses a hook system to hold the drawn bowstring so the weapon can be loaded. More complex examples use a stirrup, lever, or winch to draw the bow. They''re very powerful weapons; however, they are slow to load and difficult to manufacture. The Crossbow skill allows the character to use this weapon in battle situations. Consult the Range and Cover and Fight chapters.', 3, 'A crossbow'),
	(55, 'Cryptography', null, 0, 0, false, false, false, 1, null, 'Cryptography is the art of creating and deciphering codes.', 0, null),
	(56, 'Cudgel', null, 0, 5, false, false, false, 3, null, 'This skill allows the character to use short, single-handed and long, double-handed blunt implements (aka clubs and staffs) as weapons.', 3, 'A big stick'),
	(57, 'Cult Doctrine', null, 0, 11, false, false, false, 1, null, 'Doctrine describes the tenets and beliefs of a particular religious faith. A character may only take the following variations if they were available on his lifepaths or through general skill points:<br>Cult Doctrine is the application of a belief system to a non-standard, unapproved, or independent school of thought.<br>Foreign Doctrine is the knowledge or study of an accepted popular religion from another land or culture.<br>Heretical Doctrine is the understanding and knowledge of a set of beliefs and tenets that are an offshoot of the popular religion but are not commonly accepted by the religious power structure.', 0, null),
	(58, 'Dance', null, 0, 10, false, false, false, 5, null, 'The art of moving the body in time with rhythm in an expressive manner.', 0, null),
	(59, 'Demonology', null, 0, 0, false, false, false, 1, null, 'Demonology is the study of the history and behavior of demons and devils. This is an academic skill that does not necessarily involve the act of summoning.', 0, null),
	(60, 'Disguise', null, 0, 15, false, false, false, 1, 3, 'Disguise is the art of changing one''s face or appearance to look like another person or ethnicity.', 1, 'Expendable'),
	(61, 'Ditch Digging', null, 0, 9, false, false, false, 2, null, 'The fine and rarefied art of putting holes in the ground.', 1, null),
	(62, 'Doctrine', null, 0, 11, false, false, false, 1, null, 'Doctrine describes the tenets and beliefs of a particular religious faith. A character may only take the following variations if they were available on his lifepaths or through general skill points:<br>Cult Doctrine is the application of a belief system to a non-standard, unapproved, or independent school of thought.<br>Foreign Doctrine is the knowledge or study of an accepted popular religion from another land or culture.<br>Heretical Doctrine is the understanding and knowledge of a set of beliefs and tenets that are an offshoot of the popular religion but are not commonly accepted by the religious power structure.', 0, null),
	(63, 'Dog Husbandry', null, 0, 4, false, false, false, 0, null, 'Animal Husbandry involves the raising, care, and breeding of animals.', 1, null),
	(64, 'Drinking', null, 0, 15, false, false, false, 4, null, 'Drinking is the skill of getting drunk and not showing it.', 0, null),
	(65, 'Driving', null, 0, 9, false, false, false, 0, 3, 'Motivating a team of oxen or horses is an arduous task that requires skill and a certain delicacy. The Driving skill is used for maneuvering carts and carriages over roads.', 0, null),
	(66, 'Drum Maker', null, 0, 3, false, false, false, 1, 3, 'The Drum Maker skill involves the curing of skins, carving of wood, and tuning of hollows for the manufacture of percussion instruments.', 0, null),
	(67, 'Drum', null, 0, 8, false, false, false, 0, 3, 'Musical performance is a powerful tool. It can impress an emotion upon the listener—seducing, enraging, pleasing, etc. Choose an instrument: Drum, Flute, and Lyre are but a few of the many options.', 1, null),
	(68, 'Dye Manufacture', null, 0, 3, false, false, false, 1, 3, 'Dye Manufacture teaches where to find materials and how to convert natural substances into dyes.', 1, 'Expendable'),
	(69, 'Embroidery', null, 0, 3, false, false, false, 1, 3, 'An embroiderer stitches designs into cloth.', 1, 'Expendable'),
	(70, 'Empyrealia', null, 0, 0, false, false, false, 1, null, 'Empyrealia is the study of the hierarchies, courts, and denizens of the celestial halls of light. It is essentially the opposite of Demonology.', 0, null),
	(71, 'Engineering', null, 0, 1, false, false, false, 1, null, 'Engineers are learned men. They possess the knowledge of the myriad factors used in designing and constructing complex structures. Usually engineers direct a team of masons, carpenters, blacksmiths, and laborers in the construction of a building or bridge.', 1, null),
	(72, 'Engraving', null, 0, 1, false, false, false, 3, null, 'Engraving is the careful art of carving symbols into unyielding stone.', 2, null),
	(73, 'Estate Management', null, 0, 15, false, false, false, 1, null, 'Ensuring that an estate—its workers, animals, rolling stock, and crops—are all well managed and tended to is a demanding and tedious task. The primary use of this skill is to recover taxed Resources.', 3, 'An estate'),
	(74, 'Etching', null, 0, 3, false, false, false, 3, null, 'Etching is the delicate skill of scratching indelible symbols into metal.', 2, null),
	(75, 'Etiquette', null, 0, 13, false, false, false, 0, 1, 'Etiquette is proper courtly behavior. One cannot make requests of the court without knowing the appropriate social rituals.', 0, null),
	(76, 'Extortion', null, 0, 13, false, false, false, 0, null, 'Extortion is a popular skill at parties! Using it, you can threaten friends and enemies alike so they pay you to remain safe and healthy. Makes a great way to recover taxed Resources', 0, null),
	(77, 'Falconry', null, 0, 4, false, false, false, 0, 1, 'A falconer trains hunting hawks. Falconry is a very popular and expensive sport among nobility of all stripes.', 3, 'A falcon'),
	(78, 'Falsehood', null, 0, 13, false, false, false, 0, null, 'Falsehood is bare-faced lying.', 0, null),
	(79, 'Farming', null, 0, 9, false, false, false, 1, null, 'Farming is the prodigious knowledge of seeding, planting, and harvesting.', 1, null),
	(80, 'Field Dressing', null, 0, 6, false, false, false, 1, null, 'Field Dressing is the skill acquired by soldiers in the field who are forced to tend to their own wounded. It imputes a bare knowledge of anatomy and assumes a splash of common sense.', 4, 'Expendable'),
	(81, 'Firearms', null, 0, 5, false, false, false, 1, 3, 'Pistols, arquebuses, and even muskets may be safely and accurately discharged using this skill. This skill may be taken under the Appropriate Weapons heading if it is indeed germane to your game. Use Munitions for building and creating ammunition for said weapons.', 1, 'A gun'),
	(82, 'Firebuilding', null, 0, 4, false, false, false, 1, null, 'Firebuilding teaches characters how to light and maintain a fire suitable to their needs under any conditions. Characters without Firebuilding who light fires in the forest are liable to get into trouble.', 4, 'Expendable'),
	(83, 'Fishing', null, 0, 9, false, false, false, 1, 3, 'This basic skill teaches characters the nature of fish, where they live, and what they like to eat. Hopefully, this knowledge should help catch some.', 1, null),
	(84, 'Fletcher', null, 0, 3, false, false, false, 1, 3, 'A fletcher creates suitable arrows and bolts for bows and crossbows.', 1, 'Expendable'),
	(85, 'Flute', null, 0, 8, false, false, false, 0, 3, 'Musical performance is a powerful tool. It can impress an emotion upon the listener—seducing, enraging, pleasing, etc. Choose an instrument: Drum, Flute, and Lyre are but a few of the many options.', 1, null),
	(86, 'Folklore', null, 0, 15, false, false, false, 1, null, 'Folklore encompasses the folk beliefs in a culture—a catalog of superstitions, tall tales, and legends.', 0, null),
	(87, 'Foraging', null, 0, 4, false, false, false, 1, null, 'Using Foraging, a character can gather enough roots, fruit, and greens from the land to feed himself in times of austerity. Usually Foraging is a day-long endeavor.', 0, null),
	(88, 'Foreign Doctrine', null, 0, 11, false, false, false, 1, null, 'Doctrine describes the tenets and beliefs of a particular religious faith. A character may only take the following variations if they were available on his lifepaths or through general skill points:<br>Cult Doctrine is the application of a belief system to a non-standard, unapproved, or independent school of thought.<br>Foreign Doctrine is the knowledge or study of an accepted popular religion from another land or culture.<br>Heretical Doctrine is the understanding and knowledge of a set of beliefs and tenets that are an offshoot of the popular religion but are not commonly accepted by the religious power structure.', 0, null),
	(89, 'Foreign History', null, 0, 0, false, false, false, 1, null, 'History is the knowledge of the records of past events pertaining to one culture or society. The character is assumed to have studied the popular history of his culture/people unless the player or lifepath decides otherwise. Specific histories are often listed in the lifepaths. They are fairly self-explanatory: Ancient History, (Military) Campaign History, Foreign History, Religious History, Local History, Obscure History, and Religious History. Each of these is a separate skill that must be purchased and opened.', 0, null),
	(90, 'Foreign Languages', null, 0, 13, false, false, false, 1, null, 'A character with this skill has learned foreign languages over the course of his life. Test this skill when attempting to communicate with another character in a language that is not your native tongue.<br>There are constraints based on which level of speech you aim for. You can cover basic ground with survival/conversational language, but there are whole swaths of meaning that are simply beyond your grasp if you can''t express ideas in metaphor or other abstract concepts. Good luck expressing the meaning behind your actions.<br>Here are some suggested failure results: The character is able to communicate, but screws up the words for numbers, ordinal directions, etc. Or the character can understand what is said, but can''t make his speech understood. Or you can only use single words and gestures to get across your meaning.', 0, null),
	(91, 'Forgery', null, 0, 15, false, false, false, 1, 3, 'Forgery is the ability to copy documents, signatures, and seals flawlessly.', 1, 'Expendable'),
	(92, 'Formation Fighting Training', null, 0, 7, false, true, false, 0, null, 'Characters with Formation Fighting training have been taught how to fight shoulder-to-shoulder in a regiment. Characters in formation may help each other with Steel-based maneuvers in Range and Cover. In Fight, if fighting shoulder-to-shoulder with an ally (or allies), reduce the outnumbered penalty by one.', 0, null),
	(93, 'Fortifications', null, 0, 7, false, false, false, 1, null, 'Fortifications is a specialized military skill centering on the construction of defensible positions. This skill works well with the Range and Cover rules.', 1, null),
	(94, 'Gambling', null, 0, 15, false, false, false, 0, 1, 'This skill represents the character''s skill, knowledge, and luck with gambling. To use this skill, first make a wager or set a prize: an item, animal, piece of property, or cash generated from a Resources test. Then make a versus test against another gambler. The winner walks away with the prize.', 4, null),
	(95, 'General', null, 0, 15, false, false, true, null, null, 'Use General Skill points to purchase any skills in the General Skill list. Pretty self-explanatory, right? That means stock-specific skills are off-limits, buddy.', 0, null),
	(96, 'Great Wolf Husbandry', null, 0, 9, false, false, false, 0, null, 'The particularly dangerous art of raising and tending to Great Wolves.', 1, null),
	(97, 'Haggling', null, 0, 13, false, false, false, 0, null, 'Haggling is the skill required to negotiate prices, terms of purchase, and contracts.', 0, null),
	(98, 'Hammer', null, 0, 5, false, false, false, 3, null, 'Hammer is a weapon skill focusing on the use of heavy, blunt, crushing weapons typically mounted with reversed beaks or spikes', 3, 'A hammer'),
	(99, 'Hauling', null, 0, 9, false, false, false, 0, 2, 'Use this skill in place of Power when hauling improbable loads on your back.', 0, null),
	(100, 'Heraldry', null, 0, 15, false, false, false, 1, null, 'Heraldry is the skill of recognizing and deciphering heraldic coats of arms. Medieval family crests exist in a bewildering array of iterations and combinations, and the herald''s knowledge of them is encyclopedic.', 0, null),
	(101, 'Herbalism', null, 0, 6, false, false, false, 1, null, 'Herbalism uses herbs and roots to cure and prevent common and chronic ailments. Herbalism can be used as a medicinal skill for treating wounds and stopping bleeding.', 1, 'Expendable'),
	(102, 'Heretical Doctrine', null, 0, 11, false, false, false, 1, null, 'Doctrine describes the tenets and beliefs of a particular religious faith. A character may only take the following variations if they were available on his lifepaths or through general skill points:<br>Cult Doctrine is the application of a belief system to a non-standard, unapproved, or independent school of thought.<br>Foreign Doctrine is the knowledge or study of an accepted popular religion from another land or culture.<br>Heretical Doctrine is the understanding and knowledge of a set of beliefs and tenets that are an offshoot of the popular religion but are not commonly accepted by the religious power structure.', 0, null),
	(103, 'History', null, 0, 0, false, false, false, 1, null, 'History is the knowledge of the records of past events pertaining to one culture or society. The character is assumed to have studied the popular history of his culture/people unless the player or lifepath decides otherwise. Specific histories are often listed in the lifepaths. They are fairly self-explanatory: Ancient History, (Military) Campaign History, Foreign History, Religious History, Local History, Obscure History, and Religious History. Each of these is a separate skill that must be purchased and opened.', 0, null),
	(104, 'Horse Husbandry', null, 0, 4, false, false, false, 0, null, 'Animal Husbandry involves the raising, care, and breeding of animals.', 1, null),
	(105, 'Hunting', null, 0, 4, false, false, false, 1, 3, 'Hunting is used to capture or kill prey animals in the wild so that they might be consumed as food.', 3, 'A bow or javelin'),
	(106, 'Illuminations', null, 0, 2, false, false, false, 3, null, 'Illumination is the patient art of embellishing manuscripts with illustrations.', 1, 'Expendable'),
	(107, 'Inconspicuous', null, 0, 13, false, false, false, 0, null, 'Quite simply, Inconspicuous is the ability to go unnoticed in a crowd.', 0, null),
	(108, 'Insect Husbandry', null, 0, 4, false, false, false, 0, null, 'Insect Husbandry is the art of raising and caring for our six-legged friends.', 1, null),
	(109, 'Instruction', null, 0, 13, false, false, false, 0, null, 'Using the Instruction skill, a character may teach another character.', 0, null),
	(110, 'Interrogation', null, 0, 13, false, false, false, 0, null, 'Using a peculiar logic, interrogators gain information from unwilling subjects. A successful interrogation means the victim character has given up the information the players are looking for.', 0, null),
	(111, 'Intimidation', null, 0, 13, false, false, false, 0, null, 'Intimidation is the communication of threat.', 0, null),
	(112, 'Jargon', null, 0, 13, false, false, false, 1, null, 'Jargon is the specialized speech used by masons, architects, and engineers.', 0, null),
	(113, 'Javelin', null, 0, 5, false, false, false, 3, null, 'Javelins are short throwing spears.', 0, null),
	(114, 'Jeweler', null, 0, 3, false, false, false, 1, 3, 'This skill provides the character with a knowledge of metals and precious gems used to create jewelry. With the proper tools, characters can build necklaces, form bracelets, and create brooches.', 2, null),
	(115, 'Knives', null, 0, 5, false, false, false, 3, null, 'The Knives skill teaches hand-to-hand knife fighting techniques. This is not a throwing skill.', 3, 'Something knife-like'),
	(116, 'Knots', null, 0, 12, false, false, false, 1, 3, 'Knots is the knowledge of many rope ties vital to sailors to keep a ship running.', 4, 'Expendable'),
	(117, 'Lance', null, 0, 5, false, false, false, 3, 2, 'This skill trains the fighter to use a couched lance from horseback', 1, 'A really big, pointy stick'),
	(118, 'Lapidary', null, 0, 3, false, false, false, 1, null, 'Lapidary is the careful art of refining gems to be sold on the market or placed into jewelry.', 2, null),
	(119, 'Local History', null, 0, 0, false, false, false, 1, null, 'History is the knowledge of the records of past events pertaining to one culture or society. The character is assumed to have studied the popular history of his culture/people unless the player or lifepath decides otherwise. Specific histories are often listed in the lifepaths. They are fairly self-explanatory: Ancient History, (Military) Campaign History, Foreign History, Religious History, Local History, Obscure History, and Religious History. Each of these is a separate skill that must be purchased and opened.', 0, null),
	(120, 'Lock Pick', null, 0, 15, false, false, false, 1, 3, 'The skill of disabling and disarming mechanical locks.', 1, null),
	(121, 'Locksmith', null, 0, 3, false, false, false, 1, 3, 'Locksmithing is the knowledge of the pins, slides, levers, and keys that comprise locks. A locksmith can build locks as well as disarm those he happens upon in his travels. This skill includes the knowledge and ability of Lock Pick, as well.', 2, null),
	(122, 'Logistics', null, 0, 7, false, false, false, 1, null, 'Logistics is a rare skill. It is the knowledge of supply lines, resources, consumption rates, and rates of travel of armies. The skill is used by particularly thoughtful commanders to keep their troops in supply while on campaign.', 3, 'Supplies for an army'),
	(123, 'Lyre', null, 0, 8, false, false, false, 0, 3, 'Musical performance is a powerful tool. It can impress an emotion upon the listener—seducing, enraging, pleasing, etc. Choose an instrument: Drum, Flute, and Lyre are but a few of the many options.', 1, null),
	(124, 'Mace', null, 0, 5, false, false, false, 2, 3, 'A mace is a short-hafted, metal-flanged club. Its main purpose in battle is to crush through heavy metal armor.', 1, null),
	(125, 'Martial Arts', null, 0, 5, false, false, false, 2, 3, 'This is a catch-all skill for any specialist hand-to-hand fighting techniques. We prefer the term Boxing, and you can see a slightly more detailed entry under that heading.', 0, null),
	(126, 'Mason', null, 0, 1, false, false, false, 1, 3, 'A mason knows how to choose suitable stone, carve it, and use it to build structures. Also, masons are skilled in mixing mortar and setting foundations.', 2, null),
	(127, 'Meditation', null, 0, 11, false, false, false, 0, null, 'First and foremost, Meditation is a way for a character to calm and center himself. It is both rest and a method for divining solutions to problems via deep thought. While meditating, a character is vaguely aware of his surroundings—cognizant of changes in the environment like noise or the presence of someone near him. He may make Perception/Observation tests to detect Stealthy characters. A Sorcerer can maintain any spells he is currently sustaining while meditating. He must retest Tax as per The Power Still Flows Through Him rules in the Burning Wheel.', 0, null),
	(128, 'Mending', null, 0, 9, false, false, false, 1, 3, 'Mending is a useful skill. It encompasses the knowledge of the form and function of everything on the farm. This skill allows characters to fix, repair, or darn just about anything.', 1, 'Expendable'),
	(129, 'Midwifery', null, 0, 6, false, false, false, 0, 1, 'Midwives are an important fixture in any village. They help women give birth to children and survive.', 0, null),
	(130, 'Miller', null, 0, 9, false, false, false, 1, null, 'Milling is the knowledge of building, maintaining, and operating the machinery used to grind grain for consumption.', 2, 'A mill'),
	(131, 'Mimicry', null, 0, 4, false, false, false, 1, null, 'Using this skill, a character may imitate animal sounds and voices.', 0, null),
	(132, 'Mining', null, 0, 3, false, false, false, 1, null, 'Mining is the technique of excavating earth in order to remove valuable ore or minerals like salt. Mining includes prospecting ore, sinking the shafts, and setting up a system to remove the ore.', 1, null),
	(133, 'Mounted Combat Training', null, 0, 5, false, true, false, 0, 2, 'Mounted Combat Training gives the character the ability to fight effectively with melee weapons from horseback. See the Riding and Mounted Combat chapter.', 0, null),
	(134, 'Mounted Combat Bowman Training', null, 0, 5, false, true, false, 0, 2, 'Mounted Combat Bowman Training gives the character the ability to fight effectively with ranged weapons from horseback. See the Riding and Mounted Combat chapter.', 0, null),
	(135, 'Music Composition', null, 0, 8, false, false, false, 0, 1, 'A character with this skill can write musical notation and compose various types of songs, both for voice and instrument.', 1, 'Expendable'),
	(136, 'Musical Instrument', null, 0, 8, false, false, false, 0, 3, 'Musical performance is a powerful tool. It can impress an emotion upon the listener—seducing, enraging, pleasing, etc. Choose an instrument: Drum, Flute, and Lyre are but a few of the many options.', 1, 'An instrument'),
	(137, 'Navigation', null, 0, 12, false, false, false, 1, null, 'Using charts of the stars, winds, and currents, a navigator safely guides her ship from port to port. True navigation allows ships to journey away from the coastline into the open sea without becoming hopelessly lost.', 1, null),
	(138, 'Obscure History', null, 0, 0, false, false, false, 1, null, 'History is the knowledge of the records of past events pertaining to one culture or society. The character is assumed to have studied the popular history of his culture/people unless the player or lifepath decides otherwise. Specific histories are often listed in the lifepaths. They are fairly self-explanatory: Ancient History, (Military) Campaign History, Foreign History, Religious History, Local History, Obscure History, and Religious History. Each of these is a separate skill that must be purchased and opened.', 0, null),
	(139, 'Observation', null, 0, 4, false, false, false, 1, null, 'Observation is the skill used to spot the hidden—characters, traps, ghosts, etc. Test this skill in versus tests against Inconspicuous, Stealthy, Sleight of Hand, or Trapper. Note: Do not use Observation for standard Perception tests—to spot a weakness in armor, to notice details of a flag, or to look for an escape tunnel. Some spells and traits allow Perception to act as Observation.', 0, null),
	(140, 'Oratory', null, 0, 13, false, false, false, 0, null, 'Oratory is the ability to rouse the masses with a stirring speech. It teaches how to project the voice and speaking techniques used to get a point across.', 0, null),
	(141, 'Orienteering', null, 0, 4, false, false, false, 1, null, 'Orienteering is the ability to navigate across land both with and without maps. Maps do, however, provide an advantage die to Orienteering tests. A successful Orienteering test indicates the character has found his way without delay. A failed test indicates the character and his companions have gotten lost. This result either causes the characters to miss any appointment they were trying to keep (but still arrive at their destination) or causes them to arrive in an unintended location.', 0, null),
	(142, 'Painting', null, 0, 2, false, false, false, 0, 3, 'Painters use dyes, pigments, and brushes to craft images on a variety of surfaces.', 1, 'Expendable'),
	(143, 'Persuasion', null, 0, 13, false, false, false, 0, null, 'Persuasion is the art of convincing someone to act on your behalf because it is in his best interest. This skill often involves an exchange of agreements—something very different from Falsehood or Oratory. Those two skills tell someone what to do or believe, whereas using Persuasion, one carefully crafts a suggestion for the victim to agree with. With luck, he''ll think it was his idea in the first place.', 0, null),
	(144, 'Philosophy', null, 0, 11, false, false, false, 0, 1, 'Philosophy is the pursuit and discussion of wisdom, discussing the nature of truth, logic, reason, good, evil and the divine. Often it is at odds with Law and Doctrine.', 0, null),
	(145, 'Pilot', null, 0, 12, false, false, false, 1, 2, 'The pilot is the all-important crewman who guides the ship through storm and calm. A good pilot can stay the course through the most terrible gale.', 0, null),
	(146, 'Playwright', null, 0, 0, false, false, false, 0, 1, 'A playwright composes dramatic dialogue into scripts to be read and performed by actors on stage. This skill allows a character to convey his own ideas into a written form so that others may transmit them via performance. Writing is required in order for this skill to be taken.', 1, 'Expendable'),
	(147, 'Plumbing', null, 0, 1, false, false, false, 1, null, 'The fine art of plumbing. Using this skill a character may design systems to convey water from one location to another. Typical plumbing in the middle ages was made of lead, wood, and stone.', 1, null),
	(148, 'Poetry', null, 0, 8, false, false, false, 0, null, 'Poetry allows the expression of ideas and emotions through metered verse.', 0, null),
	(149, 'Poisons', null, 0, 15, false, false, false, 1, null, 'Poisons is a specialized apothecary skill that allows the character to concoct harmful substances from herbs, minerals, and Animalia.', 1, 'Expendable'),
	(150, 'Polearm', null, 0, 5, false, false, false, 2, 3, 'A polearm is a versatile weapon. When using this weapon in combat, the player must decide whether his character is using the blade to cut, or the beak (or blade tip) to thrust. Cutting and thrusting have different damages and weapon lengths.', 3, 'A halberd, a glaive, or a voulge'),
	(151, 'Potter', null, 0, 3, false, false, false, 1, 3, '''Tis a most ancient and honorable craft. A character with the Potter skill knows how to make vessels of fired clay.', 1, 'Expendable'),
	(152, 'Prospecting', null, 0, 1, false, false, false, 1, null, 'The Prospecting skill allows the character to locate seams and veins of minerals and metals so that they may be mined.', 0, null),
	(153, 'Ratiquette', null, 0, 13, false, false, false, 0, null, 'Rats have a particular etiquette they prefer in all their dealings. If one is willing and nimble, this social art can be learned and even mastered. Use this skill in place of Etiquette whenever dealing with rats or their cousins. Roden consider Ratiquette a mortal insult.', 0, null),
	(154, 'Read', null, 0, 0, false, false, false, 1, null, 'In the middle ages, reading and writing were two separate and distinct skills. It''s difficult for the modern mind to comprehend this, but it is a fact. Therefore, a character may be able to read but not know how to transcribe his thoughts onto paper.', 0, null),
	(155, 'Religious Diatribe', null, 0, 13, false, false, false, 0, null, 'This is a specialized form of Oratory for angry religious types.', 0, null),
	(156, 'Religious History', null, 0, 0, false, false, false, 1, null, 'History is the knowledge of the records of past events pertaining to one culture or society. The character is assumed to have studied the popular history of his culture/people unless the player or lifepath decides otherwise. Specific histories are often listed in the lifepaths. They are fairly self-explanatory: Ancient History, (Military) Campaign History, Foreign History, Religious History, Local History, Obscure History, and Religious History. Each of these is a separate skill that must be purchased and opened.', 0, null),
	(157, 'Research', null, 0, 0, false, false, false, 1, null, 'Research is the art of navigating libraries, gathering data, and collating coherent reports.', 0, null),
	(158, 'Rhetoric', null, 0, 0, false, false, false, 1, null, 'Rhetoric is a form of discourse centered on the conveyance of thoughts, ideas, and concepts in the interest of winning an argument.', 0, null),
	(159, 'Riding', null, 0, 10, false, false, false, 0, null, 'This skill reaches the character to effectively maneuver a mount.', 3, 'A horse or some such thing'),
	(160, 'Rigging', null, 0, 12, false, false, false, 3, 5, 'Rigging is the knowledge of setting the sails of seagoing vessels. This includes how they work, and the ability to climb the rigging like a monkey climbs a tree.', 0, null),
	(161, 'Ritual', null, 0, 0, false, false, false, 0, 1, 'Priests and monks perform religious rituals for the community.', 0, null),
	(162, 'Rule of Law', null, 0, 11, false, false, false, 1, null, 'The Rule of Law is the body of rules and guides set up to maintain order within the state. Characters familiar with law may act as advocates, lawyers, and magistrates within the system.', 0, null),
	(163, 'Saddlery', null, 0, 3, false, false, false, 1, 3, 'Saddlery is the fine art of creating horse furniture from suitable hides. Saddlers work closely with local tanners to create saddles, bits, bridles, and stirrups.', 2, null),
	(164, 'Scavenging', null, 0, 9, false, false, false, 1, null, 'A player using his character''s Scavenger skill may state what he is looking for—it can be any type of item, but it cannot be a specific or unique thing', 0, null),
	(165, 'Sculpture', null, 0, 2, false, false, false, 0, 3, 'Sculptors carve forms and images from obdurate stone.', 1, null),
	(166, 'Seamanship', null, 0, 12, false, false, false, 1, null, 'Seamanship covers all the basic knowledge and skills, short of actual sailing, necessary to survive on board a boat or ship: stowing, cleaning, mending shipboard paraphernalia, and water discipline.', 0, null),
	(167, 'Seduction', null, 0, 13, false, false, false, 0, null, 'Seduction involves the extraction of information or the persuasion of action from a subject through the manipulation of sexual desire and intention. This does not necessarily entail sexual intercourse.', 0, null),
	(168, 'Sewing', null, 0, 9, false, false, false, 3, null, 'Sewing is used to make garments, blankets, and pillows from swatches of cloth.', 1, 'Expendable'),
	(169, 'Shield Training', null, 0, 5, false, true, false, 3, null, 'Shield Training allows a character to incorporate a shield into his defense. Characters without Shield Training must actively block with a shield in order to gain its benefits. See Armor and Shields in the Burning Wheel for rules. When performing a Strike with a shield use Brawling, an appropriate Boxing skill or Agility.', 0, null),
	(170, 'Ship Management', null, 0, 12, false, false, false, 1, null, 'Use this skill for to manager supplies and cargo for sea voyages. Success indicates there''s no problem. A failed test and the ship runs short of supplies—food, water, medicine, lumber, ammunition, etc.—and serious complications arise. Sailors start dying from one thing or another, because whatever''s missing is what is sorely needed, of course! A bad steward is bad for morale.', 0, null),
	(171, 'Shipwright', null, 0, 3, false, false, false, 1, null, 'Shipbuilding is the art of designing and constructing seagoing vessels. A master shipwright usually directs a team of carpenters, blacksmiths, and laborers in the construction process.', 2, null),
	(172, 'Signaling', null, 0, 12, false, false, false, 1, null, 'Using this skill and a specially designed lantern or set of flags, a sailor can relay predetermined codes or signals over great distances.', 1, null),
	(173, 'Sing', null, 0, 8, false, false, false, 0, null, 'Singing is the art of celebrating and communicating through voice, verse, and tune. Singing can be used to soothe, invigorate, and inform.', 0, null),
	(174, 'Skirmish Tactics Training', null, 0, 7, false, true, false, 0, 1, 'Soldiers trained in skirmish tactics know how to act as a unit when fighting in dispersed formations. Skirmish Tactics allow a fighter with the training to help another fighter with the training on his team. You can help with maneuver rolls in Range and Cover. Up to five skirmishers may help one another.', 0, null),
	(175, 'Sleight of Hand', null, 0, 15, false, false, false, 3, null, 'Sleight of Hand allows the character to perform minor tricks with small objects in the hands. The skill also allows the character to surreptitiously place objects on and remove objects from another person.', 0, null),
	(176, 'Soldiering', null, 0, 7, false, false, false, 0, 1, 'This skill covers all the incredibly boring minutiae of being a soldier—marching, digging latrines, setting up tents, army procedures, and dealing with the paymasters.', 1, null),
	(177, 'Soothing Platitudes', null, 0, 13, false, false, false, 0, null, 'Soothing Platitudes is a skill for placating angered or irksome fellows with words that say nothing but compliment everything.', 0, null),
	(178, 'Spear', null, 0, 5, false, false, false, 3, null, 'Spears, lances, or pikes are versatile and intuitive weapons. They can be used as a quick slashing weapon, as a thrusting, or even a smashing weapon. This is not a throwing skill.', 0, null),
	(179, 'Staff', null, 0, 5, false, false, false, 3, null, 'A staff is a thin pole, usually shod with iron at the ends, useful for leaning on when walking and as a weapon.', 3, 'A staff'),
	(180, 'Stealthy', null, 0, 4, false, false, false, 5, null, 'Stealthy is the ability to use camouflage, natural surroundings, shadow, light, and a quiet step to move undetected.', 0, null),
	(181, 'Strategy Games', null, 0, 15, false, false, false, 0, 1, 'A character with this skill is well versed in games of strategy popular to his region. Game play was rather common in the middle ages, but this character has developed a particular knack and skill for it.', 1, 'A game'),
	(182, 'Strategy', null, 0, 7, false, false, false, 0, 1, 'Strategy is used to guide armies through war. You can use the Strategy skill to choose the field of battle, move your army unseen through an area, find your enemy''s supply, choose the proper troops for a task, etc. This is a rare and highly specialized skill reserved for only the greatest of generals.', 0, null),
	(183, 'Streetwise', null, 0, 15, false, false, false, 1, null, 'Streetwise is the etiquette of the city streets. This skill helps characters navigate urban centers safely, allowing them to find places only a native would know.', 0, null),
	(184, 'Suasion', null, 0, 13, false, false, false, 0, null, 'Suasion is the verbal art of the priest. It is used to enlighten the benighted. This skill allows a Priest to convince others to act on his behalf (because it is in the best interest of their immortal souls). It is a Persuasion skill for the clergy.', 0, null),
	(185, 'Surgery', null, 0, 6, false, false, false, 1, 3, 'Surgery is a highly specialized art that involves cutting and sewing damaged body parts back into a position where they can heal properly. Surgery can be used to repair broken limbs, stop bleeding, and remove bodily aberrations. Failed Surgery tests increase the blood clock for the wound by one stage. Can be used to treat wounds of all types.', 1, 'Expendable'),
	(186, 'Survival', null, 0, 4, false, false, false, 0, 1, 'Survival teaches a character how to build shelters, find water, and stay warm/cool in adverse conditions.', 4, null),
	(187, 'Sword', null, 0, 5, false, false, false, 3, null, 'This skill covers the use of any long-bladed, one- or two-handed weapons. Bastard swords, broad swords, short swords, katana, falchions, machetes, rapiers, gladii, or yataghans.', 3, 'A sword'),
	(188, 'Symbology', null, 0, 0, false, false, false, 1, null, 'Symbology is the study of ancient & obscure symbols. A symbologist can recognize/interpret these marks + signs.', 0, null),
	(189, 'Tactics', null, 0, 7, false, false, false, 0, 1, 'Tactics is the knowledge of how to use small groups of soldiers to maximum effect on the battlefield.', 0, null),
	(190, 'Tanner', null, 0, 3, false, false, false, 3, 4, 'A tanner treats and cures hides so that they can be used as enduring clothing, furniture, and coverings.', 2, 'A tannery'),
	(191, 'Taxidermy', null, 0, 6, false, false, false, 1, null, 'Taxidermy is the process of preparing and preserving the dead for exhibition in a lifelike state.', 1, null),
	(192, 'Theatrics', null, 0, 15, false, false, false, 0, 1, 'Theatrics is the familiarity with the mechanics of stage performance. This skill encompasses sets, makeup, and costumes.', 1, null),
	(193, 'Throwing', null, 0, 5, false, false, false, 3, null, 'Throwing allows characters to accurately throw knives, pins, rocks, and balls at targets.', 3, 'Something to throw'),
	(194, 'Torture', null, 0, 15, false, false, false, 0, 1, 'This is the unsavory skill of including pain in a victim in order to have the victim acquiesce to demands or reveal information. To use the skill, the torturer must state—exactly—what he wishes the victim to submit to or reveal. He does not ask a question of his victim.', 1, null),
	(195, 'Tracking', null, 0, 4, false, false, false, 1, null, 'Tracking is the ability to follow prints, impressions, and traces through the wilderness. Trackers refer to their art as ''following sign.''', 0, null),
	(196, 'Trapper', null, 0, 4, false, false, false, 1, 3, 'Trapping is the art of setting traps and snares to catch small game.', 1, 'Expendable'),
	(197, 'Tree Cutting', null, 0, 9, false, false, false, 1, 2, 'Tree Cutting is the technique of rapidly and safely felling live trees to be used as lumber and firewood.', 1, null),
	(198, 'Troll Etiquette', null, 0, 13, false, false, false, 0, 1, 'Troll Lords learn the axe-blade etiquette for dealing with Troll Bellowers and Warlords.', 0, null),
	(199, 'Two-Fisted Fighting Training', null, 0, 5, false, true, false, 3, null, 'This martial training skill allows a character to fight effectively with a weapon in his off hand. This secondary weapon must be smaller or of equal weight to his other weapon. Both weapons must be one-handed and be at most long weapon length.<br>When fighting with two weapons, there is no penalty for striking with a weapon in the off-hand. If a player wants to Strike with both weapons simultaneously, divide his dice between his two weapons. They must be of equal length to perform this. The character may perform Block & Strike actions as if he had Shield Training. Skill dice are divided between attack and defense as the combatant sees fit.', 0, null),
	(200, 'Ugly Truth', null, 0, 13, false, false, false, 1, null, 'Ugly Truth is the singular ability to strip a situation or argument to its bare, naked core.', 0, null),
	(201, 'Vintner', null, 0, 9, false, false, false, 0, 1, 'A Vintner is an artist who grows grapes, mashes them, and ferments them into wine.', 2, null),
	(202, 'Waiting Tables', null, 0, 15, false, false, false, 0, null, 'Despite what they may say, it takes skill, patience, and cunning to serve customers. A great skill for replenishing taxed Resources.', 0, null),
	(203, 'Weaponsmith', null, 0, 3, false, false, false, 1, 3, 'Weaponsmith is the specialized craft of manufacturing weapons of war.', 2, null),
	(204, 'Weaving', null, 0, 9, false, false, false, 1, 3, 'Weaving is the skill used for taking raw fiber like flax, cotton, wool, or silk and turning it into usable cloth.', 1, 'Expendable'),
	(205, 'Whitesmith', null, 0, 3, false, false, false, 1, 3, 'Using similar techniques as the blacksmith, a whitesmith forges wares from the softer metals: silver and gold.', 2, null),
	(206, 'Wine Tasting', null, 0, 15, false, false, false, 1, null, 'Tasting wine and discerning its flavors and properties is a highly refined skill. Use the skill to determine the origins of the wine.', 0, null),
	(207, 'Wises', null, 0, 15, false, false, false, 1, null, 'A wise is a skill through which a character can call upon the knowledge of various details of the game world—knowledge of ''who''s who'' or ''what''s what'' for the areas encompassed by his wises. For the most part, wises are fairly self-explanatory—their name says it all. Some of the more bizarre examples have detailed descriptions in the individual lifepath sections. The following are the general skill obstacles applicable to all wises.', 0, null),
	(208, 'Write', null, 0, 0, false, false, false, 1, 3, 'Write is the companion skill to Read. As I mentioned in the Read listing, it is possible to have this as a separate skill. Without the benefit of the ability to read, Write is a copyist''s skill. The character knows the shapes of letters and how to reproduce them, but he does not know what they mean. A character with Write may transcribe his thoughts onto paper in reasonably coherent chunks.', 1, 'Expendable'),
	(209, 'Javelin or Bow', null, 0, 5, false, false, true, 1, 3, 'With this skill you can choose either Javelin or Bow as a skill.', 0, null),
	(210, 'Any -smith', null, 0, 3, false, false, true, 1, 3, 'With this skill you can choose any -smith skills your character might possess.', 0, null),
	(211, 'Caravan Management', null, 0, 15, false, false, false, 1, null, 'Ensuring that a caravan —its workers, animals, rolling stock, and crops— are all well managed and tended to is a demanding and tedious task.', 1, 'Nothing but a caravan'),
	(212, 'Psionics', null, 0, 14, true, false, false, 0, null, 'Psionics skill is used to use the psionic powers. Choose one category wwhen purchasing this skill: Psychonetics, Psychobolics or Metapsionics.', 0, null),
	(213, 'Psionics (Psychobolics)', null, 0, 14, true, false, true, 0, null, 'Psionics skill is used to use the psionic powers.', 0, null),
	(214, 'Psionics (Metapsionics)', null, 0, 14, true, false, true, 0, null, 'Psionics skill is used to use the psionic powers.', 0, null),
	(215, 'Psionics (Psychonetics)', null, 0, 14, true, false, true, 0, null, 'Psionics skill is used to use the psionic powers.', 0, null),
	(216, 'Tribal History', null, 0, 0, false, false, true, 1, null, 'History is the knowledge of the records of past events pertaining to one culture or society. The character is assumed to have studied the popular history of his culture/people unless the player or lifepath decides otherwise. Specific histories are often listed in the lifepaths. They are fairly self-explanatory: Ancient History, (Military) Campaign History, Foreign History, Religious History, Local History, Obscure History, and Religious History. Each of these is a separate skill that must be purchased and opened.', 0, null),
	(217, 'Official History', null, 0, 0, false, false, true, 1, null, 'History is the knowledge of the records of past events pertaining to one culture or society. The character is assumed to have studied the popular history of his culture/people unless the player or lifepath decides otherwise. Specific histories are often listed in the lifepaths. They are fairly self-explanatory: Ancient History, (Military) Campaign History, Foreign History, Religious History, Local History, Obscure History, and Religious History. Each of these is a separate skill that must be purchased and opened.', 0, null),
	(218, 'Ancient Ways', null, 4, 14, true, false, false, 0, 1, 'It is said that the Great Ancient spoke the true names of the water, loam, wind and prairie fire. Closely guarded, these powerful names have been passed from generation to generation of Great Wolves descended from the last wolf of the ancestral pack -Fell Ancients who bear the Mark.<br>This skill is the wolf equivalent of the Spirit Binding skill. Wolves must have the Mark of the Ancient trait to use this skill.', 1, null),
	(219, 'Camouflage', null, 4, 4, false, false, false, 1, 3, 'Using this skill, a Troll may take on the appearance of his surroundings and remain hidden. The Dread Stone love to build up false stone walls around themselves and then wait for an unsuspecting passerby to wander into reach.<br>Using this skill effectively requires that the Troll remain motionless while camouflaged. Test this skill as a Stealthy skill.', 0, null),
	(220, 'Combat Mount Training', null, 4, 5, false, true, false, 0, 2, 'Carrying a rider on a journey and bearing him into combat are very different skills. A wolf must be trained to modify his fighting style in order to coordinate with his rider and not roll him or throw him.', 0, null),
	(221, 'Escape Artist', null, 4, 15, false, false, false, 1, 3, 'Wolves can learn nearly anything. When trapped or caged, they quickly learn the mechanics of their captivity and devise a method of escape.', 0, null),
	(222, 'Extortion', null, 4, 13, false, false, false, 0, 1, 'Bull Trolls sometimes learn that it is more fruitful to let their victims live to extort food and shiny bits from them over the years. This way they can get more than a single meal out of them!', 0, null),
	(223, 'Firebombs', null, 4, 3, false, false, false, 1, 3, 'The Arsonist learns how to mix ingredients to create incendiary bombs. The Mark result damage is listed witch each type. If the explosion hits a character, roll the die of fate to determine IMS(like a spell). This skill does not cover the distribution of such bombs. That would come from Agility, Throwing, Artillery or simply inconspicuous placement. WHen igniting such a device, roll the die of fate. On a 1, the bomb malfunctions. Roll again immediately: Odd, it detonates; even it''s a dud.', 1, null),
	(224, 'Garrote', null, 4, 5, false, false, false, 3, null, 'A garrote is a two- to three-foot length of cord strung between two small wooden handles or leather loops. Roden use it to throttle victims to death. To use this skill, the would-be-muyrderer must attack from stealth or surprise (or against a victim already in a Lock. Thet Garrote versus Power or Agility (victim''s choice, but at double obstacle). If the attacked lands a 2D or greater lock, the victim loses 1D Forte every exchange thereafter. If Forte reaches zero, the victim falls unconscious.', 1, null),
	(225, 'Hoof-wise', null, 4, 15, false, false, false, 1, null, 'Wolves learn the habits and nature of their prey.', 0, null),
	(226, 'Howling', null, 4, 13, false, false, false, 0, null, 'Wolves love to howl, and they do so for many reasons. It is the combination of the Singing, Oratory and Conspicuous skills.', 0, null),
	(227, 'Lash', null, 4, 5, false, false, false, 3, null, 'Bellowers bear a massive lash with which they drive on their lessers. So terrible and huge is this whip that it may be used as a weapon.<br>Obstacles as a melee weapon. See Resources section for stats.', 1, null),
	(228, 'Nature of All Things', null, 4, 0, false, false, false, 0, 1, 'This wolf knows the history of the trees, the streams, the rocks and brush. He knows why the snow falls and why the sun rises. He understands that the sharp tooth of the wolf lengthens the stride of the hoofed ones. He comprehends, vaguely, the interconnectedness of all things. This skill can be used as a FoRK for nearly any other skill (except martial skills), in a similar fashion to the Astrology skill.', 0, null),
	(229, 'Nursing', null, 4, 15, false, false, false, 0, 1, 'This is the delicate process of weaning pups off the teat and slowly introducing them to meat and forage. Also, this skill is used like Field Dressing.', 0, null),
	(230, 'Pack Etiquette', null, 4, 13, false, false, false, 1, null, 'This is crucial knowledge of the laws of the pack and what behavior is appropriate at what juncture.', 0, null),
	(231, 'Pack Hunting', null, 4, 4, false, false, false, 1, 5, 'Wolves hunt for their prey in a different mannter than those on two legs. The dominant is always the primary for this test. Last wolves, pups, elders and nursing dominants may not help in this test -only Hunters, Aunts, Uncles and Yearlings.', 0, null),
	(232, 'Preaching', null, 4, 13, false, false, false, 0, null, 'Preaching relies upon religious doctrine, real-life anecdotes and folk wisdom.', 0, null),
	(233, 'Rearing', null, 4, 13, false, false, false, 0, 1, 'This is the wolf''s instructional skill. Good Uncles and Aunts pass on the knowledge of the hunt and the traditions of the pack to the young pups. Use this skill as Instruction for teaching wolves younger than you.', 0, null),
	(234, 'Rider Training', null, 4, 10, false, true, false, 0, null, 'This training teaches a wolf how to subordinate itself and accept commands from a rider.', 0, null),
	(235, 'Savage Attack', null, 4, 5, false, false, false, 3, 5, 'Orcs train wolves to fight savagely and wildly. Wolves with Savage Attack have access to all of the martial maneuvers, including Lock and Strike when using their Crushing Jaws', 0, null),
	(236, 'Scent Tracking', null, 4, 4, false, false, false, 1, null, 'Wolves track in a slightly different manner than humans, Elves and Orcs -they rely on scent and sound in addition to sight.', 0, null),
	(237, 'Tongue of the Ancient One', null, 4, 14, true, false, false, 1, null, 'It is said that the Great Ancient whispered his secrets to his last pup before he passed on from this world. He taught his outcast and hated child how to speak the true speech, how to make his words have power beyond understanding.<br>This skill is the equivalent of Sorcery, Great Wolves with the Mark of the Ancient trait may use this skill to cast spells.', 0, null),
	(238, 'Way of the First Hunter', null, 4, 0, false, false, false, 0, 1, 'This is the Spirit Hunter''s history of the world. This skill acts as Ancient History', 0, null),
	(239, 'Any wise', null, 1, 15, false, false, false, 1, null, 'Choose any wise skill.', 0, null),
	(240, 'Abbey-wise', null, 1, 15, false, false, false, 1, null, null, 0, null),
	(241, 'Aecer-wise', null, 1, 15, false, false, false, 1, null, null, 0, null),
	(242, 'Alms-wise', null, 1, 15, false, false, false, 1, null, null, 0, null),
	(243, 'Althing-wise', null, 1, 15, false, false, false, 1, null, null, 0, null),
	(244, 'Ambition-wise', null, 1, 15, false, false, false, 1, null, null, 0, null),
	(245, 'Ambush-wise', null, 1, 15, false, false, false, 1, null, null, 0, null),
	(246, 'Animal-wise', null, 1, 15, false, false, false, 1, null, null, 0, null),
	(247, 'Antique-wise', null, 1, 15, false, false, false, 1, null, null, 0, null),
	(248, 'Apocalypse-wise', null, 1, 15, false, false, false, 1, null, null, 0, null),
	(249, 'Apostate-wise', null, 1, 15, false, false, false, 1, null, null, 0, null),
	(250, 'Apprentice-wise', null, 1, 15, false, false, false, 1, null, null, 0, null),
	(251, 'Army-wise', null, 1, 15, false, false, false, 1, null, null, 0, null),
	(252, 'Arson-wise', null, 1, 15, false, false, false, 1, null, null, 0, null),
	(253, 'Artificer-wise', null, 1, 15, false, false, false, 1, null, null, 0, null),
	(254, 'Artisan-wise', null, 1, 15, false, false, false, 1, null, null, 0, null),
	(255, 'Assassination-wise', null, 1, 15, false, false, false, 1, null, null, 0, null),
	(256, 'Aura-wise', null, 1, 15, false, false, false, 1, null, null, 0, null),
	(257, 'Authority-wise', null, 1, 15, false, false, false, 1, null, null, 0, null),
	(258, 'Back Alley-wise', null, 1, 15, false, false, false, 1, null, null, 0, null),
	(259, 'Bad End-wise', null, 1, 15, false, false, false, 1, null, null, 0, null),
	(260, 'Baggage Train-wise', null, 1, 15, false, false, false, 1, null, null, 0, null),
	(261, 'Bandit-wise', null, 1, 15, false, false, false, 1, null, null, 0, null),
	(262, 'Banner-wise', null, 1, 15, false, false, false, 1, null, null, 0, null),
	(263, 'Bannerman-wise', null, 1, 15, false, false, false, 1, null, null, 0, null),
	(264, 'Bat-wise', null, 1, 15, false, false, false, 1, null, null, 0, null),
	(265, 'Battle-wise', null, 1, 15, false, false, false, 1, null, null, 0, null),
	(266, 'Bay-wise', null, 1, 15, false, false, false, 1, null, null, 0, null),
	(267, 'Beast of Burden-wise', null, 1, 15, false, false, false, 1, null, null, 0, null),
	(268, 'Bee-wise', null, 1, 15, false, false, false, 1, null, null, 0, null),
	(269, 'Beer-wise', null, 1, 15, false, false, false, 1, null, null, 0, null),
	(270, 'Beggar-wise', null, 1, 15, false, false, false, 1, null, null, 0, null),
	(271, 'Below-wise', null, 1, 15, false, false, false, 1, null, null, 0, null),
	(272, 'Bishop-wise', null, 1, 15, false, false, false, 1, null, null, 0, null),
	(273, 'Black Legion-wise', null, 1, 15, false, false, false, 1, null, 'Orcs with this skill know the power structure and inner workings of their clan''s legion and other legions in the region.', 0, null),
	(274, 'Bone Headed-wise', null, 1, 15, false, false, false, 1, null, null, 0, null),
	(275, 'Bone-wise', null, 1, 15, false, false, false, 1, null, null, 0, null),
	(276, 'Books-wise', null, 1, 15, false, false, false, 1, null, null, 0, null),
	(277, 'Border-wise', null, 1, 15, false, false, false, 1, null, null, 0, null),
	(278, 'Boss-wise', null, 1, 15, false, false, false, 1, null, null, 0, null),
	(279, 'Bow-wise', null, 1, 15, false, false, false, 1, null, null, 0, null),
	(280, 'Bread-wise', null, 1, 15, false, false, false, 1, null, null, 0, null),
	(281, 'Brew-wise', null, 1, 15, false, false, false, 1, null, null, 0, null),
	(282, 'Bribe-wise', null, 1, 15, false, false, false, 1, null, null, 0, null),
	(283, 'Bridge-wise', null, 1, 15, false, false, false, 1, null, null, 0, null),
	(284, 'Bully-wise', null, 1, 15, false, false, false, 1, null, null, 0, null),
	(285, 'Burden of the Crown-wise', null, 1, 15, false, false, false, 1, null, null, 0, null),
	(286, 'Cadence-wise', null, 1, 15, false, false, false, 1, null, null, 0, null),
	(287, 'Campaign-wise', null, 1, 15, false, false, false, 1, null, null, 0, null),
	(288, 'Captain-wise', null, 1, 15, false, false, false, 1, null, null, 0, null),
	(289, 'Caravan-wise', null, 1, 15, false, false, false, 1, null, null, 0, null),
	(290, 'Cargo-wise', null, 1, 15, false, false, false, 1, null, null, 0, null),
	(291, 'Cat-wise', null, 1, 15, false, false, false, 1, null, null, 0, null),
	(292, 'Caulking-wise', null, 1, 15, false, false, false, 1, null, null, 0, null),
	(293, 'Cavalry-wise', null, 1, 15, false, false, false, 1, null, null, 0, null),
	(294, 'Cave-In-wise', null, 1, 15, false, false, false, 1, null, null, 0, null),
	(295, 'Cave-wise', null, 1, 15, false, false, false, 1, null, null, 0, null),
	(296, 'Cell-wise', null, 1, 15, false, false, false, 1, null, null, 0, null),
	(297, 'Cemetary-wise', null, 1, 15, false, false, false, 1, null, null, 0, null),
	(298, 'Cemetery-wise', null, 1, 15, false, false, false, 1, null, null, 0, null),
	(299, 'Chain-wise', null, 1, 15, false, false, false, 1, null, null, 0, null),
	(300, 'Champion-wise', null, 1, 15, false, false, false, 1, null, null, 0, null),
	(301, 'Charcoal-wise', null, 1, 15, false, false, false, 1, null, null, 0, null),
	(302, 'Chattel-wise', null, 1, 15, false, false, false, 1, null, null, 0, null),
	(303, 'Cheat-wise', null, 1, 15, false, false, false, 1, null, null, 0, null),
	(304, 'Cheating-wise', null, 1, 15, false, false, false, 1, null, null, 0, null),
	(305, 'Child-wise', null, 1, 15, false, false, false, 1, null, null, 0, null),
	(306, 'Church Politics-wise', null, 1, 15, false, false, false, 1, null, null, 0, null),
	(307, 'Church Treasure-wise', null, 1, 15, false, false, false, 1, null, null, 0, null),
	(308, 'Church-wise', null, 1, 15, false, false, false, 1, null, null, 0, null),
	(309, 'Circuit-wise', null, 1, 15, false, false, false, 1, null, null, 0, null),
	(310, 'Citadel-wise', null, 1, 15, false, false, false, 1, null, null, 0, null),
	(311, 'City Guard-wise', null, 1, 15, false, false, false, 1, null, null, 0, null),
	(312, 'City-wise', null, 1, 15, false, false, false, 1, null, null, 0, null),
	(313, 'Clan-wise', null, 1, 15, false, false, false, 1, null, null, 0, null),
	(314, 'Clique-wise', null, 1, 15, false, false, false, 1, null, null, 0, null),
	(315, 'Clothing-wise', null, 1, 15, false, false, false, 1, null, null, 0, null),
	(316, 'Coin-wise', null, 1, 15, false, false, false, 1, null, null, 0, null),
	(317, 'Commodities-wise', null, 1, 15, false, false, false, 1, null, null, 0, null),
	(318, 'Contract-wise', null, 1, 15, false, false, false, 1, null, null, 0, null),
	(319, 'Countryside-wise', null, 1, 15, false, false, false, 1, null, null, 0, null),
	(320, 'Court Gossip-wise', null, 1, 15, false, false, false, 1, null, null, 0, null),
	(321, 'Court-wise', null, 1, 15, false, false, false, 1, null, null, 0, null),
	(322, 'Craft-wise', null, 1, 15, false, false, false, 1, null, null, 0, null),
	(323, 'Craftsman-wise', null, 1, 15, false, false, false, 1, null, null, 0, null),
	(324, 'Creepy Priest-wise', null, 1, 15, false, false, false, 1, null, null, 0, null),
	(325, 'Crew-wise', null, 1, 15, false, false, false, 1, null, null, 0, null),
	(326, 'Criminal-wise', null, 1, 15, false, false, false, 1, null, null, 0, null),
	(327, 'Crop-wise', null, 1, 15, false, false, false, 1, null, null, 0, null),
	(328, 'Crowd-wise', null, 1, 15, false, false, false, 1, null, null, 0, null),
	(329, 'Cult-wise', null, 1, 15, false, false, false, 1, null, null, 0, null),
	(330, 'Cultist-wise', null, 1, 15, false, false, false, 1, null, null, 0, null),
	(331, 'Currency-wise', null, 1, 15, false, false, false, 1, null, null, 0, null),
	(332, 'Current-wise', null, 1, 15, false, false, false, 1, null, null, 0, null),
	(333, 'Customer-wise', null, 1, 15, false, false, false, 1, null, null, 0, null),
	(334, 'Daily Bread-wise', null, 1, 15, false, false, false, 1, null, null, 0, null),
	(335, 'Dark Arts-wise', null, 1, 15, false, false, false, 1, null, null, 0, null),
	(336, 'Dark Elf-wise', null, 1, 15, false, false, false, 1, null, null, 0, null),
	(337, 'Dark Secret-wise', null, 1, 15, false, false, false, 1, null, null, 0, null),
	(338, 'Darkened Streets-wise', null, 1, 15, false, false, false, 1, null, null, 0, null),
	(339, 'Darkness-wise', null, 1, 15, false, false, false, 1, null, null, 0, null),
	(340, 'Deal-wise', null, 1, 15, false, false, false, 1, null, null, 0, null),
	(341, 'Death Cult-wise', null, 1, 15, false, false, false, 1, null, null, 0, null),
	(342, 'Death-wise', null, 1, 15, false, false, false, 1, null, null, 0, null),
	(343, 'Debt-wise', null, 1, 15, false, false, false, 1, null, null, 0, null),
	(344, 'Dirty Secrets-wise', null, 1, 15, false, false, false, 1, null, null, 0, null),
	(345, 'Disgusting Necromancer-wise', null, 1, 15, false, false, false, 1, null, null, 0, null),
	(346, 'Dog-wise', null, 1, 15, false, false, false, 1, null, null, 0, null),
	(347, 'Domain-wise', null, 1, 15, false, false, false, 1, null, null, 0, null),
	(348, 'Drama-wise', null, 1, 15, false, false, false, 1, null, null, 0, null),
	(349, 'Drink-wise', null, 1, 15, false, false, false, 1, null, null, 0, null),
	(350, 'Drunk Husband-wise', null, 1, 15, false, false, false, 1, null, null, 0, null),
	(351, 'Drunk-wise', null, 1, 15, false, false, false, 1, null, null, 0, null),
	(352, 'Drunkard-wise', null, 1, 15, false, false, false, 1, null, null, 0, null),
	(353, 'Dupe-wise', null, 1, 15, false, false, false, 1, null, null, 0, null),
	(354, 'Dwarf-wise', null, 1, 15, false, false, false, 1, null, null, 0, null),
	(355, 'Dwarven Art-wise', null, 1, 15, false, false, false, 1, null, null, 0, null),
	(356, 'Dwarven Heroes-wise', null, 1, 15, false, false, false, 1, null, null, 0, null),
	(357, 'Earth-wise', null, 1, 15, false, false, false, 1, null, 'A Dwarf with this skill can tell the type of earth and stone, where it came from and generally how old it is.', 0, null),
	(358, 'Elf-wise', null, 1, 15, false, false, false, 1, null, null, 0, null),
	(359, 'Elven Art-wise', null, 1, 15, false, false, false, 1, null, null, 0, null),
	(360, 'Elven Artifact-wise', null, 1, 15, false, false, false, 1, null, null, 0, null),
	(361, 'Elven Blade-wise', null, 1, 15, false, false, false, 1, null, null, 0, null),
	(362, 'Elven Citadel-wise', null, 1, 15, false, false, false, 1, null, null, 0, null),
	(363, 'Elven Politics-wise', null, 1, 15, false, false, false, 1, null, null, 0, null),
	(364, 'Elven Ranger-wise', null, 1, 15, false, false, false, 1, null, null, 0, null),
	(365, 'Elven Songs-wise', null, 1, 15, false, false, false, 1, null, null, 0, null),
	(366, 'Estate-wise', null, 1, 15, false, false, false, 1, null, null, 0, null),
	(367, 'Etharch-wise', null, 1, 15, false, false, false, 1, null, null, 0, null),
	(368, 'Everybody''s Innocent-wise', null, 1, 15, false, false, false, 1, null, null, 0, null),
	(369, 'Evil Necromancer-wise', null, 1, 15, false, false, false, 1, null, null, 0, null),
	(370, 'Excuses-wise', null, 1, 15, false, false, false, 1, null, null, 0, null),
	(371, 'Extortion-wise', null, 1, 15, false, false, false, 1, null, null, 0, null),
	(372, 'Fabric-wise', null, 1, 15, false, false, false, 1, null, null, 0, null),
	(373, 'Facet-wise', null, 1, 15, false, false, false, 1, null, null, 0, null),
	(374, 'Faith-wise', null, 1, 15, false, false, false, 1, null, null, 0, null),
	(375, 'Fake-wise', null, 1, 15, false, false, false, 1, null, null, 0, null),
	(376, 'Fall Grass-wise', null, 1, 15, false, false, false, 1, null, null, 0, null),
	(377, 'Family Secret-wise', null, 1, 15, false, false, false, 1, null, null, 0, null),
	(378, 'Family Secrets-wise', null, 1, 15, false, false, false, 1, null, null, 0, null),
	(379, 'Family-wise', null, 1, 15, false, false, false, 1, null, null, 0, null),
	(380, 'Fashion-wise', null, 1, 15, false, false, false, 1, null, null, 0, null),
	(381, 'Fat Merchant-wise', null, 1, 15, false, false, false, 1, null, null, 0, null),
	(382, 'Fealty-wise', null, 1, 15, false, false, false, 1, null, null, 0, null),
	(383, 'Feet-wise', null, 1, 15, false, false, false, 1, null, null, 0, null),
	(384, 'Fire and Steel-wise', null, 1, 15, false, false, false, 1, null, null, 0, null),
	(385, 'Flock-wise', null, 1, 15, false, false, false, 1, null, null, 0, null),
	(386, 'Flower-wise', null, 1, 15, false, false, false, 1, null, null, 0, null),
	(387, 'Fool-wise', null, 1, 15, false, false, false, 1, null, null, 0, null),
	(388, 'Forest-wise', null, 1, 15, false, false, false, 1, null, null, 0, null),
	(389, 'Fortress-wise', null, 1, 15, false, false, false, 1, null, null, 0, null),
	(390, 'Gaol-wise', null, 1, 15, false, false, false, 1, null, null, 0, null),
	(391, 'Gas Pocket-wise', null, 1, 15, false, false, false, 1, null, null, 0, null),
	(392, 'Genius-wise', null, 1, 15, false, false, false, 1, null, null, 0, null),
	(393, 'God of Death-wise', null, 1, 15, false, false, false, 1, null, null, 0, null),
	(394, 'Gossip-wise', null, 1, 15, false, false, false, 1, null, null, 0, null),
	(395, 'Graft-wise', null, 1, 15, false, false, false, 1, null, null, 0, null),
	(396, 'Grain-wise', null, 1, 15, false, false, false, 1, null, null, 0, null),
	(397, 'Grape-wise', null, 1, 15, false, false, false, 1, null, null, 0, null),
	(398, 'Grave-wise', null, 1, 15, false, false, false, 1, null, null, 0, null),
	(399, 'Graveyard-wise', null, 1, 15, false, false, false, 1, null, null, 0, null),
	(400, 'Graybeard-wise', null, 1, 15, false, false, false, 1, null, null, 0, null),
	(401, 'Great and Black-wise', null, 1, 15, false, false, false, 1, null, null, 0, null),
	(402, 'Great Masters-wise', null, 1, 15, false, false, false, 1, null, null, 0, null),
	(403, 'Great Wolf-wise', null, 1, 15, false, false, false, 1, null, null, 0, null),
	(404, 'Grift-wise', null, 1, 15, false, false, false, 1, null, null, 0, null),
	(405, 'Guard-wise', null, 1, 15, false, false, false, 1, null, null, 0, null),
	(406, 'Guest-wise', null, 1, 15, false, false, false, 1, null, null, 0, null),
	(407, 'Guilder-wise', null, 1, 15, false, false, false, 1, null, null, 0, null),
	(408, 'Guts-wise', null, 1, 15, false, false, false, 1, null, null, 0, null),
	(409, 'Handwriting-wise', null, 1, 15, false, false, false, 1, null, null, 0, null),
	(410, 'Hatchet-wise', null, 1, 15, false, false, false, 1, null, null, 0, null),
	(411, 'Hazing-wise', null, 1, 15, false, false, false, 1, null, null, 0, null),
	(412, 'Herb-wise', null, 1, 15, false, false, false, 1, null, null, 0, null),
	(413, 'Herbalist-wise', null, 1, 15, false, false, false, 1, null, null, 0, null),
	(414, 'Heresy-wise', null, 1, 15, false, false, false, 1, null, null, 0, null),
	(415, 'Hills-wise', null, 1, 15, false, false, false, 1, null, null, 0, null),
	(416, 'Hold-wise', null, 1, 15, false, false, false, 1, null, null, 0, null),
	(417, 'Honey-wise', null, 1, 15, false, false, false, 1, null, null, 0, null),
	(418, 'Hoof-wise', null, 1, 15, false, false, false, 1, null, null, 0, null),
	(419, 'Horse-wise', null, 1, 15, false, false, false, 1, null, null, 0, null),
	(420, 'Hospital-wise', null, 1, 15, false, false, false, 1, null, null, 0, null),
	(421, 'Host-wise', null, 1, 15, false, false, false, 1, null, null, 0, null),
	(422, 'Hostel-wise', null, 1, 15, false, false, false, 1, null, null, 0, null),
	(423, 'Hurt-wise', null, 1, 15, false, false, false, 1, null, null, 0, null),
	(424, 'Husband-wise', null, 1, 15, false, false, false, 1, null, null, 0, null),
	(425, 'Hypocritical Bastards-wise', null, 1, 15, false, false, false, 1, null, null, 0, null),
	(426, 'Imperfections-wise', null, 1, 15, false, false, false, 1, null, null, 0, null),
	(427, 'Inane Requst-wise', null, 1, 15, false, false, false, 1, null, null, 0, null),
	(428, 'Infection-wise', null, 1, 15, false, false, false, 1, null, null, 0, null),
	(429, 'Inner Workings-wise', null, 1, 15, false, false, false, 1, null, null, 0, null),
	(430, 'Intrigue-wise', null, 1, 15, false, false, false, 1, null, null, 0, null),
	(431, 'Junior Student-wise', null, 1, 15, false, false, false, 1, null, null, 0, null),
	(432, 'Junk-wise', null, 1, 15, false, false, false, 1, null, null, 0, null),
	(433, 'Kick Me-wise', null, 1, 15, false, false, false, 1, null, null, 0, null),
	(434, 'Kingdom-wise', null, 1, 15, false, false, false, 1, null, null, 0, null),
	(435, 'Knife-wise', null, 1, 15, false, false, false, 1, null, null, 0, null),
	(436, 'Laborer-wise', null, 1, 15, false, false, false, 1, null, null, 0, null),
	(437, 'Landlord-wise', null, 1, 15, false, false, false, 1, null, null, 0, null),
	(438, 'Latrine-wise', null, 1, 15, false, false, false, 1, null, null, 0, null),
	(439, 'Law-wise', null, 1, 15, false, false, false, 1, null, null, 0, null),
	(440, 'Lazy Bastard-wise', null, 1, 15, false, false, false, 1, null, null, 0, null),
	(441, 'Lazy-wise', null, 1, 15, false, false, false, 1, null, null, 0, null),
	(442, 'Leather-wise', null, 1, 15, false, false, false, 1, null, null, 0, null),
	(443, 'Ledger-wise', null, 1, 15, false, false, false, 1, null, null, 0, null),
	(444, 'Leper-wise', null, 1, 15, false, false, false, 1, null, null, 0, null),
	(445, 'Leverage-wise', null, 1, 15, false, false, false, 1, null, null, 0, null),
	(446, 'Library-wise', null, 1, 15, false, false, false, 1, null, null, 0, null),
	(447, 'Local Law-wise', null, 1, 15, false, false, false, 1, null, null, 0, null),
	(448, 'Lock-wise', null, 1, 15, false, false, false, 1, null, null, 0, null),
	(449, 'Loot-wise', null, 1, 15, false, false, false, 1, null, null, 0, null),
	(450, 'Lord-wise', null, 1, 15, false, false, false, 1, null, null, 0, null),
	(451, 'Lost Secret-wise', null, 1, 15, false, false, false, 1, null, null, 0, null),
	(452, 'Lost Treasures-wise', null, 1, 15, false, false, false, 1, null, null, 0, null),
	(453, 'Mad Invention-wise', null, 1, 15, false, false, false, 1, null, null, 0, null),
	(454, 'Maker''s Mark-wise', null, 1, 15, false, false, false, 1, null, null, 0, null),
	(455, 'Human-wise', null, 1, 15, false, false, false, 1, null, null, 0, null),
	(456, 'Manor-wise', null, 1, 15, false, false, false, 1, null, null, 0, null),
	(457, 'Map-wise', null, 1, 15, false, false, false, 1, null, null, 0, null),
	(458, 'Materials-wise', null, 1, 15, false, false, false, 1, null, null, 0, null),
	(459, 'Mead-wise', null, 1, 15, false, false, false, 1, null, null, 0, null),
	(460, 'Mercenary Company-wise', null, 1, 15, false, false, false, 1, null, null, 0, null),
	(461, 'Merchant-wise', null, 1, 15, false, false, false, 1, null, null, 0, null),
	(462, 'Metal-wise', null, 1, 15, false, false, false, 1, null, null, 0, null),
	(463, 'Mill-wise', null, 1, 15, false, false, false, 1, null, null, 0, null),
	(464, 'Mineral-wise', null, 1, 15, false, false, false, 1, null, null, 0, null),
	(465, 'Minister-wise', null, 1, 15, false, false, false, 1, null, null, 0, null),
	(466, 'Monk-wise', null, 1, 15, false, false, false, 1, null, null, 0, null),
	(467, 'Mount-wise', null, 1, 15, false, false, false, 1, null, null, 0, null),
	(468, 'Mountain-wise', null, 1, 15, false, false, false, 1, null, null, 0, null),
	(469, 'Mouth of Hell-wise', null, 1, 15, false, false, false, 1, null, null, 0, null),
	(470, 'Mule-wise', null, 1, 15, false, false, false, 1, null, null, 0, null),
	(471, 'Murder-wise', null, 1, 15, false, false, false, 1, null, null, 0, null),
	(472, 'Mystery Meat-wise', null, 1, 15, false, false, false, 1, null, null, 0, null),
	(473, 'Nail-wise', null, 1, 15, false, false, false, 1, null, null, 0, null),
	(474, 'Nest-wise', null, 1, 15, false, false, false, 1, null, null, 0, null),
	(475, 'Night Watch-wise', null, 1, 15, false, false, false, 1, null, null, 0, null),
	(476, 'Noble-wise', null, 1, 15, false, false, false, 1, null, null, 0, null),
	(477, 'Nut and Berry-wise', null, 1, 15, false, false, false, 1, null, null, 0, null),
	(478, 'Oath-wise', null, 1, 15, false, false, false, 1, null, null, 0, null),
	(479, 'Obligation-wise', null, 1, 15, false, false, false, 1, null, null, 0, null),
	(480, 'Obscure Text-wise', null, 1, 15, false, false, false, 1, null, null, 0, null),
	(481, 'Omen-wise', null, 1, 15, false, false, false, 1, null, null, 0, null),
	(482, 'Orc Rituals-wise', null, 1, 15, false, false, false, 1, null, null, 0, null),
	(483, 'Orc Servant-wise', null, 1, 15, false, false, false, 1, null, null, 0, null),
	(484, 'Orc-wise', null, 1, 15, false, false, false, 1, null, null, 0, null),
	(485, 'Ore-wise', null, 1, 15, false, false, false, 1, null, null, 0, null),
	(486, 'Outlaw-wise', null, 1, 15, false, false, false, 1, null, null, 0, null),
	(487, 'Pack-wise', null, 1, 15, false, false, false, 1, null, null, 0, null),
	(488, 'Paint-wise', null, 1, 15, false, false, false, 1, null, null, 0, null),
	(489, 'Papal Bull-wise', null, 1, 15, false, false, false, 1, null, null, 0, null),
	(490, 'Paperwork-wise', null, 1, 15, false, false, false, 1, null, null, 0, null),
	(491, 'Parish-wise', null, 1, 15, false, false, false, 1, null, null, 0, null),
	(492, 'Park-wise', null, 1, 15, false, false, false, 1, null, null, 0, null),
	(493, 'Paths-wise', null, 1, 15, false, false, false, 1, null, null, 0, null),
	(494, 'Pattern-wise', null, 1, 15, false, false, false, 1, null, null, 0, null),
	(495, 'Peasant-wise', null, 1, 15, false, false, false, 1, null, null, 0, null),
	(496, 'Pecking Order-wise', null, 1, 15, false, false, false, 1, null, null, 0, null),
	(497, 'Personal Effects-wise', null, 1, 15, false, false, false, 1, null, null, 0, null),
	(498, 'Pest-wise', null, 1, 15, false, false, false, 1, null, null, 0, null),
	(499, 'Petitioner-wise', null, 1, 15, false, false, false, 1, null, null, 0, null),
	(500, 'Pig-wise', null, 1, 15, false, false, false, 1, null, null, 0, null),
	(501, 'Pilgrim-wise', null, 1, 15, false, false, false, 1, null, null, 0, null),
	(502, 'Pilgrimage-wise', null, 1, 15, false, false, false, 1, null, null, 0, null),
	(503, 'Pirate Cove-wise', null, 1, 15, false, false, false, 1, null, null, 0, null),
	(504, 'Pirates-wise', null, 1, 15, false, false, false, 1, null, null, 0, null),
	(505, 'Plant-wise', null, 1, 15, false, false, false, 1, null, null, 0, null),
	(506, 'Poacher-wise', null, 1, 15, false, false, false, 1, null, null, 0, null),
	(507, 'Poison-wise', null, 1, 15, false, false, false, 1, null, null, 0, null),
	(508, 'Pope Joke-wise', null, 1, 15, false, false, false, 1, null, null, 0, null),
	(509, 'Prayer-wise', null, 1, 15, false, false, false, 1, null, null, 0, null),
	(510, 'Priest-wise', null, 1, 15, false, false, false, 1, null, null, 0, null),
	(511, 'Profanity-wise', null, 1, 15, false, false, false, 1, null, null, 0, null),
	(512, 'Promise-wise', null, 1, 15, false, false, false, 1, null, null, 0, null),
	(513, 'Prostitute-wise', null, 1, 15, false, false, false, 1, null, null, 0, null),
	(514, 'Protector-wise', null, 1, 15, false, false, false, 1, null, null, 0, null),
	(515, 'Quack-wise', null, 1, 15, false, false, false, 1, null, null, 0, null),
	(516, 'Ransom-wise', null, 1, 15, false, false, false, 1, null, null, 0, null),
	(517, 'Relic-wise', null, 1, 15, false, false, false, 1, null, null, 0, null),
	(518, 'Religious Rumor-wise', null, 1, 15, false, false, false, 1, null, null, 0, null),
	(519, 'Reputation-wise', null, 1, 15, false, false, false, 1, null, null, 0, null),
	(520, 'Rhythm of the City-wise', null, 1, 15, false, false, false, 1, null, null, 0, null),
	(521, 'Ridiculous Request-wise', null, 1, 15, false, false, false, 1, null, null, 0, null),
	(522, 'Righteous Priest-wise', null, 1, 15, false, false, false, 1, null, null, 0, null),
	(523, 'Riot-wise', null, 1, 15, false, false, false, 1, null, null, 0, null),
	(524, 'Rituals-wise', null, 1, 15, false, false, false, 1, null, null, 0, null),
	(525, 'Road-wise', null, 1, 15, false, false, false, 1, null, null, 0, null),
	(526, 'Rock-wise', null, 1, 15, false, false, false, 1, null, null, 0, null),
	(527, 'Roof-wise', null, 1, 15, false, false, false, 1, null, null, 0, null),
	(528, 'Rope-wise', null, 1, 15, false, false, false, 1, null, null, 0, null),
	(529, 'Royal Parks-wise', null, 1, 15, false, false, false, 1, null, null, 0, null),
	(530, 'Royal Secret-wise', null, 1, 15, false, false, false, 1, null, null, 0, null),
	(531, 'Rumor-wise', null, 1, 15, false, false, false, 1, null, null, 0, null),
	(532, 'Sail-wise', null, 1, 15, false, false, false, 1, null, null, 0, null),
	(533, 'Sailor-wise', null, 1, 15, false, false, false, 1, null, null, 0, null),
	(534, 'Saint-wise', null, 1, 15, false, false, false, 1, null, null, 0, null),
	(535, 'Sacrament-wise', null, 1, 15, false, false, false, 1, null, null, 0, null),
	(536, 'Scheme-wise', null, 1, 15, false, false, false, 1, null, null, 0, null),
	(537, 'School of Magic-wise', null, 1, 15, false, false, false, 1, null, null, 0, null),
	(538, 'Scurvy-wise', null, 1, 15, false, false, false, 1, null, null, 0, null),
	(539, 'Scutwork-wise', null, 1, 15, false, false, false, 1, null, null, 0, null),
	(540, 'Sea-wise', null, 1, 15, false, false, false, 1, null, null, 0, null),
	(541, 'Seaman-wise', null, 1, 15, false, false, false, 1, null, null, 0, null),
	(542, 'Secret Cult Worship-wise', null, 1, 15, false, false, false, 1, null, null, 0, null),
	(543, 'Secret-wise', null, 1, 15, false, false, false, 1, null, null, 0, null),
	(544, 'Seed-wise', null, 1, 15, false, false, false, 1, null, null, 0, null),
	(545, 'Ship-wise', null, 1, 15, false, false, false, 1, null, null, 0, null),
	(546, 'Shoal-wise', null, 1, 15, false, false, false, 1, null, null, 0, null),
	(547, 'Shoe-wise', null, 1, 15, false, false, false, 1, null, null, 0, null),
	(548, 'Shortcut-wise', null, 1, 15, false, false, false, 1, null, null, 0, null),
	(549, 'Shovel-wise', null, 1, 15, false, false, false, 1, null, null, 0, null),
	(550, 'Shrine-wise', null, 1, 15, false, false, false, 1, null, null, 0, null),
	(551, 'Slave Deck-wise', null, 1, 15, false, false, false, 1, null, null, 0, null),
	(552, 'Slavery-wise', null, 1, 15, false, false, false, 1, null, null, 0, null),
	(553, 'Society-wise', null, 1, 15, false, false, false, 1, null, null, 0, null),
	(554, 'Soldier-wise', null, 1, 15, false, false, false, 1, null, null, 0, null),
	(555, 'Soot-wise', null, 1, 15, false, false, false, 1, null, null, 0, null),
	(556, 'Sorcery-wise', null, 1, 15, false, false, false, 1, null, null, 0, null),
	(557, 'Spiel-wise', null, 1, 15, false, false, false, 1, null, null, 0, null),
	(558, 'Spirit-wise', null, 1, 15, false, false, false, 1, null, null, 0, null),
	(559, 'Staff-wise', null, 1, 15, false, false, false, 1, null, null, 0, null),
	(560, 'Stone-wise', null, 1, 15, false, false, false, 1, null, null, 0, null),
	(561, 'Structural Weakness-wise', null, 1, 15, false, false, false, 1, null, null, 0, null),
	(562, 'Suicidal Bravery-wise', null, 1, 15, false, false, false, 1, null, null, 0, null),
	(563, 'Summoner-wise', null, 1, 15, false, false, false, 1, null, null, 0, null),
	(564, 'Superstition-wise', null, 1, 15, false, false, false, 1, null, null, 0, null),
	(565, 'Supplier-wise', null, 1, 15, false, false, false, 1, null, null, 0, null),
	(566, 'Supply-wise', null, 1, 15, false, false, false, 1, null, null, 0, null),
	(567, 'Sweet Tooth-wise', null, 1, 15, false, false, false, 1, null, null, 0, null),
	(568, 'Sword-wise', null, 1, 15, false, false, false, 1, null, null, 0, null),
	(569, 'Swordsman-wise', null, 1, 15, false, false, false, 1, null, null, 0, null),
	(570, 'Tail-wise', null, 1, 15, false, false, false, 1, null, null, 0, null),
	(571, 'Tall Grass-wise', null, 1, 15, false, false, false, 1, null, null, 0, null),
	(572, 'Tar-wise', null, 1, 15, false, false, false, 1, null, null, 0, null),
	(573, 'Taskmaster-wise', null, 1, 15, false, false, false, 1, null, null, 0, null),
	(574, 'Tavern Tales-wise', null, 1, 15, false, false, false, 1, null, null, 0, null),
	(575, 'Tax-wise', null, 1, 15, false, false, false, 1, null, null, 0, null),
	(576, 'Temple-wise', null, 1, 15, false, false, false, 1, null, null, 0, null),
	(577, 'Territory-wise', null, 1, 15, false, false, false, 1, null, null, 0, null),
	(578, 'Terroir-wise', null, 1, 15, false, false, false, 1, null, null, 0, null),
	(579, 'Tithe-wise', null, 1, 15, false, false, false, 1, null, null, 0, null),
	(580, 'Tomb-wise', null, 1, 15, false, false, false, 1, null, null, 0, null),
	(581, 'Tools-wise', null, 1, 15, false, false, false, 1, null, null, 0, null),
	(582, 'Torture Devices-wise', null, 1, 15, false, false, false, 1, null, null, 0, null),
	(583, 'Town-wise', null, 1, 15, false, false, false, 1, null, null, 0, null),
	(584, 'Toxin-wise', null, 1, 15, false, false, false, 1, null, null, 0, null),
	(585, 'Tragic End-wise', null, 1, 15, false, false, false, 1, null, null, 0, null),
	(586, 'Trail-wise', null, 1, 15, false, false, false, 1, null, null, 0, null),
	(587, 'Trails-wise', null, 1, 15, false, false, false, 1, null, null, 0, null),
	(588, 'Traitor-wise', null, 1, 15, false, false, false, 1, null, null, 0, null),
	(589, 'Traveler-wise', null, 1, 15, false, false, false, 1, null, null, 0, null),
	(590, 'Treasure-wise', null, 1, 15, false, false, false, 1, null, null, 0, null),
	(591, 'Tree-wise', null, 1, 15, false, false, false, 1, null, null, 0, null),
	(592, 'Trial by Combat-wise', null, 1, 15, false, false, false, 1, null, null, 0, null),
	(593, 'Troll-wise', null, 1, 15, false, false, false, 1, null, 'Troll Lords live among the clan''s Trolls. They learn their ways and habits.', 0, null),
	(594, 'Trouble-wise', null, 1, 15, false, false, false, 1, null, null, 0, null),
	(595, 'Troubled Student-wise', null, 1, 15, false, false, false, 1, null, null, 0, null),
	(596, 'Tunnel-wise', null, 1, 15, false, false, false, 1, null, null, 0, null),
	(597, 'Undermining-wise', null, 1, 15, false, false, false, 1, null, null, 0, null),
	(598, 'Vagrant-wise', null, 1, 15, false, false, false, 1, null, null, 0, null),
	(599, 'Vein-wise', null, 1, 15, false, false, false, 1, null, null, 0, null),
	(600, 'Vessel-wise', null, 1, 15, false, false, false, 1, null, null, 0, null),
	(601, 'Village Secret-wise', null, 1, 15, false, false, false, 1, null, null, 0, null),
	(602, 'Village Secrets-wise', null, 1, 15, false, false, false, 1, null, null, 0, null),
	(603, 'Village-wise', null, 1, 15, false, false, false, 1, null, null, 0, null),
	(604, 'Vine-wise', null, 1, 15, false, false, false, 1, null, null, 0, null),
	(605, 'Vintage-wise', null, 1, 15, false, false, false, 1, null, null, 0, null),
	(606, 'Visage-wise', null, 1, 15, false, false, false, 1, null, null, 0, null),
	(607, 'Wagon-wise', null, 1, 15, false, false, false, 1, null, null, 0, null),
	(608, 'Walking Corpse-wise', null, 1, 15, false, false, false, 1, null, null, 0, null),
	(609, 'War-wise', null, 1, 15, false, false, false, 1, null, null, 0, null),
	(610, 'Wasteland-wise', null, 1, 15, false, false, false, 1, null, null, 0, null),
	(611, 'Waterworks-wise', null, 1, 15, false, false, false, 1, null, null, 0, null),
	(612, 'Wealth-wise', null, 1, 15, false, false, false, 1, null, null, 0, null),
	(613, 'Wealthy-wise', null, 1, 15, false, false, false, 1, null, null, 0, null),
	(614, 'Web-wise', null, 1, 15, false, false, false, 1, null, null, 0, null),
	(615, 'Well-wise', null, 1, 15, false, false, false, 1, null, null, 0, null),
	(616, 'Whip-wise', null, 1, 15, false, false, false, 1, null, null, 0, null),
	(617, 'Whispered Secrets-wise', null, 1, 15, false, false, false, 1, null, null, 0, null),
	(618, 'Wholesale-wise', null, 1, 15, false, false, false, 1, null, null, 0, null),
	(619, 'Wife-wise', null, 1, 15, false, false, false, 1, null, null, 0, null),
	(620, 'Windage-wise', null, 1, 15, false, false, false, 1, null, null, 0, null),
	(621, 'Window-wise', null, 1, 15, false, false, false, 1, null, null, 0, null),
	(622, 'Wolf-wise', null, 1, 15, false, false, false, 1, null, null, 0, null),
	(623, 'Wood-wise', null, 1, 15, false, false, false, 1, null, null, 0, null),
	(624, 'Work-wise', null, 1, 15, false, false, false, 1, null, null, 0, null),
	(625, 'World Domination-wise', null, 1, 15, false, false, false, 1, null, null, 0, null),
	(626, 'Worshipper-wise', null, 1, 15, false, false, false, 1, null, null, 0, null),
	(627, 'Writ-wise', null, 1, 15, false, false, false, 1, null, null, 0, null),
	(628, 'Runes-wise', null, 1, 15, false, false, false, 1, null, null, 0, null),
	(629, 'Goods-wise', null, 1, 15, false, false, false, 1, null, null, 0, null),
	(630, 'Rip off-wise', null, 1, 15, false, false, false, 1, null, null, 0, null),
	(631, 'Metals-wise', null, 1, 15, false, false, false, 1, null, null, 0, null),
	(632, 'Shameful Secret-wise', null, 1, 15, false, false, false, 1, null, null, 0, null),
	(633, 'Tavern-wise', null, 1, 15, false, false, false, 1, null, null, 0, null),
	(634, 'Drunk fighting-wise', null, 1, 15, false, false, false, 1, null, null, 0, null),
	(635, 'Smuggling-wise', null, 1, 15, false, false, false, 1, null, null, 0, null),
	(636, 'Bad feeling-wise', null, 1, 15, false, false, false, 1, null, null, 0, null),
	(637, 'Cruel and Unusual Punishment-wise', null, 1, 15, false, false, false, 1, null, null, 0, null),
	(638, 'Master-wise', null, 1, 15, false, false, false, 1, null, null, 0, null),
	(639, 'Templar-wise', null, 1, 15, false, false, false, 1, null, null, 0, null),
	(640, 'Sickness-wise', null, 1, 15, false, false, false, 1, null, null, 0, null),
	(641, 'Bad Taste-wise', null, 1, 15, false, false, false, 1, null, null, 0, null),
	(642, 'Salt-wise', null, 1, 15, false, false, false, 1, null, null, 0, null),
	(643, 'Obsidian-wise', null, 1, 15, false, false, false, 1, null, null, 0, null),
	(644, 'Grandiose Scheme-wise', null, 1, 15, false, false, false, 1, null, null, 0, null),
	(645, 'Slave-wise', null, 1, 15, false, false, false, 1, null, null, 0, null),
	(646, 'Outlandish Beast-wise', null, 1, 15, false, false, false, 1, null, null, 0, null),
	(647, 'Arena-wise', null, 1, 15, false, false, false, 1, null, null, 0, null),
	(648, 'Shackles-wise', null, 1, 15, false, false, false, 1, null, null, 0, null),
	(649, 'Screaming-wise', null, 1, 15, false, false, false, 1, null, null, 0, null),
	(650, 'Chains-wise', null, 1, 15, false, false, false, 1, null, null, 0, null),
	(651, 'Domestic Animals-wise', null, 1, 15, false, false, false, 1, null, null, 0, null),
	(652, 'Dirty Secret-wise', null, 1, 15, false, false, false, 1, null, null, 0, null),
	(653, 'Migration-wise', null, 1, 15, false, false, false, 1, null, null, 0, null),
	(654, 'Predator-wise', null, 1, 15, false, false, false, 1, null, null, 0, null),
	(655, 'Hidey Hole-wise', null, 1, 15, false, false, false, 1, null, null, 0, null),
	(656, 'Oasis-wise', null, 1, 15, false, false, false, 1, null, null, 0, null),
	(657, 'Desert-wise', null, 1, 15, false, false, false, 1, null, null, 0, null),
	(658, 'Kank-wise', null, 1, 15, false, false, false, 1, null, null, 0, null),
	(659, 'Erdlu-wise', null, 1, 15, false, false, false, 1, null, null, 0, null),
	(660, 'Trade Route-wise', null, 1, 15, false, false, false, 1, null, null, 0, null),
	(661, 'City Dweller-wise', null, 1, 15, false, false, false, 1, null, null, 0, null),
	(662, 'Ancestor-wise', null, 1, 15, false, false, false, 1, null, null, 0, null),
	(663, 'Ghost-wise', null, 1, 15, false, false, false, 1, null, null, 0, null),
	(664, 'Tribe-wise', null, 1, 15, false, false, false, 1, null, null, 0, null),
	(665, 'Waste-wise', null, 1, 15, false, false, false, 1, null, null, 0, null),
	(666, 'Tradition-wise', null, 1, 15, false, false, false, 1, null, null, 0, null),
	(667, 'Ruins-wise', null, 1, 15, false, false, false, 1, null, null, 0, null),
	(668, 'Duststorm-wise', null, 1, 15, false, false, false, 1, null, null, 0, null),
	(669, 'Unspeakable Horror-wise', null, 1, 15, false, false, false, 1, null, null, 0, null),
	(670, 'Half-Giant-wise', null, 1, 15, false, false, false, 1, null, null, 0, null),
	(671, 'Fell Beast-wise', null, 1, 15, false, false, false, 1, null, null, 0, null),
	(672, 'Traps-wise', null, 1, 15, false, false, false, 1, null, null, 0, null),
	(673, 'Fertile Land-wise', null, 1, 15, false, false, false, 1, null, null, 0, null),
	(674, 'Defiler-wise', null, 1, 15, false, false, false, 1, null, null, 0, null),
	(675, 'Tribute-wise', null, 1, 15, false, false, false, 1, null, null, 0, null),
	(676, 'Templar Politics-wise', null, 1, 15, false, false, false, 1, null, null, 0, null),
	(677, 'Sorcerer-King-wise', null, 1, 15, false, false, false, 1, null, null, 0, null),
	(678, 'Outnumbered Fight-wise', null, 1, 15, false, false, false, 1, null, null, 0, null),
	(679, 'Heathen-wise', null, 1, 15, false, false, false, 1, null, null, 0, null),
	(680, 'Pitchfork-wise', null, 1, 15, false, false, false, 1, null, null, 0, null),
	(681, 'Bad Discrict-wise', null, 1, 15, false, false, false, 1, null, null, 0, null),
	(682, 'Bad Alley-wise', null, 1, 15, false, false, false, 1, null, null, 0, null),
	(683, 'Torture-wise', null, 1, 15, false, false, false, 1, null, null, 0, null),
	(684, 'Racist-wise', null, 1, 15, false, false, false, 1, null, null, 0, null),
	(685, 'Obscure text-wise', null, 1, 15, false, false, false, 1, null, null, 0, null),
	(686, 'Defiling-wise', null, 1, 15, false, false, false, 1, null, null, 0, null),
	(687, 'Black-Metal Artifice', 0, 5, 3, true, false, false, 0, 3, 'This is the skill with which Dwarves create all their mundane and household metals. However, the Artificers know a secret or two and may imbue even their pots and horseshoes with intense quality. Using the obstacles listed below, a Dwarf can create various tool kits. If he so desires, he may increase his obstacles by +2 Ob and grant the final product a special +1D bonus to all skill tests in which the tools are used.', 2, null),
	(688, 'Coarse Persuasion', 0, 5, 13, true, false, false, 0, 4, 'This bizarre social art is apparently a method of coercion and persuasion among Dwarvenkind and consists of a lot of backslapping, grinning, and reassurances: ''Come on! You''ll love it.'' That other folk often find it charming and endearing is one of the wonders of the world.', 0, null),
	(689, 'Drunking', 0, 5, 15, true, false, false, 0, 4, 'Dwarves can really put it away. They don''t try to hide their inebriation, either. They drink to get roaring drunk. And they let everyone know it. Use this skill when a Dwarf needs to get drunk and loud quickly. The more successes, the faster he gets drunk. This is not meant to imply that he needs less alcohol than another, less skilled drinker. On the contrary, he needs more, in bigger cups, faster!', 0, null),
	(690, 'Excavation', 0, 5, 3, true, false, false, 1, 2, 'For Dwarves, delving into the earth and quickly removing rock, dirt, and stone is a special art.', 1, null),
	(691, 'Forge Artifice', 0, 5, 1, true, false, false, 0, 1, 'This special skill teaches the secrets of building the sacred fires of Dwarven forges, which burn hotter and cleaner than the forges of Men, Elves, and Orcs. Such heat allows the Artificers to further refine their incredible metalworks. When building a forge, an Artificer may imbue it with runes of everlasting heat and unwavering temperature, which grant advantage dice to the user. To do so, the Artificer must increase his own obstacle by +2 Ob. Each +2 Ob builds +1D into the forge, so long as the final obstacle is met, of course.', 2, null),
	(692, 'Gem Artifice', 0, 5, 1, true, false, false, 0, 3, 'Gem Artifice teaches the secrets of cutting precious stones so they shine like stars in candlelight and shimmer like eldritch fire in the sun. Any gem cut using this skill may be used as a matrix by an enchanter to create an item of power. Secondly, the Resources obstacle of any gem or stone manufactured using Gem Artifice is increased by one automatically. The value may be further increased by one by adding +2 Ob to the test before the dice are rolled.', 2, null),
	(693, 'Hallmaster', 0, 5, 1, true, false, false, 0, 1, 'This is the skill that built the sweeping halls of the great delvings. Using this skill, a Dwarven Artificer may reinforce his hall''s structure. By adding +2 Ob to his test when building a structure, he may add +1 Ob to any test to alter or destroy the structure.', 2, null),
	(694, 'Lithography', 0, 5, 1, true, false, false, 1, 3, 'Dwarven Artificers learn a special art of inscribing runes into stone. These runes can be carved into walls for decorative or instructional purposes or placed onto blocks, dipped in ink, and pressed on paper.', 2, null),
	(695, 'Nogger', 0, 5, 3, true, false, false, 0, 1, 'Dwarven brew is renowned throughout the known lands. Some say a single mouthful of the finest Dwarven nog is worth the price of the greatest kingdom of Men. For Dwarves, nog has a restorative effect. Downing a full cool draught of the stout brew grants +1D to the next Health test. It also adds +1 Ob to all social skill tests for the scene. No matter how much he drinks, only one bonus/penalty is bestowed. However, if a Dwarf downs a number of steins equal to or greater than his Forte exponent, he becomes drunk—+1 Ob to all tests for hours equal to 10 minus Health. If any other creature so much as sips a mouthful of the powerful beverage, it becomes drunk (+1 Ob to all tests) and receives no benefit.', 2, null),
	(696, 'Reason of Old Stone', 0, 5, 14, true, false, false, 0, null, 'This curious skill allows the Master Engraver to extract knowledge from a stone. Merely by seeing, touching, tasting, and smelling the stone—and considering it for a long while—the Dwarf can discern a number of facts: How old it is, how long it has been in this place, and what events have transpired around it.', 0, null),
	(697, 'Rune Casting', 0, 5, 14, true, false, false, 0, 1, 'Learned Elves, Orcs, and Men would consider Rune Casting an innocent use of the arcane forces at play in the world, but most Dwarves consider its use a mad and profane act. You see, the Rune Caster uses a set of specially designed runes to discern the future. When cast to the ground, their pattern and order reveal to him another''s fate.<br>A successful test of this natural magic skill allows the Rune Caster player to pronounce the target character''s fate. The Rune Caster player may look at the target''s Beliefs. The fate that he pronounces must tie in to one of the Beliefs—and it must be suitably dire: a rise to power, a tragic death, or a pyrrhic victory, for example.<br>In order for the pronouncement to even have a chance of coming true, the Rune Caster player must change one of his character''s Beliefs to match the fate. (Playing on or against that Belief earns artha as per the standard rules.) If he does not or if the Belief changes, then the fate is rendered invalid.<br>It is ultimately up to the target whether or not he will embrace his fate or veer from it. If a scene is played out in which the fate is fulfilled, that player earns a deeds point. If the fated character is killed in fulfillment of his pronounced fate, the player''s next character in this campaign starts with a deeds point.', 1, 'Rune stones'),
	(698, 'Shrewd Appraisal', 0, 5, 13, true, false, false, 1, null, 'The Dwarven eye for detail, especially in regard to craftsmanship, jewel work, or Gemcraft, is legendary. Shrewd Appraisal is the art of noting every single flaw in an item—thereby reducing its price.', 0, null),
	(699, 'Stentorious Debate', 0, 5, 13, true, false, false, 0, null, 'This skill is a combination of Haggling, Oratory, and Persuasion. It is loud, boisterous, and heated.', 0, 'a big Dwarvy mouth'),
	(700, 'Stentorious Singing', 0, 5, 8, true, false, false, 0, null, 'This skill is simply loud, boisterous, and loud. Dwarves love to sing, much to the chagrin of their guests and neighbors.', 0, null),
	(701, 'Stone Artifice', 0, 5, 1, true, false, false, 0, 2, 'Stone Artifice teaches the proud craft of shaping stone into sturdy material suitable for building. Dwarves are so skilled at cutting and dressing stone that the material becomes more durable and harder to destroy. The artificer may add +2 Ob to any test to build a structure. This adds a +1 Ob penalty to any test to alter or destroy this structure.', 2, null),
	(702, 'War Art', 0, 5, 3, true, false, false, 0, 3, 'Mask Bearers spend much time in the terrible heat of the forges beating out wicked blades and unyielding armor. Using this skill, the Artificer may create weapons or armor.', 2, null),
	(703, 'War Engineer', 0, 5, 1, true, false, false, 0, 1, 'This master art contains many secrets of the Dwarven Hosts: how to construct and field terrible war engines, and how to destroy fortifications from below.', 2, null),
	(704, 'White-Metal Artifice', 0, 5, 3, true, false, false, 0, 3, 'Dwarves truly love working with gold, silver, platinum, and true silver, all of which they refer to as ''white metal.'' This adoration, augmented by their superior skills, allows them to create works of intricate detail and wondrous beauty. Any item made using this skill may be used as a vessel by an enchanter. Second, the Resources obstacle of any item manufactured using White Metal Artifice is increased by one. You may further increase the value: +2 Ob increases the Resources obstacle by one.', 2, null),
	(705, 'Artillery Hand', 0, 3, 15, false, false, false, 1, 3, 'Dwarven artillerist and engineers are always in short supply. Therefore, when the Host is on the march, Arbalesters are assigned to crew the army''s war engines. This skill allows the characters to assemble and dismantle artillery pieces, as well as fire direct-fire type mechanisms like siege crossbows or ballistae. Effectively operating indirect-fire artillery requires the Artillerist skill.', 1, null),
	(706, 'Beer Appraisal', 0, 3, 3, false, false, false, 0, 1, 'Years of training are required to fine-tune the sensitive taste of a discerning Dwarf. But once honed, said taste can determine the type of grain used, the type and length of the brewing, how long it has been in the cask, and even the wood of the barrel.', 0, null),
	(707, 'Clan History', 0, 3, 0, false, false, false, 1, null, 'This Dwarf knows the long and sordid past of the various clans—their oaths, grudges, great works of art, and the probable size of their hoards and halls.', 0, null),
	(708, 'Dwarven Rune Script', 0, 3, 0, false, false, false, 1, null, 'Dwarven Society is a literate one. Dwarven children are taught to decipher and inscribe runes from a very young age. This skill counts as both Read and Write for Dwarves.', 1, 'Writing only, Expendable'),
	(709, 'Fence Building', 0, 3, 15, false, false, false, 1, null, 'Dwarves are very particular about their boundaries. This skill teaches the art of constructing sturdy fences and walls and the etiquette of deciding where they should lie.', 1, 'Expendable'),
	(710, 'Games of Chance', 0, 3, 15, false, false, false, 1, null, 'There is a certain cult among the Dwarves fascinated by, and very knowledgeable about, games of chance. The games include dice, cards, and keg and mug spinning. To use this skill, first set a Resources obstacle for the prize. Then make a versus test against the other gambler. The winner of the test walks away with the prize. The loser must make a Resources test equal to the prize obstacle. If the loser passes his Resources test, the winner noes the same obstacle test toward advancing his own Resources. If the loser is taxed, those dice are granted to the winner as cash.', 4, null),
	(711, 'Grain Appraisal', 0, 3, 3, false, false, false, 1, null, 'Dwarves are very proud of their ability to discern the fine grain from the chaff; only the finest grains are selected for famous Dwarven nogs.', 0, null),
	(712, 'Khirurgy', 0, 3, 6, false, false, false, 1, 3, 'Dwarves are a clean and thorough people in all their crafts, including their medicinal traditions.', 1, 'Expendable'),
	(713, 'Links', 0, 3, 0, false, false, false, 0, 4, 'When on the march, Dwarven armies use a complex system of horn signals to transmit information between camps. The system is called ''links'' because it connects the Dwarven regiments like links of sausage. The Links skill gives the character the ability to perform and decode the signals.', 3, 'A big brass horn'),
	(714, 'Stuff-wise', 0, 3, 15, false, false, false, 1, null, 'This Dwarf knows his stuff! He knows all about it. Where it''s from, who made it, what it''s made out of. Everything except what it actually does.', 0, null),
	(715, 'Elven Script', 1, 3, 0, false, false, false, 1, null, 'Elven Script combines disciplines of reading and writing into one literacy skill. Elven culture is more disciplined in educating its youth than nearly any other.', 1, 'Writing only, Expendable'),
	(716, 'Silver Trumpet', 1, 3, 8, false, false, false, 0, null, 'Elven silver trumpets are renowned and fabled throughout the known world. Heralds are taught how to produce wondrous and clear strains from the instrument so that the arrival of the Loremasters, Althings, and Etharchs may be properly heralded.', 1, 'An Elven silver trumpet'),
	(717, 'Ages of the Etharch', 1, 6, 0, true, false, false, 0, 1, 'This is a specialized History skill relating to the ages of the Etharchs.', 0, null),
	(718, 'Antiphon Union Training', 1, 6, 1, true, true, false, 0, null, 'This specialized training allows the Elven artisan to blend his crafts or arts with spell songs. Any of the items or materials he creates via a skill song can be imbued with the power of a spell song. An artisan who wishes to enchant an item, must first create it with a skill song like Jewelcraft, Riddle of Steel, or Weaving Way. Once the item is created, the spell song must be sung. The singer has one chance to transfer his power. The song is sung according to its rules, but the effect generated is imbued into the item, and active whenever the item is used. No enchantment will hold unless the structure is of highest quality. Any item created by any skill song can be used. However, whether it''s a shoe or a crown, the base obstacle to create the item is 5. If the obstacle would naturally be higher, use that instead. If the item is cheap or shoddy, it simply will not hold the spell.', 0, 'See the Spell Song'),
	(719, 'Archcraft', 1, 6, 1, true, false, false, 0, 3, 'Archcraft is a comprehensive discipline teaching the principles of both architecture and engineering. Using this broad skill, Elven artisans create halls of sweeping beauty and depth. Combined with Antiphon Union and various spell songs, this skill can be used to create enchanted dwellings for the Elves. The following are but a few examples: Using Song of Arbors, buildings can be constructed to weave in and out of ancient trees; with Alarm, certain gates will warn of intruders; with Weathersong, an atrium can be built so it predicts the coming weather.', 2, null),
	(720, 'Ballad of History', 1, 6, 0, true, false, false, 1, null, 'Elves learn their history and that of many others in mnemonic songs.', 0, null),
	(721, 'Bowcraft', 1, 6, 3, true, false, false, 0, 3, 'An Elven bowman learns more than just how to fell an opponent with a shaft. For years he trains to discover the very heart and soul of the bow. When he joins the ranks of his fellow protectors, the Bowyer comes forth with his own personally crafted weapon—a product of a decade of learning and labor. This skill counts as Bowyer and Fletcher.', 1, 'Expendable'),
	(722, 'Call of the Wild', 1, 6, 9, true, false, false, 1, 3, 'Call of the Wild obeys the same rules as the Hunting skill.', 1, null),
	(723, 'Code of Citadels', 1, 6, 13, true, false, false, 0, 1, 'This is a specialized natural magic skill that is similar to Etiquette. The Elves'' long years allow them to delve deep into the culture of a place and people. When dealing with any Citadel-born Elf, Code of the Citadels may be used in place of Etiquette.', 0, null),
	(724, 'Dignity of the Wilderlands', 1, 6, 13, true, false, false, 0, 1, 'Dignity of the Wilderlands is an exploration of the culture and ritual of the Elves of the Wilderlands. This skill song may be used in place of Etiquette when dealing with Wilder-born Elves.', 0, null),
	(725, 'Gemcraft', 1, 6, 3, true, false, false, 0, 3, 'Many Elves delight in the simple and straight-forward art of cutting and polishing gems. Their experience, dedication, and patience in the art shows in the quality of their work. Any gem stone cut by an Elf adds +1D of Resources value compared to what it would normally be. In addition, this skill shares the same flexibility with Antiphon Union as Smithcraft.', 2, null),
	(726, 'Grain Song', 1, 6, 9, true, false, false, 1, null, 'Elven Millers grind the finest grain in any land. This skill is similar to the Miller skill', 2, 'A mill'),
	(727, 'Hymn of Scales and Fins', 1, 6, 9, true, false, false, 1, 3, 'Elven fishermen sing to the waters and the fish seem to leap into their nets. Functions like the Fishing skill', 1, null),
	(728, 'Jewelcraft', 1, 6, 3, true, false, false, 0, 3, 'Jewelcrafters manufacture delicate brooches, subtle rings, fine tiaras, and magnificent crowns. Using Antiphon Union, many of these objects can be enchanted: a crown with the Paean of Deeds, a mask with the Ballad of Rage or a tiara imbued with the Strain of Far Sight.', 2, null),
	(729, 'Leathercraft', 1, 6, 3, true, false, false, 0, 3, 'This skill teaches Elven clothiers how to work leather into supple boots, soft gloves, and sturdy belts. Combining this skill with Antiphon Union and Song of Silence can produce fabled Elven boots (+1D to Stealthy), or with the Doom of Strength, can create a belt of terrible fortitude.', 2, null),
	(730, 'Lyric of Law', 1, 6, 0, true, false, false, 1, null, 'Elven law is a tradition stretching back to the dawn of time. This skill song concerns itself with the nature and application of Elven law.', 0, null),
	(731, 'Paean of Deeds', 1, 6, 13, true, false, false, 0, null, 'Striding forth, full of confidence, the Elven Lieutenant announces himself in rhythm, setting the tenor to which he shall best his foe! This skill song acts like Conspicuous.', 0, null),
	(732, 'Purple Song', 1, 6, 9, true, false, false, 1, 3, 'Elven vintners are possessed with a unique perspective—they are able to literally watch their wines age. A hundred-year vintage is a matter of course for them. This skill is similar to the Vintner skill except that wine made using the Purple Song may be treated with the Antiphon Union and imbued with either the Lyric of Healing or the Doom of Strength. It is by this method that Elven Mirrorwine is created.', 2, null),
	(733, 'Rhyme of the Gatherer', 1, 6, 9, true, false, false, 1, null, 'Elven foragers are wise and know the name and shape of many plants, flowers, herbs, and roots. This skill song acts as Foraging.', 0, null),
	(734, 'Rhyme of the Mariner', 1, 6, 12, true, false, false, 3, 5, 'When away aloft, the Seafarers sing playful songs to the wind and cloth. These chanting tunes are meant to please the wind and soothe the rope as the sailors harness their powers to drive their vessel. This skill acts like Rigging.', 0, null),
	(735, 'Rhyme of the Pathfinder', 1, 6, 4, true, false, false, 1, null, 'The Rhyme of the Pathfinder is the skill song that mimics Tracking.', 0, null),
	(736, 'Riddle of Steel', 1, 6, 3, true, false, false, 0, 3, 'The first Elven Bladesmiths learned the Riddle of Steel ages ago from their Dwarven allies. The Riddle teaches Elves how to shape metal so it will quickly and efficiently kill a foe. With this skill song, the Bladesmith may create swords and knives of all types, axes if he wishes, and arrowheads for the Bowyers. Spearheads are left to the ancient rites of the Spearbearers. Combining the Riddle of Steel with Antiphon Union and various songs can create some very interesting results.', 2, null),
	(737, 'Rope Chant', 1, 6, 12, true, false, false, 3, null, 'This curious song teaches the art of weaving ropes and tying knots. It also grants the Elf a chance at unravelling any knot or tangle, no matter how complex. The skill acts as Knots, with additional abilities as described by the obstacles below. Fabled Elven rope may be created by combining this song with Antiphon Union, Rhyme of Rules, and the Song of Merriment.', 4, 'or Elven Rope'),
	(738, 'Round of Harvest', 1, 6, 9, true, false, false, 1, null, 'Elves are attuned to the earth and the seasons in ways that Men and Dwarves are not. This song describes their methods of planting and harvesting. Round of Harvest obeys the same rules as Farming.', 1, null),
	(739, 'Silent Fury', 1, 6, 13, true, false, false, 0, null, 'With but a glare, the Captain can send shivers down the spine of those who cross him. This skill follows the same rules as Intimidation.', 0, null),
	(740, 'Slip of Currents', 1, 6, 12, true, false, false, 1, null, 'With the Slip of Currents on his tongue, it is very rare an Elf is lost at sea. This skill acts like the Navigation skill.', 0, null),
	(741, 'Smithcraft', 1, 6, 3, true, false, false, 0, 3, 'Such is the experience of a life of centuries that an Elven smith learns the techniques for working many types of metals. This skill counts as Blacksmith, Whitesmith, or Coppersmith. With Smithcraft, a forge, and the proper tools, the Elf may fabricate nearly any type of metal item—pots, pins, chains, tools, cups, and horseshoes. Combined with Antiphon Union, Smithcraft becomes immeasurably potent. Add the Gift of Speed to horseshoes, add the Lay of the Horse to a whistle, add the Air of Gates to a headband, or the Voice of Ages to a clasp. The list goes on and on.', 2, null),
	(742, 'Song of Feasting', 1, 6, 9, true, false, false, 1, 3, 'Elves are tremendous cooks and enjoy presenting bounteous feasts to their guests and relatives. This song mimics the art of Cooking. Using this skill song along with Antiphon Union and the Lyrics of Healing or the Doom of Strength allows the Elf to create Elven Bread.', 1, 'Expendable'),
	(743, 'Song of Flocks and Herds', 1, 6, 9, true, false, false, 0, null, 'This skill follows the same rules as Animal Husbandry.', 0, null),
	(744, 'Song of Form', 1, 6, 2, true, false, false, 0, null, 'Using the Song of Form, the Elf may sculpt stone into shapes and curves pleasing to the eye. Combining the Song of Form with Antiphon Union and Alarm will create a warding statue. Combining it with Antiphon Union, Discerner, and Voice of Ages creates a statue that will speak of the lies and deceit before it. Combine the Song of Form, Antiphon Union, Voice of Ages, and the Strain of Farsight and a statue is created that can see far off lands and speak of them.', 1, null),
	(745, 'Song of Lordship', 1, 6, 13, true, false, false, 0, null, 'The rights of rulership of the lord. This is a specialized Etiquette skill for use among characters with the Etharchal, Feâ, and Aman traits.', 0, null),
	(746, 'Song of Paths and Ways', 1, 6, 4, true, false, false, 1, null, 'This skill song is the Elven version of Orienteering.', 0, null),
	(747, 'Song of Soothing', 1, 6, 6, true, false, false, 0, 1, 'Using this special song, the Elf can attempt to soothe the pain of another injured character. For treating injuries, this skill acts like Herbalism. The Song of Soothing can also cure the effects of poison. See the obstacles below.', 1, null),
	(748, 'Song of the Eldar', 1, 6, 0, true, false, false, 1, null, 'The cycles of the stars are of great interest to the wise Elves. This skill acts like Astrology.', 0, null),
	(749, 'Spearcraft', 1, 6, 3, true, false, false, 0, 3, 'Spearbearers, like Bowyers, learn more than just the art of killing. They learn to cherish and understand their weapons—they know it from its birth to the first time it sheds blood. For many, their spear is the last piece of this world they hold in their hands before their own life is cut short. Use Spearcraft with Antiphon Union to create magic spears.', 1, null),
	(750, 'Starcraft', 1, 6, 1, true, false, false, 0, 3, 'Certain Elves have a particular fascination with the manufacture of crystalline orbs. About the size of a fist, these ''stars'' are typically designed to be vessels for various enchantments. One of the most famous, and perhaps the first, was a star that had Mornsong sung over it. To the amazement of its creator, the vessel then took on the light of the sun—eternally projecting those very first rays which warmed the earth. All crystals produced with Starcraft make suitable vessels for the Enchanting skill.', 2, null),
	(751, 'Stonecraft', 1, 6, 3, true, false, false, 0, 3, 'Elven Shapers learned their trade an age ago from the first Dwarves to emerge from their subterranean holds. Over the centuries, Elves have developed their own styles and methods. This skill is similar to the Mason skill—it is used to quarry, cut, move, and place stone.', 2, null),
	(752, 'Threading Chant', 1, 6, 3, true, false, false, 1, 3, 'This skill acts like the Sewing skill.', 1, 'Expendable'),
	(753, 'Voice of Thunder', 1, 6, 13, true, false, false, 0, 4, 'The Etharch''s voice booms across the battlefield as he issues commands to his Sword Singers and vassals. This skill acts like Command. Also, all soldiers who have a trait, Instinct, or Belief about the commander can hear his voice when he issues commands—no matter how far away they are on the battlefield.', 0, null),
	(754, 'Weaving Way', 1, 6, 9, true, false, false, 0, 3, 'Elves know a trick or two on the loom. Long have they been playing at Fate''s game with their threads and weaves, and their many years serve them well. Combine Weaving Way, Antiphon Union, and the Threne of the Chameleon to create Elven Cloaks.', 1, 'Expendable'),
	(755, 'Woodcraft', 1, 6, 3, true, false, false, 0, 3, 'Elven carpentry is a marvel to behold. The Shapers use no saw, nails, or glue. Simply by warping, bending, shaping, and sculpting living wood, they are able to produce stunning forms and functional designs.', 0, null),
	(756, 'Litany of Fools', 1, 6, 13, true, false, false, 0, null, 'The song Litany of Fools speaks gently of the terrible fate of those who don''t see the truth in what the Dark Elf is saying. This song counts as Ugly Truth or Intimidation -chose which before testing the skill. The Dark Elf player must incorporate a barbed rhyme of verse into his roleplay.', 0, null),
	(757, 'Air of Gates', 1, 7, 14, true, false, false, 0, null, 'This is a special song an Elf can sing to a door or gate. The singer may ask one gate in his presence, ''What lies beyond? '' and be answered.', 0, null),
	(758, 'Alarm', 1, 7, 14, true, false, false, 0, null, 'Alarm is sung when on watch deep in the night. While singing this tune quietly to himself, the character will always shout an alarm if surprised or attacked. The cry rings out. Allies are immediately awakened from sleep with the cry in their ears.', 0, null),
	(759, 'Anthem of Courage', 1, 7, 14, true, false, false, 0, null, 'The Anthem of Courage is a fierce song of hope that holds Elves steadfast against abominable foes. When properly sung, no Elf in the host will leave his station so long as the lord lives. Extra successes from the song are added as dice to Steel.', 0, null),
	(760, 'Ballad of Rage', 1, 7, 14, true, false, false, 13, null, 'The Lord Protector can summon forth his raw Grief and hone it into a fine rage. While he sings of his wrathful sorrow and coming vengeance, Grief dice are added to the Lord Protector''s weapon skills.', 0, null),
	(761, 'Canticle of Years', 1, 7, 14, true, false, false, 0, null, 'The Canticle of Years is typically sung in the baritone and bass range. It is a long and winding song that tells the story of time itself. Its primary effect is wonderment.', 0, null),
	(762, 'Chant of Offering', 1, 7, 14, true, false, false, 0, null, 'This devilish song draws the eyes of customers to the wares of the Elven merchants. lf successful, add +1D to Conspicuous to attract attention for commercial or spectacular endeavors. Extra successes add +1D each. This song can also he sung to aid Haggling when selling Elven goods.', 0, null),
	(763, 'Council-Caller', 1, 7, 14, true, false, false, 0, null, 'Using this powerful song, the Elven lord sends forth a call to his brothers and cousins—a call heard in the very dreams of those he seeks. Successes over the obstacle are added to the Elf''s base Circles exponent when seeking to contact great lords and rulers.', 0, null),
	(764, 'Discerner', 1, 7, 14, true, false, false, 0, null, 'This spell song allows the prince to see what lurks in the hearts of Men, Dwarves and Elves. It counts as a bulwark against Falsehood, Soothing Platitudes, Persuasion, Inconspicuous and Seduction. Increase the obstacle by one for these skills if they a1''e used against the Etharch while he is singing Discerner.<br>Add the margin of success from the song to the obstacle penalty. If the test to deceive the Etharch is failed, he is aware of the intentions of the manipulator or deceiver (but not the precise nature of the lie).', 0, null),
	(765, 'Doom of Strength', 1, 7, 14, true, false, false, 0, null, 'In the throes of battle every soul is needed to assure victory over the enemy. During these desperate times, the Soother will sing the Doom of Strength to revitalize the wounded and send them back into the fray. If successful, the song temporarily reduces the target victim''s wounded dice by the margin of success. The effect lasts for minutes equal to Health of the recipient, after which the penalty immediately returns.', 0, null),
	(766, 'Doom Sayer', 1, 7, 14, true, false, false, 0, null, 'Doom Sayer bestows the arrogant power to judge the fate of another. It isn''t quite a song; his a powerful pronouncement, spoken in meter and rhyme, that evokes a forceful and binding magic. If a doom is successfully uttered, the Etharch may change one of the target character''s Beliefs so that it reflects the destiny. However, the Etharch must also change one of his Beliefs to that very same doom. Playing the Belief earns artha as per normal. Dooms involve exile, punishment, a vow of vengeance, an oath of enmity, etc. Fulfilling the doom earns a deeds point for the doomed character. If the Doom involves the character''s death, the artha is transferred to the player''s next character.', 0, null),
	(767, 'Evensong', 1, 7, 14, true, false, false, 0, null, 'A festival song sung to greet the Moon on the evening of her first rising of each month. The primary effect of this song is wonderment.', 0, null),
	(768, 'The Gift of Speed', 1, 7, 14, true, false, false, 0, null, 'This powerful song lightens the tread of the rider''s horse until it seems the steed is galloping on air. Meeting the obstacle grants +1D to the horse''s speed. Extra successes increase the Speed of the horse by +1D each. The rider must be mounted on the horse. The gift lasts for the remainder of the day (or night).', 0, null),
	(769, 'Homesong', 1, 7, 14, true, false, false, 0, null, 'Homesong helps keeps the hearth safe. When sung over a hearth, the master of the house knows everyone who enters (or tries to enter) his dwelling. Homesong is typically sung to greet guests returning home after a long journey', 0, null),
	(770, 'The Hymn of Victory', 1, 7, 14, true, false, false, 0, null, 'A song sung of all the victories of the Elves--this one included. The Hymn forces the enemy to choose Stand and Drool as a hesitation option from a failed Steel test while this song is being sung. The Hymn of Victory is a fine way to round up and finish off the straggling remnants of the enemy forces.', 0, null),
	(771, 'Lament for the Fallen', 1, 7, 14, true, false, false, 0, null, 'Elves must lament their fallen, otherwise Grief will overwhelm them. This lament is sung to alleviate the pain of seeing comrades fall in battle. It obeys the standard rules for laments as described in the Grief section of this chapter.', 0, null),
	(772, 'Lament of Mourning', 1, 7, 14, true, false, false, 0, null, 'The Lament of Mourning is sung to remember both the tragedies and boons of past ages. lt obeys the standard obstacles and rules for laments as described in the Grief section of this chapter.', 0, null),
	(773, 'Lament of Stars', 1, 7, 14, true, false, false, 0, null, 'The Lament of Stars was the first lamen learned by the Elves. As they left their ancestral homeland and crossed the sea to their new home, the bards composed this song to ease the heart pain and homesickness. This lament obeys all the standard rules for laments. See the Grief section for more on that.', 0, null),
	(774, 'Lament of the Westering Sun', 1, 7, 14, true, false, false, 0, null, 'In this lament, the Elves call to the setting sun to purge them of their grief to take it into the sea where the sun sleeps, so that on the new day they might be free and clean of their sadness. This lament obeys all the standard rules for laments. See the Grief section for more.', 0, null),
	(775, 'Lay of the Horse', 1, 7, 14, true, false, false, 0, null, 'Through this lay, an Elf may communicate with his horse and may call to it over great distances. Distance for calling is 100 paces plus 100 paces per extra success.', 0, null),
	(776, 'Litany of Responsibilities', 1, 7, 14, true, false, false, 0, null, 'The Litany is the endless list of duties of the Steward of a11 Elven house. The primary effect of this song is wonderment.', 0, null),
	(777, 'Lyric of Healing', 1, 7, 14, true, false, false, 0, null, 'This beautiful and strong song seeps into the blood of the wounded and weary, strengthening body and mind. When sung over an injured character, successes over the obstacle add dice to Health tests for the purposes of recovery.', 0, null),
	(778, 'Monody of the March', 1, 7, 14, true, false, false, 0, null, 'A festival song sung to commemorate the dawn of the new year. The primary effect of this song is wonderment.', 0, null),
	(779, 'Mornsong', 1, 7, 14, true, false, false, 0, null, 'This spell song is both a history lesson and a wondrous show of lights and images. As the ages are recited, the Elf intermingles phrases of memory and power, and scenes of aeons past float before the listeners.', 0, null),
	(780, 'Recitation of Ages', 1, 7, 14, true, false, false, 0, null, 'This spell song is both a history lesson and a wondrous show of lights and images. As the ages are recited, the Elf intermingles phrases of memory and power, and scenes of aeons past float before the listeners.', 0, null),
	(781, 'Rhyme of Rules', 1, 7, 14, true, false, false, 0, null, 'The Rhyme of Rules is an ever-growing song comprised of all the adages, apothegms, dictums, dietums, maxims, morals, precepts, proverbs, rules, sayings and truisms of the Elves. When sung itself, its primary effect is wonderment. However, Rhyme of Rules is also the only spell song that ca11 be used as a FORK (not a helping die, though). The FORK die can be invoked for any skill song test (not spell song) for which the player can recite a clever bit of folklore obliquely pertinent to the situation.', 0, null),
	(782, 'Rhyme of Tongues', 1, 7, 14, true, false, false, 0, null, 'Elven Loremasters spend many years studying the languages of all things. This simple Rhyme helps them remember what they have learned and allows them to communicate with nearly any creature. Once the the rhyme is successfully sung, the spell lasts for hours equal to the Elf''s Will.', 0, null),
	(783, 'Song of Arbors', 1, 7, 14, true, false, false, 0, null, 'The Song of Arbors allows the Elves to communicate in the tongue of the leafed ones and learn what news they can from the cryptic mind of the wood. An Elf may sing to any tree in his Presence. If successful, he may communicate with the tree about its well—being and any recent notable events.', 0, null),
	(784, 'Song of Bonding', 1, 7, 14, true, false, false, 0, null, 'The Song of Bonding is usually only sung once in each Elf''s life—to bind himself into the Master—student relationship with his sword-father. Once successfully sung, the Bonded Second now gains a new trait: Bonded. This counts as a call—on for Steel when his master is in danger.<br>If a player is starting a Second in a game with his Sword Singer, sing this song before the game starts. If the song fails, or the Second''s Sword Singer is not part of the game, then the player may choose to bond himself to another master as the game progresses.', 0, null),
	(785, 'Song of Burning Bright', 1, 7, 14, true, false, false, 0, null, 'The Song of Burning Bright evokes the true fire within the Elven heart. Once summoned, it drives the Elf into a blinding fury that strikes terror in the hearts of his enemies. All who look upon him must make a Steel Test. Hesitation is increased by the Elf ''s successes over the song obstacle. The Song of Burning Bright negates all hesitation—reducing traits for purposes of the Steel test. The victims must make a Steel test—no matter what—-at 10 minus Will plus extra song successes. The effect of this song supersedes wonderment: Do not test for wonderment.', 0, null),
	(786, 'Song of Merriment', 1, 7, 14, true, false, false, 0, null, 'The Song of Merrinlent brings joy to all who hear it. Sadness is washed away and fatigue forgotten.', 0, null),
	(787, 'Song of Silence', 1, 7, 14, true, false, false, 13, null, 'To voice his displeasure, an Elven Lord will utter the brief syllables of the Song of Silence and then fall into an impenetrable aphony, thinking deeply on all matters at hand. No social skills or ''mind affecting'' spells will have any effect on the Lord while he is under the Song of Silence. If sung as an action during a Duel of Wits, the Elf can end the duel. No winner is declared, and no compromise can be made.', 0, null),
	(788, 'Song of Songs', 1, 7, 14, true, false, false, 0, null, 'This beautiful harmony can be sung in accompaniment to any other spellsong. The Song of Songs may help a Elven spell song as if it were a related skill. Song of Songs may not help skill-songs.<br>For example, the Lord Protector is in dire need; the servants of the Dark have unleashed terrible beasts of shadow, and his war-host quails before them. He calls his Song Singers to aid him as he sings the mighty Anthem of Courage. The Lord has an Anthem of B6. Each Song of Songs singer gives helpind dice according to the standard rules, The Lord Protector''s palyer would then cast his song dice plus the helping dice to pass the test', 0, null),
	(789, 'Song of the Sword', 1, 7, 14, true, false, false, 0, null, 'The Song of the Sword infuses the blade with a dread and vengeful power. The Sword Singer may only sing one blessing at a time, but he may bless any sword in his presence.', 0, null),
	(790, 'Strain of Far Sight', 1, 7, 14, true, false, false, 0, null, 'This ancient and powerful song amplifies the Lord Protector''s vision. Once sung, the effects last for the duration of the scene or conflict.', 0, null),
	(791, 'Supplication to the Wind', 1, 7, 14, true, false, false, 0, null, 'Elven Seafarers are friends to the wind, and in times of need, they may ask her to treat them kindly.', 0, null),
	(792, 'Threne of the Chameleon', 1, 7, 14, true, false, false, 0, null, 'This quiet song escapes the lips as barely a whisper. While it is sung, the Ranger is cloaked in shadow and shifting light, invisible to the eyes of his foes. Threne of the Chameleon adds advantage dice to the Stealthy skill. In addition, so long as the player gets one success, his character cannot be seen unless the opposing characters explicitly look for him—either via an applicable Instinct or a trait or by simply stating, ''I look around.'' If sung successfully, the character counts as having one additional level of cover in Range and Cover. In Fight, other characters suffer a +1Ob  disadvantage to hit him with any missile or thrown weapon.', 0, null),
	(793, 'Tract of Enmity', 1, 7, 14, true, false, false, 0, null, 'When dire deeds are performed against the houses of the Elves, terrible, undying oaths of vengeance are sung. Once marked as an enemy, the creature is given a new name and thenceforth all Elves know him thusly. Such enemies arouse the passion of Elves: They are relentlessly sought and remorselessly destroyed.', 0, null),
	(794, 'Verse of Decision', 1, 7, 14, true, false, false, 0, null, 'This potent spell is used when an Elven Elder sets his mind to a task. He can bind himself and another character into a decision that carries the same weight as a Duel of Wits result. Both parties must nominally agree to the terms. The song is sung and the result is binding as if the two had come to the decision via a Duel of Wits. No other test is necessary but the Verse of Decision.', 0, null),
	(795, 'Verse of Friendship', 1, 7, 14, true, false, false, 0, null, 'The Verse of Friendship is a formidable spell. Once it is sung over a character, henceforth he is known by all Elves as friend. The character gains a 1D reputation when dealing with Elves.', 0, null),
	(796, 'Voice of Ages', 1, 7, 14, true, false, false, 0, null, 'Announcing his age and wisdom, the Elven lord lends weight and authority to his opinion, such that none can deny him. This effect lasts through the duration of one Duel of Wits.', 0, null),
	(797, 'Weathersong', 1, 7, 14, true, false, false, 0, null, 'The Seafarers sing to the sky and listen to her reply to learn the coming weather. This spell acts as a linked test with Orienteering, Navigation or any other weather-dependent skill, but add dice equal to the obstacle of the casting. lt°s a powerful spell.', 0, null),
	(798, 'Cut of the Quickened Mind', 1, 7, 14, true, false, false, 0, null, 'It is all but impossible to argue with a Dark Elf. They turn each argument against their interlocutor, proving their point with each denial and reproach.<br>This song allows the Dark Elf to switch the function of social skills. He can switch from a skill he has to one he doesn''t: Falsehood becomes Persuasion, Ugly Truth becomes Oratory, etc.', 0, null),
	(799, 'Dirge of Night', 1, 7, 14, true, false, false, 0, null, 'Shadows lengthen and deepen to an impossible shade of darkness. This spell counteracts any sight-boosting trait or spell like Keen Sight or Eye of the Engle. In addition anyone searching the shadows or darkness suffers a + 1 Ob penalty. Dirge of Night can only be sung at night or a place or shadows -an ancient forest, indoors, etc.', 0, null),
	(800, 'Fugue of Discord', 1, 7, 14, true, false, false, 14, null, 'When sung this song interrupts spells and songs being cast. It acts as a distraction to any song or spell currently being sustained. The area of effect is the Dark Elf''s presence. If a character attempts to sing or cast while a Fugue of Discord is in effect, they must add the Dark Elf''s extra successes from the Fugue of Discord to their obstacle.', 0, null),
	(801, 'Keen of Terror', 1, 7, 14, true, false, false, 0, null, 'When this dirge is sung, any character without the Spite or Hatred attribute within the presence of the caster must test his Steel. Extra song successes increase the obstacle for the Steel test. Use the hesitation options as described under Intense Sorrow.', 0, null),
	(802, 'Paean to the Dark Fire', 1, 7, 14, true, false, false, 14, null, 'When sung properly this terrible song shows the singer''s true form -a shifting and distorted visage that none can look upon without growing dizzy or faint. At its base level, the spell gives all who look upon the Dark Elf +1 Ob to any act directed against him -attacking him, intimidating him, convincing him, etc. Extra successes over the spell obstacle add to the obstacle penalty.', 0, null),
	(803, 'Rhyme of the Unraveler', 1, 7, 14, true, false, false, 0, null, 'This devilish song causes havoc around the singer: Knots untie, wax cracks, mortar loosens, thread unwinds and seams unravel.', 0, null),
	(804, 'Sorrow of Truth', 1, 7, 14, true, false, false, 14, null, 'This mournful song speaks of leaving sorrow behind, putting it to sleep and waking a new fire within -a flame of spite.<br>Elves who are confronted with this song (if it is successfully sung), may choose to change their Grief to Spite. Their eyes are open to this new truth.', 0, null),
	(805, 'Supplication to Shadows', 1, 7, 14, true, false, false, 0, null, 'The shadows hold no secrets or sorrows from us. This supplication adds +1D to Stealthy. Successes over the obstacle count as additinonal advantage dice. It can only be sung and used in an area of shadow or darkness.', 0, null),
	(806, 'Twisted Tongue', 1, 7, 14, true, false, false, 14, null, 'When singing into the ear of an unwitting victim, the Dark Elf bends him to his will. This song is used to enhance the Dark Elf''s social prowess.', 0, null),
	(807, 'Alchemy', 2, 2, 14, true, false, false, 1, null, 'Alchemy is the distillation of minerals in order to divine their essence. Alchemists may also create mixtures of arcane substances to generate a specific effect.', 1, null),
	(808, 'Bargaining', 2, 2, 15, true, false, false, 0, 1, 'Immortal spirits know the value of ephemeral things like life and a soul. They bring this knowledge to bear against those who wish to strike bargains with them and form pacts. The Bargaining skill is a special social skill designed solely to negotiate pacts between summoner and summoned. It may be used for the bargaining steps described in the Summoning chapter or in a Duel of Wits with an otherworldly entity or another summoner concerning the price or nature of a pact.', 0, null),
	(809, 'Circination', 2, 2, 14, true, false, false, 1, 3, 'Circination is the art of drawing circles and sigils chat aid the spirit binder and summoner. There are three types of circles that may be drawn: the summoning circle or ga.te, the fortress circle and the prison circle. The summoning circle aids in conjuring and binding spirits. The fortress protects the summoner from spirits. The prison circle traps unruly spirits. Circination is tested like a regular skill: It is not open-ended and dues not get combined with anything special (except help or FoRKs) when tll-sted. Circinution is used to aid Spirit Binding and Summoning.<br>If a circle is physically damaged -erased, marred, smudged- then it loses its powers.', 0, null),
	(810, 'Death Art', 2, 2, 14, true, false, false, 0, 4, 'Death Art is a black practice that teaches the sorcerer how to animate corpses and turn them into walking abominations.', 1, null),
	(811, 'Enchanting', 2, 2, 14, true, false, false, 1, 3, 'Enchanting is a school of sorcery that focuses on imparting magic to inert, physical things. There are two sides to Enchanting: imbuing and full-blown enchanting. Imbuing allows the mage to temporarily infuse an item with a small amount of power. Enchanting allows the mage to create powerful, enduring artifacts.', 1, null),
	(812, 'Sorcery', 2, 2, 14, true, false, false, 1, null, 'Sorcery is the skill that allows the character to understand written or spoken magical formulae. Should the character have the Gifted trait, he can then translate those formulae into spells and thereby cast magic. He may also use this skill to create new spells. The mechanics of Sorcery are described in detail in the Sorcery section of the Burning Wheel.<br>The Sorcery skill can count for the standard version of the Sorcery or count for Art Magic or Practical Magic. Pick one form that the skill represents in your game. All iterations of the Sorcery skill, no matter whut lifepath they are earned from, cou', 0, null),
	(813, 'Spirit Binding', 2, 2, 14, true, false, false, 0, null, 'Spirits abound. They infuse the world around us, and those who know their secrets may call them forth and bind tbem into service. Using this skill, a summoner may call forth a spirit and set it to a task. To summon and bind, the player totals his dice from Spirit Binding, a domain binding, a spirit mark, summoning circles and any offerings. He tests those dice against an obstacle that combines the spirit''s Strength, the task, the summoner''s own Immanence, the immediate need for the spirit and the scope of the domain affected. If successful, the summoner can name his task and reduce the amount of retribution the spirit will visit upon him. If failed, the summoner has angered the spirit and will suffer the consequences in either retribution or enmity.', 0, null),
	(814, 'Summoning', 2, 2, 14, true, false, false, 1, null, 'The Summoning skill allows the character to call spirits of the dead, demons, angels and gods to discuss matters of faith. life and philosophy, aud perhaps to reach a bargain for service.', 0, null),
	(815, 'Arson', 2, 3, 15, false, false, false, 1, 3, 'This skill allows the character to use common household items to quickly set a building on fire.', 1, 'Expendable'),
	(816, 'Astrology', 2, 3, 0, false, false, false, 1, null, 'The study of the stars, the planets, and the zodiac—astrology is a deep and ancient science that describes the relations of the celestial sphere to the terrestrial.<br>Astrology may be FoRKed with any skill except those of martial or physical type. However, the Astrology FoRK die is different from other FoRKs: The die is open-ended. But unlike standard open-ended dice, it open-ends both ways. 6s are rerolled as per the normal open-end rules, but 1s are open-ended as well. If a 1 is rolled, reroll the die. If the second roll is a failure, then a success is subtracted from the result. For a less risky roll, use this skill as a linked test toward any endeavor or gambit. In this case, do not use the open-ended die.', 1, null),
	(817, 'Munitions', 2, 3, 1, false, false, false, 1, 3, 'This skill allows a character to manufacture firearms, powder, shot, and bombs. Absolute failure (no successes) while manufacturing powder or explosives indicates a cook-off or misfire. The character takes the Mark result for the device he was building.', 2, null),
	(818, 'Bastions of Hatred', 3, 3, 1, false, false, false, 17, null, 'Channeling his mind-numbing rage, the Gate Forger is able to create terrifying edifices. This skill blends Architect and Engineer for the purpose of creating the looming tower fortresses in which the Orcs dwell. Also, using this skill, Orcs may corrupt or adopt caves or pre-existing towers and turn them into something more suitable to the horde''s taste. All tests are open-ended.', 2, null),
	(819, 'Brazen Horn of Despair', 3, 3, 8, false, false, false, 17, null, 'Cavernous horns are sounded before the Orcs join battle. The horns strike one note: Despair. If the Despair Shouters exceed the mean Will of their opponents, their margin of success is added to their opponents'' hesitation for the duration of the conflict. Brazen Horn tests are open-ended.', 3, 'The Brazen Horn'),
	(820, 'Brutal Intimidation', 3, 3, 13, false, false, false, 17, null, 'The most cunning and brutal of Orcs learn how to channel their own inner fires to cow their brethren. Brutal Intimidation is a special Intimidation skill, rooted from hatred. All tests are open-ended.', 0, null),
	(821, 'Doctrine of Night''s Blood', 3, 3, 11, false, false, false, 0, 1, 'The Doctrine of Night''s Blood contains the terrible laws of the Servant''s Cult—whom they serve and why.', 0, null),
	(822, 'Name Ritual', 3, 3, 15, false, false, false, 0, 1, 'The vast majority of Orcs bear no name—they are too insignificant in their miserable lives to warrant anything more than a grunt or at most an epithet commensurate with their role in the clan. The granting of proper names is an ancient rite and ritual. Name Ritual teaches the requirements and strictures governing the bestowal of such names. A successful Name Ritual test bestows a +1D reputation and a name. Failure indicates the character cannot be named and earns an infamous reputation.', 0, null),
	(823, 'Poisonous Platitudes', 3, 3, 13, false, false, false, 17, null, 'Flattery is a rare gift among the Orcs. Whisperers use compliments and ingratiation like an assassin uses knives and poisoned barbs. This skill combines Persuasion and Soothing Platitudes into one unholy mess. Like all Hatred-based skills, Poisonous Platitude tests are open-ended.', 0, null),
	(824, 'Rituals of Blood', 3, 3, 14, true, false, false, 0, null, 'The Rituals of Blood imitate the Lord of Darkness and Blood''s abilities to gather allies, twist minds, and transform himself. Using the obstacles described in the Orc chapter, the Servant can cast a variety of spells with this skill.', 1, 'Ritual knives'),
	(825, 'Rituals of Night', 3, 3, 14, true, false, false, 1, null, 'The ancient Rituals of Night grant the Knower of Secrets power beyond the ken of his brethren. Through this skill, the Orc may cast spells listed under the Rituals of Night.', 0, null),
	(826, 'Rude Carpentry', 3, 3, 3, false, false, false, 1, 3, 'This skill is similar to carpentry, except that Orcs never bother to finish, smooth, polish, or plane their work. Their products are always rough, warped, and quickly done.', 1, null),
	(827, 'Servant-wise', 3, 3, 15, false, false, false, 1, null, 'The prime mystery of the Servants is the nature of their own cult. They are part of an internecine hierarchy governed by laws and customs apart from the clan.', 0, null),
	(828, 'Siege Engineer', 3, 3, 1, false, false, false, 1, null, 'Orcs love to construct massive and roaring engines of war that spit fire and shatter stone. Use the skill to build war machines; the war machines then count as tools for destroying structures.', 1, null),
	(829, 'Spider Husbandry', 3, 3, 9, false, false, false, 0, null, 'The Master of Eight learns how to raise and train Great Spiders. This rare skill is reserved for the most calmly insane among the Servants. It acts as Instruction and Field Dressing for Spiders.', 1, 'Expendable'),
	(830, 'Tree Pulling', 3, 3, 9, false, false, false, 17, null, 'Orcs don''t merely cut trees down, they uproot them entirely. Using labor and ropes, Orc Woodcutters clear the forests until only tortured ground remains—all the wood is taken to the furnace.', 1, 'Expendable rope and goblins'),
	(831, 'Vile Poisoner', 3, 3, 6, false, false, false, 1, 3, 'This skill teaches the Knower of Secrets how to extract and preserve poisons from venomous and stinging creatures. Using his knowledge, he can create:<br> A stinging and nettling contact poison, Ob 2. A dose on the skin causes the victim to break out in boils. +2 Ob to all physical, martial, and social tests for one scene.<br> A debilitating, ingested poison, Ob 4. Victim must test Forte vs Ob 4. Margin of failure is permanently subtracted from Health (and Health maximum).<br> A deadly poison, Ob 5. The poison must be slathered on a blade or arrowhead and injected into the victim with a Mark result hit. If so injected, the poison delivers one additional B9 wound in a number of exchanges equal to six plus the victim''s Forte.', 1, 'Expendable'),
	(832, 'Firebombs', 4, 3, 3, false, false, false, 1, 3, 'The Arsonist learns how to mix ingredients to create incendiary bombs. The Mark result damage is listed with each type. If the explosion hits a character, roll the die of fate to determine IMS (like a spell). This skill does not cover the distribution of such bombs. That would come from Agility, Throwing, Artillery or simply inconspicuous placement. When igniting such a device, roll the die of fate. On a 1, the bomb malfunctions. Roll again immediately: Odd, it detonates; even, its a dud.', 1, null),
	(833, 'Preaching', 4, 3, 13, false, false, false, 0, null, 'Preaching relies upon religious doctrine, real-life anecdotes and folk wisdom.', 0, null),
	(834, 'Bridge-wise', 5, 3, 15, false, false, false, 1, null, null, 0, null),
	(835, 'Camouflage', 5, 3, 4, false, false, false, 1, 3, 'Using this skill, a Troll may take on the appearance of his surroundings and remain hidden. The Dread Stone love to build false stone walls around themselves and they wait for an unsuspecting passerby to wander into reach.<br>Using this skill effectively requires that the Troll remain motionless while camouflaged. Test this skill as a Stealthy skill.<br>Camouflage is used in versus tests against Observation.', 0, null),
	(836, 'Extortion', 5, 3, 13, false, false, false, 0, 1, 'Bull Trolls sometimes learn that it is more fruitful to let their victims live to extort food and shiny bits from them over the years. This way they can get more than a single meal out of them!<br>Obstacles are equal to the Will of the victim.', 0, null),
	(837, 'Mine-wise', 5, 3, 15, false, false, false, 1, null, null, 0, null),
	(838, 'Ancient Ways', 6, 3, 14, true, false, false, 0, 1, 'It is said that the Great Ancient spoke the true names of the water, loam, wind and prairie fire. Closely guarded, these powerful names have been passed from generation to generation of Great Wolves descended from the last wolf of the ancestral pack -Fell Ancients who bear the mark.', 0, null),
	(839, 'Cage-wise', 6, 3, 15, false, false, false, 1, null, null, 0, null),
	(840, 'Begging', 6, 3, 13, false, false, false, 0, null, 'Begging is the Wolf''s version of the Persuasion skill. This skill may be used as Persuasion in a Del of Wits between Great Wolves or their friends. When a submissive wolf wants something, whether it be food or permission, he must beg the dominant for it. Begging is not humiliating to a wolf, it is part of their nature. Sometimes the female dominant will even need to beg when she is nursing her pups - she begs the pack to bring them food.', 0, null),
	(841, 'Combat Mount Training', 6, 3, 5, false, true, false, 0, 2, 'Carrying a rider on a journey and bearing him into combat are two very different skills. A wolf must be trained to modify his fighting style in order to coordinate with his rider and not roll him or throw him.', 0, null),
	(842, 'Dog-wise', 6, 3, 15, false, false, false, 1, null, null, 0, null),
	(843, 'Elf-wise', 6, 3, 15, false, false, false, 1, null, null, 0, null),
	(844, 'Escape Artist', 6, 3, 15, false, false, false, 1, 3, 'Wolves can learn nearly anything. When trapped or caged, they quickly learn the mechanics of their captivity and devise a method of escape.', 0, null),
	(845, 'Forest-wise', 6, 3, 15, false, false, false, 1, null, null, 0, null),
	(846, 'Hoof-wise', 6, 3, 15, false, false, false, 1, null, 'Wolves learn the habits and nature of their prey.', 0, null),
	(847, 'Howling', 6, 3, 13, false, false, false, 0, null, 'Wolves love to howl, and they do so for many reasons. It is the combination of Singing, Oratory and Conspicuous skills.', 0, null),
	(848, 'Legion-wise', 6, 3, 15, false, false, false, 1, null, null, 0, null),
	(849, 'Nature of All Things', 6, 3, 0, false, false, false, 1, 0, 'This wolf knows the history of the trees, the streams, the rocks and brush. He knows why the snow falls and why the sun rises. He understands that the sharp tooth of the wolf lengthens the stride of the hoofed ones. He comprehends, vaguely, the interconnectedness of all things. This skill can be used as a FoRK for nearly any other skill (except martial skills), in a similar fashion to the Astrology skill.', 0, null),
	(850, 'Nursing', 6, 3, 15, false, false, false, 1, 0, 'This is the delicate process of weaning pups off the teat and slowly introducing them to meat and forage. Also, this skill is used like Field Dressing.', 0, null),
	(851, 'Old World-wise', 6, 3, 15, false, false, false, 1, null, null, 0, null),
	(852, 'Orc-wise', 6, 3, 15, false, false, false, 1, null, null, 0, null),
	(853, 'Pack Hunting', 6, 3, 4, false, false, false, 1, 5, 'Wolves hunt for their prey in a different manner than those on two legs. Use the obstacles to determine how much prey a pack can bring down over the course of a week. The dominant is always the primary for this test. Last wolves, pups, elders and nursing dominants may not help in this test -only Hunters, Aunts, Uncles and Yearlings.', 0, null),
	(854, 'Pack Etiquette', 6, 3, 13, false, false, false, 1, null, 'This is crucial knowledge of the laws of the pack and what behavior is appropriate at what juncture.', 0, null),
	(855, 'Pack-wise', 6, 3, 15, false, false, false, 1, null, null, 0, null),
	(856, 'Path-wise', 6, 3, 15, false, false, false, 1, null, null, 0, null),
	(857, 'Poisons-wise', 6, 3, 15, false, false, false, 1, null, null, 0, null),
	(858, 'Pup-wise', 6, 3, 15, false, false, false, 1, null, null, 0, null),
	(859, 'Rearing', 6, 3, 13, false, false, false, 1, 0, 'This is the wolf''s instructional skill. Good unlces and Aunts pass on the knowledge of the hunt and the traditions of the pack to the young pups. Use this skill as Instruction for teaching wolves younger than you.', 0, null),
	(860, 'Rider Training', 6, 3, 10, false, true, false, 0, null, 'This training teaches a wolf how to subordinate itself and accept commands from a rider.', 0, null),
	(861, 'Rituals-wise', 6, 3, 15, false, false, false, 1, null, null, 0, null),
	(862, 'River-wise', 6, 3, 15, false, false, false, 1, null, null, 0, null),
	(863, 'Savage Attack', 6, 3, 5, false, false, false, 3, 5, 'Orcs train wolves to fight savagely and wildly. Wolves with Sacage Attack have access to all of the martial maneuvers, including Lock and Strike when using their Crushing Jaws.', 0, null),
	(864, 'Scent Tracking', 6, 3, 4, false, false, false, 1, null, 'Wolves track in a slight different manner than Humans, Elves and Orcs -they rely on scent and sound in addition to sight.', 0, null),
	(865, 'Scent-wise', 6, 3, 15, false, false, false, 1, null, null, 0, null),
	(866, 'Spirit Hunter-wise', 6, 3, 15, false, false, false, 1, null, null, 0, null),
	(867, 'Village-wise', 6, 3, 15, false, false, false, 1, null, null, 0, null),
	(868, 'Tongue of the Ancient One', 6, 3, 14, true, false, false, 1, null, 'It is said that the Great Ancient whispered his secrets to his last pup before he passed on from this world. He taught his outcast and hated child to speak the true speech, how to make his words have power beyond understanding.<br>This skill is the equivalent of Sorcery. Great Wolves with the mark of the Ancient trait may use this skill to cast spells.', 0, null),
	(869, 'Way of the First Hunter', 6, 3, 0, false, false, false, 0, 1, 'This is the Spirit Hunter''s history of the world. This skill acts as Ancient History.', 0, null),
	(870, 'Wolf-wise', 6, 3, 15, false, false, false, 1, null, null, 0, null),
	(871, 'Ancestral Jaw', 6, 8, 14, true, false, false, 0, null, 'It is a matter of debate among the Spirit Hunters and the Elven Wanderers as to who taught whom to sing. The Great Wolves attest that the Elves learned to sing from listening to Great Grandfather howl. The Wanderers say otherwise -it was their creator who taught Grandfather how to howl in chord and vary his pitch./nRegardless of who is correct, this song is very similar to the Song of the Sword. It allows the Spirit Howler to summon ancient power into his jaws, transforming them into a spirit weapon, or worse.<br>Obstacles: Ob 1: Spirit Jaws, jaws become a spirit weapon (This is the most basit form of this howl. All subsequent forms count as Spirit Jaws in addition to the howled for power). Ob 2: Prenatural Jaws, extra successes add dice to the wolf''s Brawling or Savage Attack skills. Ob 3: Fox-Luck: all Brawling, Savage Attack and Speed dice become open-ended. Ob 4: Jaws of Lightning, +1 to Reflexes for the duration of the combat. Ob 5: Avalanche, the wolf may double his dice on the Charge.<br>Duration: Exchanges equal to Will exponent.<br>Actions: 1x Obstacle', 0, null),
	(872, 'Grandfather''s Song', 6, 8, 14, true, false, false, 19, null, 'This powerful and dangerous song allows the wolf to take on the traits of the very spirits he hunts. The danger in this howl is that it brings the wolf closer to joining Great Grandfather in the spirit realms. Grandfather''s Song causes the Ancestral Tain to spread more quickly.<br>This is the most difficult song, and within it there are four separate tones: Silent Voice, Spirit Unseen, Celestial Sight and Spirit Nature.<br><br>Howl for Silent Voice<br>Obstacle: 2, Actions: 1, Duration: Hours equal to Will<br>While under the spell''s power, the wolf may speak directly to the minds of those within his presence.<br><br>Howl for the Spirit Unseen<br>Obstacle: 3 or 5, Actions: 3, Duration: Hours equal to Speed<br>The Spirit Hunter disappears from mortal sight. This Ob 3 ability grants +1D to Stealthy plus additional advantage dice for each success over obstacle. The Ob 5 version of Spirit Unseen allows Stealthy to work on normal and magical sight and negates all forms of observation, imposing unskilled penalties on observers.<br><br>Howl for Celestial Sight<br>Obstacle: 4, Actions 4, Duration: Hours equal to Perception<br>The spirit Hunter sees as the spirit do. Combined with his Spirit Easrs and Spirit Nose traits, this puts the Spirit Hunter''s senses entirely within the realm of the spirits. See the Celestial Sight trait in the Monstrous Trait list.<br><br>Howl for Spirit Nature<br>Obstacle: 7, Actions: 5, Duration: Hours equal to Forte<br>The wolf may walk as the spirits do. Time does not affect him so greatly, nor does gravity or other earthly bonds. Shadeshift the wolf''s Speed one step to the right. Also the wolf cannot be burned by mortal fire or cold, and mortal weapons do not harm him.', 0, null),
	(873, 'Primal Bark', 6, 8, 14, true, false, false, 0, null, 'This ferocious and formidable bark comes from deep within the wolf. Channeling the essence of his snarls and barks, the wolf speaks as Great Grandfather once did. Roll the wolf''s skill versus the Spirit''s Strength. If the wolf wins the test, the spirit abjured and driven off. It will not return while the wolf remains in its domain. If used against a named spirit, the obstacle is equal to the victim''s Will. Success means the creature must pass a Steel test.<br>If used against a creature of non-Spirit Nature, Primal Bark causes a Steel test. Test the skill against the obstacle equal to the victim''s Will. Successes over the obstacle increase hesitation by one each. Any animal forced to hesitate from this bark will break and Run Screaming. Characters may choose their own fate as per standard Steel test results<br>The Primal Bark is impossibly loud and penetrating. It can be heard over a great distance -for dozens of miles on quiet night. The sound of it will summon forth any Spirit Hunters in the vicinity who will come to the aid of their brethren.<br>Duration: Instantaneous<br>Actions: 2', 0, null);

INSERT INTO dat."RulesetSkills"
	("SkillId", "RulesetId")
VALUES
	(0, 'bwgr'),
	(0, 'bs'),
	(1, 'bwgr'),
	(1, 'bs'),
	(2, 'bwgr'),
	(2, 'bs'),
	(3, 'bwgr'),
	(3, 'bs'),
	(4, 'bwgr'),
	(4, 'bs'),
	(5, 'bwgr'),
	(5, 'bs'),
	(6, 'bwgr'),
	(6, 'bs'),
	(7, 'bwgr'),
	(7, 'bs'),
	(8, 'bwgr'),
	(8, 'bs'),
	(9, 'bwgr'),
	(9, 'bs'),
	(10, 'bwgr'),
	(10, 'bs'),
	(11, 'bwgr'),
	(11, 'bs'),
	(12, 'bwgr'),
	(12, 'bs'),
	(13, 'bwgr'),
	(13, 'bs'),
	(14, 'bwgr'),
	(14, 'bs'),
	(15, 'bwgr'),
	(15, 'bs'),
	(16, 'bwgr'),
	(16, 'bs'),
	(17, 'bwgr'),
	(17, 'bs'),
	(18, 'bwgr'),
	(18, 'bs'),
	(19, 'bwgr'),
	(19, 'bs'),
	(20, 'bwgr'),
	(20, 'bs'),
	(21, 'bwgr'),
	(21, 'bs'),
	(22, 'bwgr'),
	(22, 'bs'),
	(23, 'bwgr'),
	(23, 'bs'),
	(24, 'bwgr'),
	(24, 'bs'),
	(25, 'bwgr'),
	(25, 'bs'),
	(26, 'bwgr'),
	(26, 'bs'),
	(27, 'bwgr'),
	(27, 'bs'),
	(28, 'bwgr'),
	(28, 'bs'),
	(29, 'bwgr'),
	(29, 'bs'),
	(30, 'bwgr'),
	(30, 'bs'),
	(31, 'bwgr'),
	(31, 'bs'),
	(32, 'bwgr'),
	(32, 'bs'),
	(33, 'bwgr'),
	(33, 'bs'),
	(34, 'bwgr'),
	(34, 'bs'),
	(35, 'bwgr'),
	(35, 'bs'),
	(36, 'bwgr'),
	(36, 'bs'),
	(37, 'bwgr'),
	(37, 'bs'),
	(38, 'bwgr'),
	(38, 'bs'),
	(39, 'bwgr'),
	(39, 'bs'),
	(40, 'bwgr'),
	(40, 'bs'),
	(41, 'bwgr'),
	(41, 'bs'),
	(42, 'bwgr'),
	(42, 'bs'),
	(43, 'bwgr'),
	(43, 'bs'),
	(44, 'bwgr'),
	(44, 'bs'),
	(45, 'bwgr'),
	(45, 'bs'),
	(46, 'bwgr'),
	(46, 'bs'),
	(47, 'bwgr'),
	(47, 'bs'),
	(48, 'bwgr'),
	(48, 'bs'),
	(49, 'bwgr'),
	(49, 'bs'),
	(50, 'bwgr'),
	(50, 'bs'),
	(51, 'bwgr'),
	(51, 'bs'),
	(52, 'bwgr'),
	(52, 'bs'),
	(53, 'bwgr'),
	(53, 'bs'),
	(54, 'bwgr'),
	(54, 'bs'),
	(55, 'bwgr'),
	(55, 'bs'),
	(56, 'bwgr'),
	(56, 'bs'),
	(57, 'bwgr'),
	(57, 'bs'),
	(58, 'bwgr'),
	(58, 'bs'),
	(59, 'bwgr'),
	(59, 'bs'),
	(60, 'bwgr'),
	(60, 'bs'),
	(61, 'bwgr'),
	(61, 'bs'),
	(62, 'bwgr'),
	(62, 'bs'),
	(63, 'bwgr'),
	(63, 'bs'),
	(64, 'bwgr'),
	(64, 'bs'),
	(65, 'bwgr'),
	(65, 'bs'),
	(66, 'bwgr'),
	(66, 'bs'),
	(67, 'bwgr'),
	(67, 'bs'),
	(68, 'bwgr'),
	(68, 'bs'),
	(69, 'bwgr'),
	(69, 'bs'),
	(70, 'bwgr'),
	(70, 'bs'),
	(71, 'bwgr'),
	(71, 'bs'),
	(72, 'bwgr'),
	(72, 'bs'),
	(73, 'bwgr'),
	(73, 'bs'),
	(74, 'bwgr'),
	(74, 'bs'),
	(75, 'bwgr'),
	(75, 'bs'),
	(76, 'bwgr'),
	(76, 'bs'),
	(77, 'bwgr'),
	(77, 'bs'),
	(78, 'bwgr'),
	(78, 'bs'),
	(79, 'bwgr'),
	(79, 'bs'),
	(80, 'bwgr'),
	(80, 'bs'),
	(81, 'bwgr'),
	(81, 'bs'),
	(82, 'bwgr'),
	(82, 'bs'),
	(83, 'bwgr'),
	(83, 'bs'),
	(84, 'bwgr'),
	(84, 'bs'),
	(85, 'bwgr'),
	(85, 'bs'),
	(86, 'bwgr'),
	(86, 'bs'),
	(87, 'bwgr'),
	(87, 'bs'),
	(88, 'bwgr'),
	(88, 'bs'),
	(89, 'bwgr'),
	(89, 'bs'),
	(90, 'bwgr'),
	(90, 'bs'),
	(91, 'bwgr'),
	(91, 'bs'),
	(92, 'bwgr'),
	(92, 'bs'),
	(93, 'bwgr'),
	(93, 'bs'),
	(94, 'bwgr'),
	(94, 'bs'),
	(95, 'bwgr'),
	(95, 'bs'),
	(96, 'bwgr'),
	(96, 'bs'),
	(97, 'bwgr'),
	(97, 'bs'),
	(98, 'bwgr'),
	(98, 'bs'),
	(99, 'bwgr'),
	(99, 'bs'),
	(100, 'bwgr'),
	(100, 'bs'),
	(101, 'bwgr'),
	(101, 'bs'),
	(102, 'bwgr'),
	(102, 'bs'),
	(103, 'bwgr'),
	(103, 'bs'),
	(104, 'bwgr'),
	(104, 'bs'),
	(105, 'bwgr'),
	(105, 'bs'),
	(106, 'bwgr'),
	(106, 'bs'),
	(107, 'bwgr'),
	(107, 'bs'),
	(108, 'bwgr'),
	(108, 'bs'),
	(109, 'bwgr'),
	(109, 'bs'),
	(110, 'bwgr'),
	(110, 'bs'),
	(111, 'bwgr'),
	(111, 'bs'),
	(112, 'bwgr'),
	(112, 'bs'),
	(113, 'bwgr'),
	(113, 'bs'),
	(114, 'bwgr'),
	(114, 'bs'),
	(115, 'bwgr'),
	(115, 'bs'),
	(116, 'bwgr'),
	(117, 'bwgr'),
	(117, 'bs'),
	(118, 'bwgr'),
	(118, 'bs'),
	(119, 'bwgr'),
	(119, 'bs'),
	(120, 'bwgr'),
	(120, 'bs'),
	(121, 'bwgr'),
	(121, 'bs'),
	(122, 'bwgr'),
	(122, 'bs'),
	(123, 'bwgr'),
	(123, 'bs'),
	(124, 'bwgr'),
	(124, 'bs'),
	(125, 'bwgr'),
	(125, 'bs'),
	(126, 'bwgr'),
	(126, 'bs'),
	(127, 'bwgr'),
	(127, 'bs'),
	(128, 'bwgr'),
	(128, 'bs'),
	(129, 'bwgr'),
	(129, 'bs'),
	(130, 'bwgr'),
	(130, 'bs'),
	(131, 'bwgr'),
	(131, 'bs'),
	(132, 'bwgr'),
	(132, 'bs'),
	(133, 'bwgr'),
	(133, 'bs'),
	(134, 'bwgr'),
	(134, 'bs'),
	(135, 'bwgr'),
	(135, 'bs'),
	(136, 'bwgr'),
	(136, 'bs'),
	(137, 'bwgr'),
	(138, 'bwgr'),
	(138, 'bs'),
	(139, 'bwgr'),
	(139, 'bs'),
	(140, 'bwgr'),
	(140, 'bs'),
	(141, 'bwgr'),
	(141, 'bs'),
	(142, 'bwgr'),
	(142, 'bs'),
	(143, 'bwgr'),
	(143, 'bs'),
	(144, 'bwgr'),
	(144, 'bs'),
	(145, 'bwgr'),
	(146, 'bwgr'),
	(146, 'bs'),
	(147, 'bwgr'),
	(147, 'bs'),
	(148, 'bwgr'),
	(148, 'bs'),
	(149, 'bwgr'),
	(149, 'bs'),
	(150, 'bwgr'),
	(150, 'bs'),
	(151, 'bwgr'),
	(151, 'bs'),
	(152, 'bwgr'),
	(152, 'bs'),
	(153, 'bwgr'),
	(153, 'bs'),
	(154, 'bwgr'),
	(154, 'bs'),
	(155, 'bwgr'),
	(155, 'bs'),
	(156, 'bwgr'),
	(156, 'bs'),
	(157, 'bwgr'),
	(157, 'bs'),
	(158, 'bwgr'),
	(158, 'bs'),
	(159, 'bwgr'),
	(159, 'bs'),
	(160, 'bwgr'),
	(161, 'bwgr'),
	(161, 'bs'),
	(162, 'bwgr'),
	(162, 'bs'),
	(163, 'bwgr'),
	(163, 'bs'),
	(164, 'bwgr'),
	(164, 'bs'),
	(165, 'bwgr'),
	(165, 'bs'),
	(166, 'bwgr'),
	(167, 'bwgr'),
	(167, 'bs'),
	(168, 'bwgr'),
	(168, 'bs'),
	(169, 'bwgr'),
	(169, 'bs'),
	(170, 'bwgr'),
	(171, 'bwgr'),
	(172, 'bwgr'),
	(173, 'bwgr'),
	(173, 'bs'),
	(174, 'bwgr'),
	(174, 'bs'),
	(175, 'bwgr'),
	(175, 'bs'),
	(176, 'bwgr'),
	(176, 'bs'),
	(177, 'bwgr'),
	(177, 'bs'),
	(178, 'bwgr'),
	(178, 'bs'),
	(179, 'bwgr'),
	(179, 'bs'),
	(180, 'bwgr'),
	(180, 'bs'),
	(181, 'bwgr'),
	(181, 'bs'),
	(182, 'bwgr'),
	(182, 'bs'),
	(183, 'bwgr'),
	(183, 'bs'),
	(184, 'bwgr'),
	(184, 'bs'),
	(185, 'bwgr'),
	(185, 'bs'),
	(186, 'bwgr'),
	(186, 'bs'),
	(187, 'bwgr'),
	(187, 'bs'),
	(188, 'bwgr'),
	(188, 'bs'),
	(189, 'bwgr'),
	(189, 'bs'),
	(190, 'bwgr'),
	(190, 'bs'),
	(191, 'bwgr'),
	(191, 'bs'),
	(192, 'bwgr'),
	(192, 'bs'),
	(193, 'bwgr'),
	(193, 'bs'),
	(194, 'bwgr'),
	(194, 'bs'),
	(195, 'bwgr'),
	(195, 'bs'),
	(196, 'bwgr'),
	(196, 'bs'),
	(197, 'bwgr'),
	(197, 'bs'),
	(198, 'bwgr'),
	(198, 'bs'),
	(199, 'bwgr'),
	(199, 'bs'),
	(200, 'bwgr'),
	(200, 'bs'),
	(201, 'bwgr'),
	(201, 'bs'),
	(202, 'bwgr'),
	(202, 'bs'),
	(203, 'bwgr'),
	(203, 'bs'),
	(204, 'bwgr'),
	(204, 'bs'),
	(205, 'bwgr'),
	(205, 'bs'),
	(206, 'bwgr'),
	(206, 'bs'),
	(207, 'bwgr'),
	(207, 'bs'),
	(208, 'bwgr'),
	(208, 'bs'),
	(209, 'bwgr'),
	(209, 'bs'),
	(210, 'bwgr'),
	(210, 'bs'),
	(211, 'bs'),
	(212, 'bs'),
	(213, 'bs'),
	(214, 'bs'),
	(215, 'bs'),
	(216, 'bs'),
	(217, 'bs'),
	(218, 'bwc'),
	(219, 'bwc'),
	(220, 'bwc'),
	(221, 'bwc'),
	(222, 'bwc'),
	(223, 'bwc'),
	(224, 'bwc'),
	(225, 'bwc'),
	(226, 'bwc'),
	(227, 'bwc'),
	(228, 'bwc'),
	(229, 'bwc'),
	(230, 'bwc'),
	(231, 'bwc'),
	(232, 'bwc'),
	(233, 'bwc'),
	(234, 'bwc'),
	(235, 'bwc'),
	(236, 'bwc'),
	(237, 'bwc'),
	(238, 'bwc'),
	(239, 'bwgr'),
	(239, 'bs'),
	(240, 'bwgr'),
	(240, 'bs'),
	(241, 'bwc'),
	(242, 'bwgr'),
	(242, 'bs'),
	(243, 'bwgr'),
	(243, 'bs'),
	(244, 'bwgr'),
	(244, 'bs'),
	(245, 'bwc'),
	(246, 'bwc'),
	(247, 'bwc'),
	(248, 'bwgr'),
	(248, 'bs'),
	(249, 'bwgr'),
	(249, 'bs'),
	(250, 'bwc'),
	(251, 'bwgr'),
	(251, 'bs'),
	(252, 'bwc'),
	(253, 'bwgr'),
	(253, 'bs'),
	(254, 'bwgr'),
	(254, 'bs'),
	(255, 'bwgr'),
	(255, 'bs'),
	(256, 'bwc'),
	(257, 'bwgr'),
	(257, 'bs'),
	(258, 'bwgr'),
	(258, 'bs'),
	(259, 'bwgr'),
	(259, 'bs'),
	(260, 'bwgr'),
	(260, 'bs'),
	(261, 'bwgr'),
	(261, 'bs'),
	(262, 'bwgr'),
	(262, 'bs'),
	(263, 'bwgr'),
	(263, 'bs'),
	(264, 'bwgr'),
	(264, 'bs'),
	(265, 'bwgr'),
	(265, 'bs'),
	(266, 'bwc'),
	(267, 'bwgr'),
	(267, 'bs'),
	(268, 'bwc'),
	(269, 'bwgr'),
	(269, 'bs'),
	(270, 'bwgr'),
	(270, 'bs'),
	(271, 'bwc'),
	(272, 'bwc'),
	(273, 'bwgr'),
	(273, 'bs'),
	(274, 'bwc'),
	(275, 'bwgr'),
	(275, 'bs'),
	(276, 'bwc'),
	(277, 'bwgr'),
	(277, 'bs'),
	(278, 'bwgr'),
	(278, 'bs'),
	(279, 'bwgr'),
	(279, 'bs'),
	(280, 'bwc'),
	(281, 'bwgr'),
	(281, 'bs'),
	(282, 'bwgr'),
	(282, 'bs'),
	(283, 'bwgr'),
	(283, 'bs'),
	(284, 'bwc'),
	(285, 'bwgr'),
	(285, 'bs'),
	(286, 'bwgr'),
	(286, 'bs'),
	(287, 'bwgr'),
	(287, 'bs'),
	(288, 'bwgr'),
	(288, 'bs'),
	(289, 'bwgr'),
	(289, 'bs'),
	(290, 'bwgr'),
	(290, 'bs'),
	(291, 'bwc'),
	(292, 'bwc'),
	(293, 'bwgr'),
	(293, 'bs'),
	(294, 'bwgr'),
	(294, 'bs'),
	(295, 'bwgr'),
	(295, 'bs'),
	(296, 'bwgr'),
	(296, 'bs'),
	(297, 'bwgr'),
	(297, 'bs'),
	(298, 'bwgr'),
	(298, 'bs'),
	(299, 'bwgr'),
	(299, 'bs'),
	(300, 'bwgr'),
	(300, 'bs'),
	(301, 'bwgr'),
	(301, 'bs'),
	(302, 'bwgr'),
	(302, 'bs'),
	(303, 'bwgr'),
	(303, 'bs'),
	(304, 'bwgr'),
	(304, 'bs'),
	(305, 'bwgr'),
	(305, 'bs'),
	(306, 'bwgr'),
	(306, 'bs'),
	(307, 'bwgr'),
	(307, 'bs'),
	(308, 'bwgr'),
	(308, 'bs'),
	(309, 'bwgr'),
	(309, 'bs'),
	(310, 'bwgr'),
	(310, 'bs'),
	(311, 'bwgr'),
	(311, 'bs'),
	(312, 'bwgr'),
	(312, 'bs'),
	(313, 'bwgr'),
	(313, 'bs'),
	(314, 'bwc'),
	(315, 'bwgr'),
	(315, 'bs'),
	(316, 'bwgr'),
	(316, 'bs'),
	(317, 'bwgr'),
	(317, 'bs'),
	(318, 'bwgr'),
	(318, 'bs'),
	(319, 'bwgr'),
	(319, 'bs'),
	(320, 'bwgr'),
	(320, 'bs'),
	(321, 'bwgr'),
	(321, 'bs'),
	(322, 'bwgr'),
	(322, 'bs'),
	(323, 'bwgr'),
	(323, 'bs'),
	(324, 'bwc'),
	(325, 'bwgr'),
	(325, 'bs'),
	(326, 'bwgr'),
	(326, 'bs'),
	(327, 'bwgr'),
	(327, 'bs'),
	(328, 'bwgr'),
	(328, 'bs'),
	(329, 'bwc'),
	(330, 'bwgr'),
	(330, 'bs'),
	(331, 'bwgr'),
	(331, 'bs'),
	(332, 'bwgr'),
	(332, 'bs'),
	(333, 'bwgr'),
	(333, 'bs'),
	(334, 'bwgr'),
	(334, 'bs'),
	(335, 'bwc'),
	(336, 'bwc'),
	(337, 'bwc'),
	(338, 'bwgr'),
	(338, 'bs'),
	(339, 'bwgr'),
	(339, 'bs'),
	(340, 'bwc'),
	(341, 'bwc'),
	(342, 'bwc'),
	(343, 'bwgr'),
	(343, 'bs'),
	(344, 'bwgr'),
	(344, 'bs'),
	(345, 'bwc'),
	(346, 'bwgr'),
	(346, 'bs'),
	(347, 'bwc'),
	(348, 'bwgr'),
	(348, 'bs'),
	(349, 'bwgr'),
	(349, 'bs'),
	(350, 'bwgr'),
	(350, 'bs'),
	(351, 'bwgr'),
	(351, 'bs'),
	(352, 'bwgr'),
	(352, 'bs'),
	(353, 'bwc'),
	(354, 'bwgr'),
	(354, 'bs'),
	(355, 'bwgr'),
	(355, 'bs'),
	(356, 'bwgr'),
	(356, 'bs'),
	(357, 'bwgr'),
	(357, 'bs'),
	(358, 'bwgr'),
	(358, 'bs'),
	(359, 'bwgr'),
	(359, 'bs'),
	(360, 'bwgr'),
	(360, 'bs'),
	(361, 'bwgr'),
	(361, 'bs'),
	(362, 'bwgr'),
	(362, 'bs'),
	(363, 'bwc'),
	(364, 'bwgr'),
	(364, 'bs'),
	(365, 'bwc'),
	(366, 'bwgr'),
	(366, 'bs'),
	(367, 'bwgr'),
	(367, 'bs'),
	(368, 'bwgr'),
	(368, 'bs'),
	(369, 'bwc'),
	(370, 'bwc'),
	(371, 'bwgr'),
	(371, 'bs'),
	(372, 'bwgr'),
	(372, 'bs'),
	(373, 'bwc'),
	(374, 'bwgr'),
	(374, 'bs'),
	(375, 'bwc'),
	(376, 'bwgr'),
	(376, 'bs'),
	(377, 'bwgr'),
	(377, 'bs'),
	(378, 'bwgr'),
	(378, 'bs'),
	(379, 'bwgr'),
	(379, 'bs'),
	(380, 'bwgr'),
	(380, 'bs'),
	(381, 'bwgr'),
	(381, 'bs'),
	(382, 'bwgr'),
	(382, 'bs'),
	(383, 'bwgr'),
	(383, 'bs'),
	(384, 'bwgr'),
	(384, 'bs'),
	(385, 'bwgr'),
	(385, 'bs'),
	(386, 'bwgr'),
	(386, 'bs'),
	(387, 'bwc'),
	(388, 'bwgr'),
	(388, 'bs'),
	(389, 'bwgr'),
	(389, 'bs'),
	(390, 'bwgr'),
	(390, 'bs'),
	(391, 'bwgr'),
	(391, 'bs'),
	(392, 'bwgr'),
	(392, 'bs'),
	(393, 'bwc'),
	(394, 'bwgr'),
	(394, 'bs'),
	(395, 'bwgr'),
	(395, 'bs'),
	(396, 'bwgr'),
	(396, 'bs'),
	(397, 'bwgr'),
	(397, 'bs'),
	(398, 'bwgr'),
	(398, 'bs'),
	(399, 'bwgr'),
	(399, 'bs'),
	(400, 'bwgr'),
	(400, 'bs'),
	(401, 'bwgr'),
	(401, 'bs'),
	(402, 'bwgr'),
	(402, 'bs'),
	(403, 'bwgr'),
	(403, 'bs'),
	(404, 'bwgr'),
	(404, 'bs'),
	(405, 'bwgr'),
	(405, 'bs'),
	(406, 'bwgr'),
	(406, 'bs'),
	(407, 'bwgr'),
	(407, 'bs'),
	(408, 'bwgr'),
	(408, 'bs'),
	(409, 'bwgr'),
	(409, 'bs'),
	(410, 'bwgr'),
	(410, 'bs'),
	(411, 'bwc'),
	(412, 'bwgr'),
	(412, 'bs'),
	(413, 'bwgr'),
	(413, 'bs'),
	(414, 'bwgr'),
	(414, 'bs'),
	(415, 'bwgr'),
	(415, 'bs'),
	(416, 'bwgr'),
	(416, 'bs'),
	(417, 'bwgr'),
	(417, 'bs'),
	(418, 'bwgr'),
	(418, 'bs'),
	(419, 'bwgr'),
	(419, 'bs'),
	(420, 'bwgr'),
	(420, 'bs'),
	(421, 'bwgr'),
	(421, 'bs'),
	(422, 'bwgr'),
	(422, 'bs'),
	(423, 'bwc'),
	(424, 'bwgr'),
	(424, 'bs'),
	(425, 'bwgr'),
	(425, 'bs'),
	(426, 'bwgr'),
	(426, 'bs'),
	(427, 'bwc'),
	(428, 'bwgr'),
	(428, 'bs'),
	(429, 'bwc'),
	(430, 'bwgr'),
	(430, 'bs'),
	(431, 'bwc'),
	(432, 'bwgr'),
	(432, 'bs'),
	(433, 'bwc'),
	(434, 'bwgr'),
	(434, 'bs'),
	(435, 'bwc'),
	(436, 'bwgr'),
	(436, 'bs'),
	(437, 'bwgr'),
	(437, 'bs'),
	(438, 'bwgr'),
	(438, 'bs'),
	(439, 'bwgr'),
	(439, 'bs'),
	(440, 'bwgr'),
	(440, 'bs'),
	(441, 'bwgr'),
	(441, 'bs'),
	(442, 'bwgr'),
	(442, 'bs'),
	(443, 'bwgr'),
	(443, 'bs'),
	(444, 'bwgr'),
	(444, 'bs'),
	(445, 'bwgr'),
	(445, 'bs'),
	(446, 'bwgr'),
	(446, 'bs'),
	(447, 'bwc'),
	(448, 'bwgr'),
	(448, 'bs'),
	(449, 'bwgr'),
	(449, 'bs'),
	(450, 'bwgr'),
	(450, 'bs'),
	(451, 'bwc'),
	(452, 'bwgr'),
	(452, 'bs'),
	(453, 'bwc'),
	(454, 'bwgr'),
	(454, 'bs'),
	(455, 'bwgr'),
	(455, 'bs'),
	(456, 'bwgr'),
	(456, 'bs'),
	(457, 'bwgr'),
	(457, 'bs'),
	(458, 'bwgr'),
	(458, 'bs'),
	(459, 'bwc'),
	(460, 'bwgr'),
	(460, 'bs'),
	(461, 'bwgr'),
	(461, 'bs'),
	(462, 'bwgr'),
	(462, 'bs'),
	(463, 'bwgr'),
	(463, 'bs'),
	(464, 'bwgr'),
	(464, 'bs'),
	(465, 'bwgr'),
	(465, 'bs'),
	(466, 'bwgr'),
	(466, 'bs'),
	(467, 'bwgr'),
	(467, 'bs'),
	(468, 'bwgr'),
	(468, 'bs'),
	(469, 'bwgr'),
	(469, 'bs'),
	(470, 'bwgr'),
	(470, 'bs'),
	(471, 'bwgr'),
	(471, 'bs'),
	(472, 'bwgr'),
	(472, 'bs'),
	(473, 'bwgr'),
	(473, 'bs'),
	(474, 'bwc'),
	(475, 'bwc'),
	(476, 'bwgr'),
	(476, 'bs'),
	(477, 'bwc'),
	(478, 'bwgr'),
	(478, 'bs'),
	(479, 'bwgr'),
	(479, 'bs'),
	(480, 'bwgr'),
	(480, 'bs'),
	(481, 'bwgr'),
	(481, 'bs'),
	(482, 'bwc'),
	(483, 'bwc'),
	(484, 'bwgr'),
	(484, 'bs'),
	(485, 'bwgr'),
	(485, 'bs'),
	(486, 'bwgr'),
	(486, 'bs'),
	(487, 'bwgr'),
	(487, 'bs'),
	(488, 'bwgr'),
	(488, 'bs'),
	(489, 'bwc'),
	(490, 'bwgr'),
	(490, 'bs'),
	(491, 'bwgr'),
	(491, 'bs'),
	(492, 'bwgr'),
	(492, 'bs'),
	(493, 'bwc'),
	(494, 'bwgr'),
	(494, 'bs'),
	(495, 'bwgr'),
	(495, 'bs'),
	(496, 'bwc'),
	(497, 'bwgr'),
	(497, 'bs'),
	(498, 'bwgr'),
	(498, 'bs'),
	(499, 'bwc'),
	(500, 'bwc'),
	(501, 'bwgr'),
	(501, 'bs'),
	(502, 'bwgr'),
	(502, 'bs'),
	(503, 'bwgr'),
	(503, 'bs'),
	(504, 'bwgr'),
	(504, 'bs'),
	(505, 'bwgr'),
	(505, 'bs'),
	(506, 'bwgr'),
	(506, 'bs'),
	(507, 'bwgr'),
	(507, 'bs'),
	(508, 'bwc'),
	(509, 'bwc'),
	(510, 'bwgr'),
	(510, 'bs'),
	(511, 'bwgr'),
	(511, 'bs'),
	(512, 'bwc'),
	(513, 'bwgr'),
	(513, 'bs'),
	(514, 'bwgr'),
	(514, 'bs'),
	(515, 'bwgr'),
	(515, 'bs'),
	(516, 'bwgr'),
	(516, 'bs'),
	(517, 'bwgr'),
	(517, 'bs'),
	(518, 'bwgr'),
	(518, 'bs'),
	(519, 'bwgr'),
	(519, 'bs'),
	(520, 'bwgr'),
	(520, 'bs'),
	(521, 'bwgr'),
	(521, 'bs'),
	(522, 'bwc'),
	(523, 'bwc'),
	(524, 'bwgr'),
	(524, 'bs'),
	(525, 'bwgr'),
	(525, 'bs'),
	(526, 'bwgr'),
	(526, 'bs'),
	(527, 'bwc'),
	(528, 'bwgr'),
	(528, 'bs'),
	(529, 'bwgr'),
	(529, 'bs'),
	(530, 'bwgr'),
	(530, 'bs'),
	(531, 'bwgr'),
	(531, 'bs'),
	(532, 'bwgr'),
	(533, 'bwgr'),
	(534, 'bwgr'),
	(534, 'bs'),
	(535, 'bwgr'),
	(535, 'bs'),
	(536, 'bwc'),
	(537, 'bwc'),
	(538, 'bwgr'),
	(538, 'bs'),
	(539, 'bwgr'),
	(539, 'bs'),
	(540, 'bwgr'),
	(540, 'bs'),
	(541, 'bwgr'),
	(541, 'bs'),
	(542, 'bwc'),
	(543, 'bwc'),
	(544, 'bwc'),
	(545, 'bwgr'),
	(545, 'bs'),
	(546, 'bwgr'),
	(546, 'bs'),
	(547, 'bwgr'),
	(547, 'bs'),
	(548, 'bwgr'),
	(548, 'bs'),
	(549, 'bwc'),
	(550, 'bwgr'),
	(550, 'bs'),
	(551, 'bwgr'),
	(551, 'bs'),
	(552, 'bwgr'),
	(552, 'bs'),
	(553, 'bwc'),
	(554, 'bwgr'),
	(554, 'bs'),
	(555, 'bwgr'),
	(555, 'bs'),
	(556, 'bwgr'),
	(556, 'bs'),
	(557, 'bwgr'),
	(557, 'bs'),
	(558, 'bwc'),
	(559, 'bwgr'),
	(559, 'bs'),
	(560, 'bwgr'),
	(560, 'bs'),
	(561, 'bwgr'),
	(561, 'bs'),
	(562, 'bwgr'),
	(562, 'bs'),
	(563, 'bwgr'),
	(563, 'bs'),
	(564, 'bwgr'),
	(564, 'bs'),
	(565, 'bwgr'),
	(565, 'bs'),
	(566, 'bwgr'),
	(566, 'bs'),
	(567, 'bwgr'),
	(567, 'bs'),
	(568, 'bwc'),
	(569, 'bwgr'),
	(569, 'bs'),
	(570, 'bwc'),
	(571, 'bwgr'),
	(571, 'bs'),
	(572, 'bwgr'),
	(572, 'bs'),
	(573, 'bwgr'),
	(573, 'bs'),
	(574, 'bwgr'),
	(574, 'bs'),
	(575, 'bwgr'),
	(575, 'bs'),
	(576, 'bwgr'),
	(576, 'bs'),
	(577, 'bwgr'),
	(577, 'bs'),
	(578, 'bwgr'),
	(578, 'bs'),
	(579, 'bwgr'),
	(579, 'bs'),
	(580, 'bwc'),
	(581, 'bwgr'),
	(581, 'bs'),
	(582, 'bwgr'),
	(582, 'bs'),
	(583, 'bwgr'),
	(583, 'bs'),
	(584, 'bwc'),
	(585, 'bwgr'),
	(585, 'bs'),
	(586, 'bwgr'),
	(586, 'bs'),
	(587, 'bwgr'),
	(587, 'bs'),
	(588, 'bwc'),
	(589, 'bwgr'),
	(589, 'bs'),
	(590, 'bwgr'),
	(590, 'bs'),
	(591, 'bwgr'),
	(591, 'bs'),
	(592, 'bwgr'),
	(592, 'bs'),
	(593, 'bwgr'),
	(593, 'bs'),
	(594, 'bwgr'),
	(594, 'bs'),
	(595, 'bwc'),
	(596, 'bwgr'),
	(596, 'bs'),
	(597, 'bwc'),
	(598, 'bwgr'),
	(598, 'bs'),
	(599, 'bwgr'),
	(599, 'bs'),
	(600, 'bwc'),
	(601, 'bwgr'),
	(601, 'bs'),
	(602, 'bwgr'),
	(602, 'bs'),
	(603, 'bwgr'),
	(603, 'bs'),
	(604, 'bwgr'),
	(604, 'bs'),
	(605, 'bwgr'),
	(605, 'bs'),
	(606, 'bwgr'),
	(606, 'bs'),
	(607, 'bwgr'),
	(607, 'bs'),
	(608, 'bwc'),
	(609, 'bwgr'),
	(609, 'bs'),
	(610, 'bwc'),
	(611, 'bwgr'),
	(611, 'bs'),
	(612, 'bwgr'),
	(612, 'bs'),
	(613, 'bwgr'),
	(613, 'bs'),
	(614, 'bwgr'),
	(614, 'bs'),
	(615, 'bwgr'),
	(615, 'bs'),
	(616, 'bwgr'),
	(616, 'bs'),
	(617, 'bwgr'),
	(617, 'bs'),
	(618, 'bwgr'),
	(618, 'bs'),
	(619, 'bwgr'),
	(619, 'bs'),
	(620, 'bwgr'),
	(620, 'bs'),
	(621, 'bwc'),
	(622, 'bwgr'),
	(622, 'bs'),
	(623, 'bwgr'),
	(623, 'bs'),
	(624, 'bwgr'),
	(624, 'bs'),
	(625, 'bwc'),
	(626, 'bwgr'),
	(626, 'bs'),
	(627, 'bwgr'),
	(627, 'bs'),
	(628, 'bs'),
	(629, 'bs'),
	(630, 'bs'),
	(631, 'bs'),
	(632, 'bs'),
	(633, 'bs'),
	(634, 'bs'),
	(635, 'bs'),
	(636, 'bs'),
	(637, 'bs'),
	(638, 'bs'),
	(639, 'bs'),
	(640, 'bs'),
	(641, 'bs'),
	(642, 'bs'),
	(643, 'bs'),
	(644, 'bs'),
	(645, 'bs'),
	(646, 'bs'),
	(647, 'bs'),
	(648, 'bs'),
	(649, 'bs'),
	(650, 'bs'),
	(651, 'bs'),
	(652, 'bs'),
	(653, 'bs'),
	(654, 'bs'),
	(655, 'bs'),
	(656, 'bs'),
	(657, 'bs'),
	(658, 'bs'),
	(659, 'bs'),
	(660, 'bs'),
	(661, 'bs'),
	(662, 'bs'),
	(663, 'bs'),
	(664, 'bs'),
	(665, 'bs'),
	(666, 'bs'),
	(667, 'bs'),
	(668, 'bs'),
	(669, 'bs'),
	(670, 'bs'),
	(671, 'bs'),
	(672, 'bs'),
	(673, 'bs'),
	(674, 'bs'),
	(675, 'bs'),
	(676, 'bs'),
	(677, 'bs'),
	(678, 'bs'),
	(679, 'bs'),
	(680, 'bs'),
	(681, 'bs'),
	(682, 'bs'),
	(683, 'bs'),
	(684, 'bs'),
	(685, 'bs'),
	(686, 'bs'),
	(687, 'bwgr'),
	(687, 'bs'),
	(688, 'bwgr'),
	(688, 'bs'),
	(689, 'bwgr'),
	(689, 'bs'),
	(690, 'bwgr'),
	(690, 'bs'),
	(691, 'bwgr'),
	(691, 'bs'),
	(692, 'bwgr'),
	(692, 'bs'),
	(693, 'bwgr'),
	(693, 'bs'),
	(694, 'bwgr'),
	(694, 'bs'),
	(695, 'bwgr'),
	(695, 'bs'),
	(696, 'bwgr'),
	(696, 'bs'),
	(697, 'bwgr'),
	(697, 'bs'),
	(698, 'bwgr'),
	(698, 'bs'),
	(699, 'bwgr'),
	(699, 'bs'),
	(700, 'bwgr'),
	(700, 'bs'),
	(701, 'bwgr'),
	(701, 'bs'),
	(702, 'bwgr'),
	(702, 'bs'),
	(703, 'bwgr'),
	(703, 'bs'),
	(704, 'bwgr'),
	(704, 'bs'),
	(705, 'bwgr'),
	(705, 'bs'),
	(706, 'bwgr'),
	(706, 'bs'),
	(707, 'bwgr'),
	(707, 'bs'),
	(708, 'bwgr'),
	(708, 'bs'),
	(709, 'bwgr'),
	(709, 'bs'),
	(710, 'bwgr'),
	(710, 'bs'),
	(711, 'bwgr'),
	(711, 'bs'),
	(712, 'bwgr'),
	(712, 'bs'),
	(713, 'bwgr'),
	(713, 'bs'),
	(714, 'bwgr'),
	(714, 'bs'),
	(715, 'bwgr'),
	(716, 'bwgr'),
	(717, 'bwgr'),
	(718, 'bwgr'),
	(719, 'bwgr'),
	(720, 'bwgr'),
	(721, 'bwgr'),
	(722, 'bwgr'),
	(723, 'bwgr'),
	(724, 'bwgr'),
	(725, 'bwgr'),
	(726, 'bwgr'),
	(727, 'bwgr'),
	(728, 'bwgr'),
	(729, 'bwgr'),
	(730, 'bwgr'),
	(731, 'bwgr'),
	(732, 'bwgr'),
	(733, 'bwgr'),
	(734, 'bwgr'),
	(735, 'bwgr'),
	(736, 'bwgr'),
	(737, 'bwgr'),
	(738, 'bwgr'),
	(739, 'bwgr'),
	(740, 'bwgr'),
	(741, 'bwgr'),
	(742, 'bwgr'),
	(743, 'bwgr'),
	(744, 'bwgr'),
	(745, 'bwgr'),
	(746, 'bwgr'),
	(747, 'bwgr'),
	(748, 'bwgr'),
	(749, 'bwgr'),
	(750, 'bwgr'),
	(751, 'bwgr'),
	(752, 'bwgr'),
	(753, 'bwgr'),
	(754, 'bwgr'),
	(755, 'bwgr'),
	(756, 'bwc'),
	(757, 'bwgr'),
	(758, 'bwgr'),
	(759, 'bwgr'),
	(760, 'bwgr'),
	(761, 'bwgr'),
	(762, 'bwgr'),
	(763, 'bwgr'),
	(764, 'bwgr'),
	(765, 'bwgr'),
	(766, 'bwgr'),
	(767, 'bwgr'),
	(768, 'bwgr'),
	(769, 'bwgr'),
	(770, 'bwgr'),
	(771, 'bwgr'),
	(772, 'bwgr'),
	(773, 'bwgr'),
	(774, 'bwgr'),
	(775, 'bwgr'),
	(776, 'bwgr'),
	(777, 'bwgr'),
	(778, 'bwgr'),
	(779, 'bwgr'),
	(780, 'bwgr'),
	(781, 'bwgr'),
	(782, 'bwgr'),
	(783, 'bwgr'),
	(784, 'bwgr'),
	(785, 'bwgr'),
	(786, 'bwgr'),
	(787, 'bwgr'),
	(788, 'bwgr'),
	(789, 'bwgr'),
	(790, 'bwgr'),
	(791, 'bwgr'),
	(792, 'bwgr'),
	(793, 'bwgr'),
	(794, 'bwgr'),
	(795, 'bwgr'),
	(796, 'bwgr'),
	(797, 'bwgr'),
	(798, 'bwc'),
	(799, 'bwc'),
	(800, 'bwc'),
	(801, 'bwc'),
	(802, 'bwc'),
	(803, 'bwc'),
	(804, 'bwc'),
	(805, 'bwc'),
	(806, 'bwc'),
	(807, 'bwgr'),
	(807, 'bs'),
	(808, 'bwgr'),
	(808, 'bs'),
	(809, 'bwgr'),
	(809, 'bs'),
	(810, 'bwgr'),
	(810, 'bs'),
	(811, 'bwgr'),
	(811, 'bs'),
	(812, 'bwgr'),
	(812, 'bs'),
	(813, 'bwgr'),
	(813, 'bs'),
	(814, 'bwgr'),
	(814, 'bs'),
	(815, 'bwgr'),
	(815, 'bs'),
	(816, 'bwgr'),
	(816, 'bs'),
	(817, 'bwgr'),
	(818, 'bwgr'),
	(819, 'bwgr'),
	(820, 'bwgr'),
	(821, 'bwgr'),
	(822, 'bwgr'),
	(823, 'bwgr'),
	(824, 'bwgr'),
	(825, 'bwgr'),
	(826, 'bwgr'),
	(827, 'bwgr'),
	(828, 'bwgr'),
	(829, 'bwgr'),
	(830, 'bwgr'),
	(831, 'bwgr'),
	(832, 'bwc'),
	(833, 'bwc'),
	(834, 'bwc'),
	(835, 'bwc'),
	(836, 'bwc'),
	(837, 'bwc'),
	(838, 'bwc'),
	(839, 'bwc'),
	(840, 'bwc'),
	(841, 'bwc'),
	(842, 'bwc'),
	(843, 'bwc'),
	(844, 'bwc'),
	(845, 'bwc'),
	(846, 'bwc'),
	(847, 'bwc'),
	(848, 'bwc'),
	(849, 'bwc'),
	(850, 'bwc'),
	(851, 'bwc'),
	(852, 'bwc'),
	(853, 'bwc'),
	(854, 'bwc'),
	(855, 'bwc'),
	(856, 'bwc'),
	(857, 'bwc'),
	(858, 'bwc'),
	(859, 'bwc'),
	(860, 'bwc'),
	(861, 'bwc'),
	(862, 'bwc'),
	(863, 'bwc'),
	(864, 'bwc'),
	(865, 'bwc'),
	(866, 'bwc'),
	(867, 'bwc'),
	(868, 'bwc'),
	(869, 'bwc'),
	(870, 'bwc'),
	(871, 'bwc'),
	(872, 'bwc'),
	(873, 'bwc');

INSERT INTO dat."SkillSubskills"
	("SkillId", "SubskillId")
VALUES
	(13, 20),
	(13, 27),
	(13, 54),
	(13, 56),
	(13, 81),
	(13, 98),
	(13, 113),
	(13, 115),
	(13, 117),
	(13, 124),
	(13, 150),
	(13, 178),
	(13, 179),
	(13, 187),
	(13, 193),
	(13, 224),
	(13, 227),
	(209, 113),
	(209, 27),
	(210, 24),
	(210, 205),
	(210, 52),
	(210, 121),
	(210, 203);

INSERT INTO dat."Lifepaths"
	("Id", "Name" , "StockId", "SettingId", "Born", "Years", "EitherPool", "MentalPool", "PhysicalPool", "GeneralSkillPool", "LifepathSkillPool", "TraitPool", "ResourcePoints", "IsGSPMultiplier", "IsLSPMultiplier", "IsRPMultiplier", "HalfGSPFromPrev", "HalfLSPFromPrev", "HalfRPFromPrev", "RequirementText")
VALUES
	(0, 'Born Artificer', 0, 0, true, {20}, 0, 0, 0, 3, 2, 1, 15, false, false, false, false, false, false, null),
	(1, 'Ardent', 0, 0, false, {21}, 0, 0, 1, 0, 4, 2, 15, false, false, false, false, false, false, null),
	(2, 'Tyro Artificer', 0, 0, false, {21}, 0, 0, 1, 0, 5, 1, 20, false, false, false, false, false, false, null),
	(3, 'Artificer', 0, 0, false, {30}, 0, 0, 1, 0, 8, 1, 35, false, false, false, false, false, false, null),
	(4, 'Mask Bearer', 0, 0, false, {55}, 1, 0, 0, 0, 6, 1, 50, false, false, false, false, false, false, null),
	(5, 'Master of Arches', 0, 0, false, {75}, 0, 1, 0, 0, 8, 2, 75, false, false, false, false, false, false, null),
	(6, 'Master of Forges', 0, 0, false, {75}, 0, 1, 0, 0, 6, 1, 75, false, false, false, false, false, false, null),
	(7, 'Master Engraver', 0, 0, false, {100}, 0, 1, 0, 2, 4, 1, 60, false, false, false, false, false, false, null),
	(8, 'Earthbender', 0, 0, false, {24}, 0, 1, 0, 0, 4, 2, 20, false, false, false, false, false, false, null),
	(9, 'Born Clansman', 0, 1, true, {20}, 0, 0, 0, 3, 0, 1, 10, false, false, false, false, false, false, null),
	(10, 'Tender', 0, 1, false, {20}, 0, 0, 1, 0, 5, 2, 7, false, false, false, false, false, false, null),
	(11, 'Herder', 0, 1, false, {15}, 0, 0, 1, 0, 5, 2, 9, false, false, false, false, false, false, null),
	(12, 'Tinkerer', 0, 1, false, {35}, 0, 1, 0, 0, 4, 2, 15, false, false, false, false, false, false, null),
	(13, 'Delver', 0, 1, false, {20}, 0, 0, 1, 0, 4, 1, 10, false, false, false, false, false, false, null),
	(14, 'Miller', 0, 1, false, {30}, 0, 1, 0, 0, 6, 1, 30, false, false, false, false, false, false, null),
	(15, 'Brewer', 0, 1, false, {40}, 0, 0, 1, 0, 5, 1, 40, false, false, false, false, false, false, null),
	(16, 'Foreman', 0, 1, false, {35}, 0, 0, 1, 0, 5, 1, 25, false, false, false, false, false, false, null),
	(17, 'Husband/Wife', 0, 1, false, {70}, 0, 1, 0, 0, 5, 2, 18, false, false, false, false, false, false, null),
	(18, 'Longbeard', 0, 1, false, {77}, 0, 1, 0, 0, 6, 2, 30, false, false, false, false, false, false, null),
	(19, 'Born Guilder', 0, 2, true, {21}, 0, 0, 0, 4, 0, 1, 5, false, false, false, false, false, false, null),
	(20, 'Wordbearer', 0, 2, false, {15}, 0, 0, 1, 0, 5, 1, 10, false, false, false, false, false, false, null),
	(21, 'Hauler', 0, 2, false, {10}, 0, 0, 1, 0, 5, 2, 7, false, false, false, false, false, false, null),
	(22, 'Carter', 0, 2, false, {20}, 0, 0, 1, 0, 5, 1, 10, false, false, false, false, false, false, null),
	(23, 'Hawker', 0, 2, false, {15}, 0, 1, 0, 0, 6, 1, 15, false, false, false, false, false, false, null),
	(24, 'Apprentice', 0, 2, false, {15}, 0, 0, 1, 0, 4, 1, 20, false, false, false, false, false, false, null),
	(25, 'Journeyman', 0, 2, false, {25}, 1, 0, 0, 0, 7, 1, 25, false, false, false, false, false, false, null),
	(26, 'Craftsman', 0, 2, false, {45}, 1, 0, 0, 1, 4, 1, 45, false, false, false, false, false, false, null),
	(27, 'Trader', 0, 2, false, {45}, 0, 1, 0, 0, 7, 1, 70, false, false, false, false, false, false, null),
	(28, 'Disciple', 0, 2, false, {16}, 0, 1, 0, 1, 8, 1, 5, false, false, false, false, false, false, null),
	(29, 'Caravan Supplier', 0, 2, false, {20}, 0, 1, 0, 0, 5, 2, 16, false, false, false, false, false, false, null),
	(30, 'Wholesaler', 0, 2, false, {26}, 0, 1, 0, 0, 7, 1, 25, false, false, false, false, false, false, null),
	(31, 'Foot Soldier', 0, 3, false, {10}, 0, 0, 1, 0, 6, 1, 6, false, false, false, false, false, false, null),
	(32, 'Arbalester', 0, 3, false, {12}, 1, 0, 0, 0, 5, 1, 12, false, false, false, false, false, false, null),
	(33, 'Banner Bearer', 0, 3, false, {7}, 0, 0, 1, 0, 4, 2, 10, false, false, false, false, false, false, null),
	(34, 'Horncaller', 0, 3, false, {7}, 0, 0, 1, 0, 5, 1, 9, false, false, false, false, false, false, null),
	(35, 'Axe Bearer', 0, 3, false, {15}, 0, 0, 1, 0, 9, 1, 15, false, false, false, false, false, false, null),
	(36, 'Graybeard', 0, 3, false, {20}, 1, 0, 0, 0, 5, 2, 20, false, false, false, false, false, false, null),
	(37, 'Khirurgeon', 0, 3, false, {25}, 0, 1, 0, 0, 6, 1, 25, false, false, false, false, false, false, null),
	(38, 'Quartermaster', 0, 3, false, {50}, 0, 1, 0, 0, 7, 1, 35, false, false, false, false, false, false, null),
	(39, 'Captain', 0, 3, false, {55}, 0, 1, 0, 0, 7, 1, 40, false, false, false, false, false, false, null),
	(40, 'Artillerist', 0, 3, false, {55}, 1, 0, 0, 0, 5, 1, 45, false, false, false, false, false, false, null),
	(41, 'Engineer', 0, 3, false, {60}, 1, 0, 0, 0, 6, 2, 50, false, false, false, false, false, false, null),
	(42, 'Warden', 0, 3, false, {75}, 1, 0, 0, 0, 7, 1, 65, false, false, false, false, false, false, null),
	(43, 'Kineticist', 0, 3, false, {18}, 0, 0, 1, 0, 6, 2, 14, false, false, false, false, false, false, null),
	(44, 'Shaper', 0, 3, false, {20}, 0, 1, 0, 0, 6, 2, 8, false, false, false, false, false, false, null),
	(45, 'Born Noble', 0, 4, true, {21}, 0, 0, 0, 4, 2, 2, 10, false, false, false, false, false, false, null),
	(46, 'Abecedart', 0, 4, false, {20}, 0, 1, 0, 0, 4, 1, 10, false, false, false, false, false, false, null),
	(47, 'Ardent', 0, 4, false, {25}, 0, 0, 1, 0, 4, 2, 15, false, false, false, false, false, false, null),
	(48, 'Axe Bearer', 0, 4, false, {20}, 0, 0, 1, 0, 8, 1, 25, false, false, false, false, false, false, null),
	(49, 'Chronicler', 0, 4, false, {50}, 0, 1, 0, 0, 9, 1, 20, false, false, false, false, false, false, null),
	(50, 'Seneschal', 0, 4, false, {55}, 0, 1, 0, 0, 5, 1, 50, false, false, false, false, false, false, null),
	(51, 'Treasurer', 0, 4, false, {75}, 0, 1, 0, 0, 6, 2, 100, false, false, false, false, false, false, null),
	(52, 'High Captain', 0, 4, false, {75}, 0, 0, 1, 2, 5, 2, 75, false, false, false, false, false, false, null),
	(53, 'Prince', 0, 4, false, {100}, 0, 1, 0, 0, 8, 2, 200, false, false, false, false, false, false, null),
	(54, 'Adventurer', 0, 5, false, {5}, 1, 0, 0, 0, 12, 2, 10, false, false, false, false, false, false, null),
	(55, 'Gambler', 0, 5, false, {7}, 0, 1, 0, 0, 5, 2, 15, false, false, false, false, false, false, null),
	(56, 'Oathbreaker', 0, 5, false, {20}, 0, 1, 0, 0, 4, 2, 5, false, false, false, false, false, false, null),
	(57, 'Drunk', 0, 5, false, {10}, 0, 0, 0, 0, 5, 2, 5, false, false, false, false, false, false, null),
	(58, 'Coward', 0, 5, false, {15}, 1, 0, 0, 0, 5, 3, 5, false, false, false, false, false, false, null),
	(59, 'Rune Caster', 0, 5, false, {20}, 0, 1, 1, 0, 5, 2, 6, false, false, false, false, false, false, null),
	(60, 'Torturer', 0, 5, false, {16}, 0, 1, 0, 0, 6, 2, 16, false, false, false, false, false, false, null),
	(61, 'Drunk Psionic', 0, 5, false, {10}, 1, 0, 0, 0, 5, 1, 4, false, false, false, false, false, false, null),
	(62, 'Stonemen', 0, 5, false, {20}, 0, 1, 0, 0, 8, 1, 3, false, false, false, false, false, false, null),
	(63, 'Palisade', 0, 5, false, {18}, 0, 0, 0, 0, 8, 1, 18, false, false, false, false, false, false, null),
	(64, 'Temple Acolyte', 0, 6, false, {10}, 0, 0, 0, 0, 5, 2, 12, false, false, false, false, false, false, null),
	(65, 'Fanatic', 0, 6, false, {6}, 0, 0, 0, 0, 7, 1, 6, false, false, false, false, false, false, null),
	(66, 'Templar', 0, 6, false, {14}, 0, 1, 0, 0, 7, 2, 18, false, false, false, false, false, false, null),
	(67, 'Inquisitor', 0, 6, false, {20}, 0, 0, 1, 0, 8, 1, 24, false, false, false, false, false, false, null),
	(68, 'White Warden', 0, 6, false, {40}, 1, 0, 0, 1, 6, 1, 40, false, false, false, false, false, false, null),
	(69, 'Born Wilder Elf', 1, 7, true, {20}, 0, 0, 0, 4, 2, 1, 5, false, false, false, false, false, false, null),
	(70, 'Rider', 1, 7, false, {20}, 0, 0, 1, 0, 6, 1, 3, false, false, false, false, false, false, null),
	(71, 'Harvester', 1, 7, false, {50}, 0, 0, 1, 0, 5, 1, 5, false, false, false, false, false, false, null),
	(72, 'Gatherer', 1, 7, false, {40}, 0, 0, 0, 0, 5, 1, 3, false, false, false, false, false, false, null),
	(73, 'Fisherman', 1, 7, false, {50}, 0, 0, 0, 0, 9, 1, 8, false, false, false, false, false, false, null),
	(74, 'Shepherd', 1, 7, false, {45}, 0, 0, 0, 0, 4, 1, 6, false, false, false, false, false, false, null),
	(75, 'Wanderer', 1, 7, false, {75}, 0, 0, 1, 0, 6, 1, 5, false, false, false, false, false, false, null),
	(76, 'Huntsman', 1, 7, false, {45}, 0, 0, 1, 0, 7, 1, 9, false, false, false, false, false, false, null),
	(77, 'Chandler', 1, 7, false, {50}, 0, 1, 0, 0, 5, 1, 15, false, false, false, false, false, false, null),
	(78, 'Weaver', 1, 7, false, {50}, 0, 1, 0, 0, 5, 1, 10, false, false, false, false, false, false, null),
	(79, 'Forester', 1, 7, false, {90}, 0, 0, 1, 0, 6, 2, 5, false, false, false, false, false, false, null),
	(80, 'Vintner', 1, 7, false, {60}, 0, 1, 0, 0, 7, 1, 20, false, false, false, false, false, false, null),
	(81, 'Miller', 1, 7, false, {60}, 0, 1, 0, 0, 6, 1, 18, false, false, false, false, false, false, null),
	(82, 'Song Singer', 1, 7, false, {45}, 0, 1, 0, 0, 6, 1, 10, false, false, false, false, false, false, null),
	(83, 'Spouse', 1, 7, false, {75}, 0, 1, 0, 0, 5, 1, 10, false, false, false, false, false, false, null),
	(84, 'Patriarch/Matriarch', 1, 7, false, {100}, 0, 1, 0, 0, 6, 1, 15, false, false, false, false, false, false, null),
	(85, 'Elder', 1, 7, false, {150}, 0, 1, 0, 0, 5, 2, 30, false, false, false, false, false, false, null),
	(86, 'Citadel Born', 1, 8, true, {20}, 0, 0, 0, 5, 2, 1, 7, false, false, false, false, false, false, null),
	(87, 'Servitor', 1, 8, false, {20}, 0, 0, 0, 0, 5, 2, 5, false, false, false, false, false, false, null),
	(88, 'Wanderer', 1, 8, false, {75}, 0, 0, 1, 0, 6, 1, 5, false, false, false, false, false, false, null),
	(89, 'Song Singer', 1, 8, false, {25}, 0, 1, 0, 0, 5, 1, 10, false, false, false, false, false, false, null),
	(90, 'Student', 1, 8, false, {20}, 0, 1, 0, 0, 6, 1, 10, false, false, false, false, false, false, null),
	(91, 'Clothier', 1, 8, false, {75}, 0, 0, 0, 0, 7, 1, 20, false, false, false, false, false, false, null),
	(92, 'Soldier-Protector', 1, 8, false, {5}, 0, 0, 1, 0, 8, 1, 10, false, false, false, false, false, false, null),
	(93, 'Seafarer', 1, 8, false, {50}, 0, 0, 1, 0, 9, 1, 5, false, false, false, false, false, false, null),
	(94, 'Sea Captain', 1, 8, false, {100}, 0, 1, 0, 0, 8, 1, 15, false, false, false, false, false, false, null),
	(95, 'Novice', 1, 8, false, {10}, 0, 0, 1, 0, 4, 2, 10, false, false, false, false, false, false, null),
	(96, 'Shaper', 1, 8, false, {35}, 0, 0, 1, 0, 6, 1, 15, false, false, false, false, false, false, null),
	(97, 'Jeweler', 1, 8, false, {75}, 0, 0, 0, 0, 5, 2, 20, false, false, false, false, false, false, null),
	(98, 'Artisan', 1, 8, false, {150}, 0, 1, 0, 0, 6, 1, 40, false, false, false, false, false, false, null),
	(99, 'Keel Master', 1, 8, false, {100}, 1, 0, 0, 0, 6, 2, 25, false, false, false, false, false, false, null),
	(100, 'Artist', 1, 8, false, {60}, 0, 1, 0, 0, 5, 2, 12, false, false, false, false, false, false, null),
	(101, 'Bard', 1, 8, false, {65}, 1, 0, 0, 0, 11, 1, 20, false, false, false, false, false, false, null),
	(102, 'Adjutant', 1, 8, false, {75}, 0, 1, 0, 0, 7, 2, 20, false, false, false, false, false, false, null),
	(103, 'Loremaster', 1, 8, false, {200}, 0, 1, 0, 0, 10, 1, 25, false, false, false, false, false, false, null),
	(104, 'Althing', 1, 8, false, {250}, 0, 1, 1, 0, 10, 2, 100, false, false, false, false, false, false, null),
	(105, 'Born Etharch', 1, 9, true, {25}, 0, 0, 0, 5, 2, 2, 10, false, false, false, false, false, false, null),
	(106, 'Student', 1, 9, false, {25}, 0, 1, 0, 0, 9, 1, 10, false, false, false, false, false, false, null),
	(107, 'Attendant', 1, 9, false, {25}, 0, 0, 1, 0, 4, 2, 15, false, false, false, false, false, false, null),
	(108, 'Second', 1, 9, false, {35}, 0, 0, 1, 0, 8, 2, 15, false, false, false, false, false, false, null),
	(109, 'Sword Singer', 1, 9, false, {40}, 0, 0, 1, 0, 10, 1, 10, false, false, false, false, false, false, null),
	(110, 'Steward', 1, 9, false, {110}, 0, 1, 0, 0, 8, 1, 20, false, false, false, false, false, false, null),
	(111, 'Prince/Princess', 1, 9, false, {150}, 1, 0, 0, 4, 6, 1, 100, false, false, false, false, false, false, null),
	(112, 'Etharch', 1, 9, false, {250}, 0, 1, 1, 4, 8, 2, 200, false, false, false, false, false, false, null),
	(113, 'Rider', 1, 10, false, {15}, 0, 0, 1, 0, 6, 1, 8, false, false, false, false, false, false, null),
	(114, 'Herald', 1, 10, false, {35}, 1, 0, 0, 0, 8, 2, 10, false, false, false, false, false, false, null),
	(115, 'Soother', 1, 10, false, {30}, 0, 1, 0, 0, 6, 1, 10, false, false, false, false, false, false, null),
	(116, 'Ranger', 1, 10, false, {45}, 1, 0, 0, 0, 10, 1, 10, false, false, false, false, false, false, null),
	(117, 'Bowyer', 1, 10, false, {20}, 0, 0, 1, 0, 5, 1, 8, false, false, false, false, false, false, null),
	(118, 'Spearbearer', 1, 10, false, {20}, 0, 0, 1, 0, 8, 1, 8, false, false, false, false, false, false, null),
	(119, 'Sword Singer', 1, 10, false, {30}, 0, 0, 1, 0, 10, 1, 10, false, false, false, false, false, false, null),
	(120, 'Outrider', 1, 10, false, {20}, 0, 0, 1, 0, 9, 1, 10, false, false, false, false, false, false, null),
	(121, 'Lancer', 1, 10, false, {50}, 0, 0, 1, 0, 10, 1, 12, false, false, false, false, false, false, null),
	(122, 'Lieutenant', 1, 10, false, {65}, 0, 1, 0, 0, 7, 1, 10, false, false, false, false, false, false, null),
	(123, 'Captain', 1, 10, false, {85}, 0, 1, 1, 0, 9, 2, 15, false, false, false, false, false, false, null),
	(124, 'Armorer', 1, 10, false, {90}, 0, 0, 1, 0, 7, 1, 15, false, false, false, false, false, false, null),
	(125, 'Bladesmith', 1, 10, false, {80}, 0, 0, 1, 0, 5, 1, 15, false, false, false, false, false, false, null),
	(126, 'Lord Protector', 1, 10, false, {125}, 0, 1, 1, 0, 10, 1, 60, false, false, false, false, false, false, null),
	(127, 'Griever', 1, 11, false, {3}, 0, 0, 0, 0, 3, 1, 0, false, false, false, false, false, false, null),
	(128, 'Wastrel', 1, 11, false, {25}, 0, 0, 0, 0, 6, 2, 3, false, false, false, false, false, false, null),
	(129, 'Thief', 1, 11, false, {18}, 1, 0, 0, 0, 6, 1, 6, false, false, false, false, false, false, null),
	(130, 'Assassin', 1, 11, false, {15}, 0, 0, 1, 0, 7, 1, 6, false, false, false, false, false, false, null),
	(131, 'Stalker', 1, 11, false, {20}, 0, 0, 0, 0, 8, 1, 8, false, false, false, false, false, false, null),
	(132, 'Deciever', 1, 11, false, {35}, 0, 1, 0, 0, 7, 1, 10, false, false, false, false, false, false, null),
	(133, 'Liar', 1, 11, false, {25}, 0, 1, 0, 0, 6, 1, 8, false, false, false, false, false, false, null),
	(134, 'Siren', 1, 11, false, {55}, 1, 0, 0, 0, 9, 2, 20, false, false, false, false, false, false, null),
	(135, 'Eremite', 1, 11, false, {150}, 0, 1, 0, 0, 12, 2, 15, false, false, false, false, false, false, null),
	(136, 'Recluse', 1, 11, false, {225}, 0, 0, 1, 5, 2, 1, 25, false, false, false, false, false, false, null),
	(137, 'City Born', 2, 12, true, {12}, 0, 0, 0, 4, 0, 1, 10, false, false, false, false, false, false, null),
	(138, 'Gifted Child', 2, 12, true, {9}, 0, 0, 0, 2, 0, 1, 4, false, false, false, false, false, false, null),
	(139, 'Runner', 2, 12, false, {3}, 0, 0, 1, 0, 3, 1, 7, false, false, false, false, false, false, null),
	(140, 'Urchin', 2, 12, false, {2}, 0, 0, 0, 0, 5, 1, 4, false, false, false, false, false, false, null),
	(141, 'Beggar', 2, 12, false, {5}, 0, 0, 0, 0, 7, 1, 4, false, false, false, false, false, false, null),
	(142, 'Courier', 2, 12, false, {4}, 0, 1, 0, 0, 4, 1, 8, false, false, false, false, false, false, null),
	(143, 'Laborer', 2, 12, false, {4}, 0, 0, 1, 0, 2, 2, 4, false, false, false, false, false, false, null),
	(144, 'Pilgrim', 2, 12, false, {2}, 0, 1, 0, 0, 4, 2, 3, false, false, false, false, false, false, null),
	(145, 'Groom', 2, 12, false, {4}, 0, 0, 1, 0, 6, 1, 5, false, false, false, false, false, false, null),
	(146, 'Duelist', 2, 12, false, {4}, 0, 0, 1, 0, 7, 1, 8, false, false, false, false, false, false, null),
	(147, 'Coin Clipper', 2, 12, false, {6}, 0, 1, 0, 0, 5, 1, 15, false, false, false, false, false, false, null),
	(148, 'Pickpocket', 2, 12, false, {4}, 0, 0, 1, 0, 5, 1, 8, false, false, false, false, false, false, null),
	(149, 'Street Thug', 2, 12, false, {3}, 0, 0, 1, 0, 5, 1, 5, false, false, false, false, false, false, null),
	(150, 'Criminal', 2, 12, false, {5}, 1, 0, 0, 0, 6, 2, 10, false, false, false, false, false, false, null),
	(151, 'Confidence Man', 2, 12, false, {4}, 0, 0, 0, 0, 5, 1, 12, false, false, false, false, false, false, null),
	(152, 'City Peddler', 2, 12, false, {5}, 0, 0, 0, 0, 7, 1, 10, false, false, false, false, false, false, null),
	(153, 'Sailor', 2, 12, false, {5}, 0, 0, 1, 0, 5, 1, 5, false, false, false, false, false, false, null),
	(154, 'Student', 2, 12, false, {4}, 0, 1, 0, 0, 11, 3, 5, false, false, false, false, false, false, null),
	(155, 'Ganymede', 2, 12, false, {5}, 0, 0, 0, 0, 5, 2, 15, false, false, false, false, false, false, null),
	(156, 'Dilettante', 2, 12, false, {3}, 0, 1, 0, 0, 4, 1, 8, false, false, false, false, false, false, null),
	(157, 'Neophyte Sorcerer', 2, 12, false, {6}, 0, 1, 0, 0, 6, 1, 12, false, false, false, false, false, false, null),
	(158, 'Temple Acolyte', 2, 12, false, {5}, 0, 1, 0, 0, 5, 1, 10, false, false, false, false, false, false, null),
	(159, 'Sculptor', 2, 12, false, {5}, 1, 0, 0, 0, 6, 2, 8, false, false, false, false, false, false, null),
	(160, 'Painter', 2, 12, false, {5}, 1, 0, 0, 0, 5, 2, 5, false, false, false, false, false, false, null),
	(161, 'Composer', 2, 12, false, {4}, 0, 1, 0, 0, 5, 2, 5, false, false, false, false, false, false, null),
	(162, 'Dramaturge', 2, 12, false, {4}, 0, 1, 0, 0, 5, 1, 5, false, false, false, false, false, false, null),
	(163, 'Performer', 2, 12, false, {3}, 0, 1, 0, 0, 6, 2, 5, false, false, false, false, false, false, null),
	(164, 'Tinkerer', 2, 12, false, {7}, 0, 1, 0, 0, 5, 2, 8, false, false, false, false, false, false, null),
	(165, 'Coal Man', 2, 12, false, {4}, 0, 0, 0, 0, 4, 2, 5, false, false, false, false, false, false, null),
	(166, 'Seamstress', 2, 12, false, {5}, 0, 0, 0, 0, 4, 1, 10, false, false, false, false, false, false, null),
	(167, 'Barkeep', 2, 12, false, {5}, 0, 0, 0, 0, 4, 1, 15, false, false, false, false, false, false, null),
	(168, 'Shopkeeper', 2, 12, false, {6}, 0, 1, 0, 0, 4, 0, 16, false, false, false, false, false, false, null),
	(169, 'Baker', 2, 12, false, {6}, 0, 0, 0, 0, 5, 1, 10, false, false, false, false, false, false, null),
	(170, 'Alewife', 2, 12, false, {6}, 0, 0, 1, 0, 5, 1, 12, false, false, false, false, false, false, null),
	(171, 'Conner', 2, 12, false, {6}, 0, 0, 0, 0, 5, 1, 12, false, false, false, false, false, false, null),
	(172, 'Clerk', 2, 12, false, {4}, 0, 1, 0, 0, 4, 1, 9, false, false, false, false, false, false, null),
	(173, 'Scribe', 2, 12, false, {7}, 0, 1, 0, 0, 5, 1, 10, false, false, false, false, false, false, null),
	(174, 'Accountant', 2, 12, false, {10}, 0, 1, 0, 0, 4, 1, 15, false, false, false, false, false, false, null),
	(175, 'Scholar', 2, 12, false, {10}, 0, 1, 0, 0, 11, 1, 15, false, false, false, false, false, false, null),
	(176, 'Moneylender', 2, 12, false, {8}, 0, 0, 0, 0, 4, 1, 20, false, false, false, false, false, false, null),
	(177, 'Tax Collector', 2, 12, false, {5}, 0, 1, 0, 0, 4, 1, 18, false, false, false, false, false, false, null),
	(178, 'Taskmaster', 2, 12, false, {6}, 1, 0, 0, 0, 5, 1, 15, false, false, false, false, false, false, null),
	(179, 'Mercenary Captain', 2, 12, false, {5}, 1, 0, 0, 0, 6, 2, 15, false, false, false, false, false, false, null),
	(180, 'City Guard', 2, 12, false, {5}, 0, 0, 1, 0, 5, 1, 9, false, false, false, false, false, false, null),
	(181, 'Sergeant-at-Arms', 2, 12, false, {6}, 0, 0, 1, 0, 6, 1, 11, false, false, false, false, false, false, null),
	(182, 'Guard Captain', 2, 12, false, {6}, 0, 1, 0, 0, 6, 1, 15, false, false, false, false, false, false, null),
	(183, 'Apprentice', 2, 12, false, {7}, 0, 0, 1, 0, 6, 2, 8, false, false, false, false, false, false, null),
	(184, 'Apprentice Artisan', 2, 12, false, {8}, 0, 0, 1, 0, 8, 1, 10, false, false, false, false, false, false, null),
	(185, 'Journeyman', 2, 12, false, {6}, 1, 0, 0, 0, 7, 1, 15, false, false, false, false, false, false, null),
	(186, 'Engraver', 2, 12, false, {7}, 0, 0, 1, 0, 4, 1, 15, false, false, false, false, false, false, null),
	(187, 'Saddler', 2, 12, false, {8}, 1, 0, 0, 0, 6, 1, 25, false, false, false, false, false, false, null),
	(188, 'Armorer', 2, 12, false, {10}, 0, 0, 0, 0, 7, 1, 25, false, false, false, false, false, false, null),
	(189, 'Plumber', 2, 12, false, {7}, 0, 1, 0, 0, 5, 1, 20, false, false, false, false, false, false, null),
	(190, 'Locksmith', 2, 12, false, {8}, 0, 1, 0, 0, 3, 1, 13, false, false, false, false, false, false, null),
	(191, 'Jeweler', 2, 12, false, {9}, 0, 0, 0, 0, 5, 1, 20, false, false, false, false, false, false, null),
	(192, 'Gaol Warden', 2, 12, false, {4}, 0, 0, 0, 0, 4, 1, 15, false, false, false, false, false, false, null),
	(193, 'Advocate', 2, 12, false, {6}, 0, 1, 0, 0, 6, 1, 25, false, false, false, false, false, false, null),
	(194, 'Doctor', 2, 12, false, {7}, 0, 1, 0, 0, 6, 2, 20, false, false, false, false, false, false, null),
	(195, 'Physician', 2, 12, false, {5}, 0, 1, 0, 0, 6, 1, 15, false, false, false, false, false, false, null),
	(196, 'Hospital Warden', 2, 12, false, {4}, 0, 0, 0, 0, 5, 2, 15, false, false, false, false, false, false, null),
	(197, 'Banker', 2, 12, false, {10}, 0, 0, 0, 2, 4, 1, 60, false, false, false, false, false, false, null),
	(198, 'Merchant', 2, 12, false, {6}, 0, 1, 0, 0, 6, 0, 30, false, false, false, false, false, false, null),
	(199, 'Sorcerer', 2, 12, false, {6}, 0, 1, 1, 0, 6, 1, 32, false, false, false, false, false, false, null),
	(200, 'Temple Priest', 2, 12, false, {5}, 0, 0, 0, 0, 8, 2, 20, false, false, false, false, false, false, null),
	(201, 'Judge', 2, 12, false, {10}, 0, 1, 0, 0, 5, 2, 30, false, false, false, false, false, false, null),
	(202, 'Municipal Minister', 2, 12, false, {9}, 0, 1, 0, 0, 6, 0, 30, false, false, false, false, false, false, null),
	(203, 'Artisan', 2, 12, false, {10}, 0, 1, 0, 0, 9, 1, 45, false, false, false, false, false, false, null),
	(204, 'Master Craftsman', 2, 12, false, {10}, 0, 1, 1, 3, 6, 2, 45, false, false, false, false, false, false, null),
	(205, 'Bishop', 2, 12, false, {12}, 0, 1, 0, 0, 5, 1, 60, false, false, false, false, false, false, null),
	(206, 'Magnate', 2, 12, false, {12}, 0, 1, 0, 1, 6, 2, 75, false, false, false, false, false, false, null),
	(207, 'City Wife', 2, 12, false, {6}, 0, 1, 0, 0, 2, 1, 5, false, false, false, false, false, false, null),
	(208, 'Evangelist', 2, 12, false, {3}, 1, 0, 0, 0, 5, 2, 6, false, false, false, false, false, false, null),
	(209, 'Supplicant', 2, 13, false, {1}, 0, 0, 0, 0, 2, 2, 3, false, false, false, false, false, false, null),
	(210, 'Junior Student', 2, 13, false, {2}, 0, 0, 1, 0, 8, 1, 5, false, false, false, false, false, false, null),
	(211, 'Senior Student', 2, 13, false, {2}, 0, 1, 0, 0, 8, 1, 10, false, false, false, false, false, false, null),
	(212, 'Adjunct', 2, 13, false, {6}, 0, 1, 0, 0, 7, 2, 10, false, false, false, false, false, false, null),
	(213, 'Master Sorcerer', 2, 13, false, {8}, 0, 1, 1, 0, 6, 1, 30, false, false, false, false, false, false, null),
	(214, 'Master Enchanter', 2, 13, false, {8}, 0, 1, 1, 0, 6, 1, 30, false, false, false, false, false, false, null),
	(215, 'Master Summoner', 2, 13, false, {8}, 0, 1, 1, 0, 8, 1, 20, false, false, false, false, false, false, null),
	(216, 'Researcher', 2, 13, false, {10}, 0, 0, 0, 0, 12, 2, 15, false, false, false, false, false, false, null),
	(217, 'Councillor', 2, 13, false, {5}, 0, 1, 0, 0, 6, 1, 45, false, false, false, false, false, false, null),
	(218, 'Headmaster', 2, 13, false, {12}, 0, 0, 0, 1, 7, 3, 50, false, false, false, false, false, false, null),
	(219, 'Harem Slave', 2, 14, false, {3}, 0, 0, 0, 0, 4, 2, 3, false, false, false, false, false, false, null),
	(220, 'Death Cultist', 2, 14, false, {2}, 0, 0, 0, 0, 3, 2, 5, false, false, false, false, false, false, null),
	(221, 'Grave Robber', 2, 14, false, {3}, 0, 0, 0, 0, 4, 2, 7, false, false, false, false, false, false, null),
	(222, 'Spy', 2, 14, false, {4}, 0, 1, 0, 0, 7, 1, 10, false, false, false, false, false, false, null),
	(223, 'Factotum', 2, 14, false, {7}, 1, 0, 0, 0, 7, 1, 15, false, false, false, false, false, false, null),
	(224, 'Tomb Guard', 2, 14, false, {4}, 0, 0, 1, 0, 5, 1, 10, false, false, false, false, false, false, null),
	(225, 'Death Priest', 2, 14, false, {6}, 0, 1, 0, 0, 6, 2, 25, false, false, false, false, false, false, null),
	(226, 'Death Artist', 2, 14, false, {10}, 1, 0, 0, 0, 8, 3, 20, false, false, false, false, false, false, null),
	(227, 'Born Noble', 2, 15, true, {8}, 0, 0, 0, 5, 0, 1, 15, false, false, false, false, false, false, null),
	(228, 'Bastard', 2, 15, false, {6}, 1, 0, 0, 0, 4, 2, 15, false, false, false, false, false, false, null),
	(229, 'Page', 2, 15, false, {6}, 0, 0, 1, 0, 7, 1, 15, false, false, false, false, false, false, null),
	(230, 'Student', 2, 15, false, {4}, 0, 1, 0, 0, 8, 1, 10, false, false, false, false, false, false, null),
	(231, 'Squire', 2, 15, false, {6}, 0, 1, 1, 0, 9, 1, 15, false, false, false, false, false, false, null),
	(232, 'Arcane Devotee', 2, 15, false, {6}, 0, 1, 0, 0, 6, 2, 10, false, false, false, false, false, false, null),
	(233, 'Religious Acolyte', 2, 15, false, {5}, 0, 1, 0, 0, 6, 2, 10, false, false, false, false, false, false, null),
	(234, 'Young Lady', 2, 15, false, {10}, 0, 1, 0, 0, 11, 2, 20, false, false, false, false, false, false, null),
	(235, 'Knight', 2, 15, false, {5}, 0, 0, 1, 0, 10, 2, 20, false, false, false, false, false, false, null),
	(236, 'Lady', 2, 15, false, {5}, 0, 1, 0, 0, 11, 1, 25, false, false, false, false, false, false, null),
	(237, 'Lord', 2, 15, false, {7}, 0, 1, 0, 1, 6, 1, 50, false, false, false, false, false, false, null),
	(238, 'Dame', 2, 15, false, {7}, 0, 1, 0, 2, 3, 1, 40, false, false, false, false, false, false, null),
	(239, 'Baron', 2, 15, false, {8}, 1, 0, 0, 1, 0, 1, 60, false, false, false, false, false, false, null),
	(240, 'Viscount', 2, 15, false, {9}, 1, 0, 0, 2, 0, 1, 65, false, false, false, false, false, false, null),
	(241, 'Count', 2, 15, false, {10}, 1, 0, 0, 3, 0, 1, 70, false, false, false, false, false, false, null),
	(242, 'Duke', 2, 15, false, {10}, 1, 0, 0, 3, 0, 1, 90, false, false, false, false, false, false, null),
	(243, 'Noble Prince', 2, 15, false, {10}, 1, 0, 0, 4, 0, 1, 100, false, false, false, false, false, false, null),
	(244, 'Prince of the Blood', 2, 15, false, {1, 20}, 0, 0, 0, 2, 0, 2, 60, false, false, false, false, false, false, 'Requires express permission from the GM and all players in the current game. Length of this lifepath is suject to GM''s approval.'),
	(245, 'Apt Pupil', 2, 16, false, {3}, 0, 0, 0, 0, 3, 1, 8, false, false, false, false, false, false, null),
	(246, 'Minstrel', 2, 16, false, {4}, 0, 1, 0, 0, 5, 1, 10, false, false, false, false, false, false, null),
	(247, 'Court Jester', 2, 16, false, {5}, 0, 0, 0, 0, 7, 3, 10, false, false, false, false, false, false, null),
	(248, 'Court Artist', 2, 16, false, {6}, 0, 0, 0, 0, 5, 1, 15, false, false, false, false, false, false, null),
	(249, 'Servant', 2, 16, false, {6}, 0, 0, 0, 0, 4, 2, 7, false, false, false, false, false, false, null),
	(250, 'Nurse', 2, 16, false, {6}, 0, 0, 0, 0, 5, 2, 7, false, false, false, false, false, false, null),
	(251, 'Groom', 2, 16, false, {4}, 0, 0, 1, 0, 5, 1, 5, false, false, false, false, false, false, null),
	(252, 'Gardener', 2, 16, false, {10}, 0, 0, 1, 0, 7, 2, 10, false, false, false, false, false, false, null),
	(253, 'Torturer', 2, 16, false, {5}, 0, 1, 0, 0, 5, 1, 10, false, false, false, false, false, false, null),
	(254, 'Forester', 2, 16, false, {7}, 1, 0, 0, 0, 8, 1, 9, false, false, false, false, false, false, null),
	(255, 'Student', 2, 16, false, {4}, 0, 1, 0, 0, 9, 1, 10, false, false, false, false, false, false, null),
	(256, 'Page', 2, 16, false, {6}, 0, 0, 1, 0, 6, 1, 15, false, false, false, false, false, false, null),
	(257, 'Man-at-Arms', 2, 16, false, {6}, 0, 0, 1, 0, 8, 1, 12, false, false, false, false, false, false, null),
	(258, 'Falconer', 2, 16, false, {5}, 1, 0, 0, 0, 4, 2, 10, false, false, false, false, false, false, null),
	(259, 'Huntsman', 2, 16, false, {5}, 1, 0, 0, 0, 8, 1, 12, false, false, false, false, false, false, null),
	(260, 'Herald', 2, 16, false, {4}, 0, 0, 0, 0, 4, 1, 10, false, false, false, false, false, false, null),
	(261, 'Court Chef', 2, 16, false, {5}, 0, 1, 0, 0, 5, 1, 14, false, false, false, false, false, false, null),
	(262, 'Squire', 2, 16, false, {5}, 0, 1, 1, 0, 9, 1, 14, false, false, false, false, false, false, null),
	(263, 'Young Lady', 2, 16, false, {9}, 0, 1, 0, 0, 10, 1, 25, false, false, false, false, false, false, null),
	(264, 'Knight', 2, 16, false, {6}, 0, 0, 1, 0, 7, 1, 20, false, false, false, false, false, false, null),
	(265, 'Courtier', 2, 16, false, {5}, 0, 1, 0, 0, 8, 2, 15, false, false, false, false, false, false, null),
	(266, 'Governess', 2, 16, false, {8}, 0, 0, 0, 0, 7, 1, 12, false, false, false, false, false, false, null),
	(267, 'Chaplain', 2, 16, false, {5}, 1, 0, 0, 0, 8, 1, 18, false, false, false, false, false, false, null),
	(268, 'Court Sorcerer', 2, 16, false, {8}, 0, 1, 0, 0, 7, 1, 32, false, false, false, false, false, false, null),
	(269, 'Court Lawyer', 2, 16, false, {8}, 0, 1, 0, 0, 6, 1, 25, false, false, false, false, false, false, null),
	(270, 'Court Doctor', 2, 16, false, {8}, 0, 1, 0, 0, 7, 1, 20, false, false, false, false, false, false, null),
	(271, 'Chronicler', 2, 16, false, {10}, 0, 1, 0, 0, 6, 2, 15, false, false, false, false, false, false, null),
	(272, 'Armorer', 2, 16, false, {7}, 0, 0, 1, 0, 9, 1, 25, false, false, false, false, false, false, null),
	(273, 'Atilliator', 2, 16, false, {10}, 0, 0, 1, 0, 6, 1, 30, false, false, false, false, false, false, null),
	(274, 'Court Priest', 2, 16, false, {6}, 0, 1, 0, 0, 5, 2, 20, false, false, false, false, false, false, null),
	(275, 'Steward', 2, 16, false, {7}, 0, 1, 0, 0, 6, 1, 15, false, false, false, false, false, false, null),
	(276, 'Master of Horses', 2, 16, false, {8}, 0, 0, 0, 0, 4, 1, 40, false, false, false, false, false, false, null),
	(277, 'Master of Hounds', 2, 16, false, {7}, 0, 0, 0, 0, 7, 1, 20, false, false, false, false, false, false, null),
	(278, 'Hostage', 2, 16, false, {6}, 0, 0, 0, 0, 4, 1, 0, false, false, false, false, false, true, null),
	(279, 'Bailiff', 2, 16, false, {4}, 1, 0, 0, 0, 7, 1, 15, false, false, false, false, false, false, null),
	(280, 'Justiciar', 2, 16, false, {5}, 1, 0, 0, 0, 6, 1, 15, false, false, false, false, false, false, null),
	(281, 'Coroner', 2, 16, false, {6}, 0, 0, 0, 0, 5, 1, 15, false, false, false, false, false, false, null),
	(282, 'Constable', 2, 16, false, {6}, 0, 1, 0, 0, 5, 1, 50, false, false, false, false, false, false, null),
	(283, 'Treasurer', 2, 16, false, {7}, 0, 0, 0, 0, 5, 1, 45, false, false, false, false, false, false, null),
	(284, 'Chamberlain', 2, 16, false, {7}, 0, 1, 0, 1, 5, 2, 30, false, false, false, false, false, false, null),
	(285, 'Advisor to the Court', 2, 16, false, {1, 3}, 1, 0, 0, 1, 1, 1, 10, true, false, true, false, false, false, null),
	(286, 'Court Enchanter', 2, 16, false, {8}, 0, 1, 0, 0, 5, 2, 20, false, false, false, false, false, false, null),
	(287, 'Court Summoner', 2, 16, false, {8}, 1, 0, 0, 0, 6, 2, 30, false, false, false, false, false, false, null),
	(288, 'Apt Pupil', 2, 17, false, {3}, 0, 0, 0, 0, 3, 1, 8, false, false, false, false, false, false, null),
	(289, 'Urchin', 2, 17, false, {4}, 0, 0, 0, 0, 4, 2, 3, false, false, false, false, false, false, null),
	(290, 'Apostate', 2, 17, false, {3}, 0, 0, 0, 0, 4, 1, 6, false, false, false, false, false, false, null),
	(291, 'Blackmailer', 2, 17, false, {3}, 0, 1, 0, 0, 4, 2, 10, false, false, false, false, false, false, null),
	(292, 'Kidnapper', 2, 17, false, {3}, 0, 1, 0, 0, 5, 2, 10, false, false, false, false, false, false, null),
	(293, 'Pillager', 2, 17, false, {4}, 0, 0, 0, 0, 4, 1, 7, false, false, false, false, false, false, null),
	(294, 'Vagrant', 2, 17, false, {3}, 0, 0, 0, 0, 4, 2, 5, false, false, false, false, false, false, null),
	(295, 'Cripple', 2, 17, false, {6}, 0, 0, 0, 0, 6, 2, 3, false, false, false, false, false, false, null),
	(296, 'Poacher', 2, 17, false, {5}, 1, 0, 0, 0, 6, 1, 5, false, false, false, false, false, false, null),
	(297, 'Deranged', 2, 17, false, {6}, 0, 0, 0, 0, 3, 2, 3, false, false, false, false, false, false, null),
	(298, 'Outlaw', 2, 17, false, {4}, 1, 0, 0, 0, 5, 1, 5, false, false, false, false, false, false, null),
	(299, 'Fence', 2, 17, false, {6}, 1, 0, 0, 0, 6, 2, 15, false, false, false, false, false, false, null),
	(300, 'Gravedigger', 2, 17, false, {5}, 0, 0, 0, 0, 6, 3, 4, false, false, false, false, false, false, null),
	(301, 'Ratcatcher', 2, 17, false, {5}, 0, 0, 0, 0, 4, 2, 4, false, false, false, false, false, false, null),
	(302, 'Beggar', 2, 17, false, {3}, 0, 0, 0, 0, 5, 2, 5, false, false, false, false, false, false, null),
	(303, 'Leper', 2, 17, false, {4}, -1, 0, 0, 0, 5, 3, 3, false, false, false, false, false, false, null),
	(304, 'Prostitute', 2, 17, false, {5}, 0, 0, 0, 0, 3, 2, 6, false, false, false, false, false, false, null),
	(305, 'Whoremonger', 2, 17, false, {6}, 0, 0, 0, 0, 5, 1, 12, false, false, false, false, false, false, null),
	(306, 'Itinerant Performer', 2, 17, false, {4}, 0, 0, 0, 0, 8, 2, 5, false, false, false, false, false, false, null),
	(307, 'Insurrectionist', 2, 17, false, {3}, 0, 0, 0, 0, 4, 2, 5, false, false, false, false, false, false, null),
	(308, 'Cultist', 2, 17, false, {4}, 0, 0, 0, 0, 5, 2, 8, false, false, false, false, false, false, null),
	(309, 'Poisoner', 2, 17, false, {5}, 0, 1, 0, 0, 5, 2, 8, false, false, false, false, false, false, null),
	(310, 'Thug', 2, 17, false, {4}, 0, 0, 0, 0, 4, 2, 7, false, false, false, false, false, false, null),
	(311, 'Desperate Killer', 2, 17, false, {3}, 0, 0, 0, 0, 5, 2, 5, false, false, false, false, false, false, null),
	(312, 'Bandit', 2, 17, false, {3}, 0, 0, 1, 0, 4, 1, 7, false, false, false, false, false, false, null),
	(313, 'Pirate', 2, 17, false, {4}, 0, 0, 0, 0, 6, 2, 5, false, false, false, false, false, false, null),
	(314, 'Smuggler', 2, 17, false, {4}, 0, 1, 0, 0, 6, 2, 15, false, false, false, false, false, false, null),
	(315, 'Freebooter', 2, 17, false, {4}, 0, 0, 1, 0, 8, 2, 10, false, false, false, false, false, false, null),
	(316, 'Strider', 2, 17, false, {5}, 0, 0, 1, 0, 9, 2, 6, false, false, false, false, false, false, null),
	(317, 'Mad Summoner', 2, 17, false, {8}, 1, 0, 0, 0, 6, 2, 20, false, false, false, false, false, false, null),
	(318, 'Rogue Wizard', 2, 17, false, {6}, 0, 1, 1, 0, 8, 3, 24, false, false, false, false, false, false, null),
	(319, 'Crazy Witch', 2, 17, false, {6}, 1, 0, 0, 0, 5, 2, 6, false, false, false, false, false, false, null),
	(320, 'Heretic Priest', 2, 17, false, {7}, 0, 0, 0, 0, 7, 2, 6, false, false, false, false, false, false, null),
	(321, 'Thinker', 2, 17, false, {15}, 0, 1, 0, 1, 6, 2, 5, false, false, false, false, false, false, null),
	(322, 'Demented Inventor', 2, 17, false, {7}, 0, 1, 0, 0, 6, 2, 15, false, false, false, false, false, false, null),
	(323, 'Evil Necromancer', 2, 17, false, {10}, 0, 1, 1, 0, 4, 2, 20, false, false, false, false, false, false, null),
	(324, 'Neophyte Sorcerer', 2, 17, false, {6}, 0, 1, 0, 0, 6, 1, 12, false, false, false, false, false, false, null),
	(325, 'Defiler', 2, 17, false, {5}, 0, 1, 1, 0, 7, 2, 32, false, false, false, false, false, false, null),
	(326, 'Preserver', 2, 17, false, {7}, 0, 1, 1, 0, 6, 2, 28, false, false, false, false, false, false, null),
	(327, 'Desert Hermit', 2, 17, false, {6}, 0, 0, 0, 0, 5, 3, 4, false, false, false, false, false, false, null),
	(328, 'Oasis Witch', 2, 17, false, {5}, 1, 0, 0, 0, 6, 2, 20, false, false, false, false, false, false, null),
	(329, 'Bandit Lord', 2, 17, false, {6}, 1, 0, 0, 0, 7, 2, 15, false, false, false, false, false, false, null),
	(330, 'Scavenger', 2, 17, false, {4}, 1, 0, 0, 0, 5, 2, 3, false, false, false, false, false, false, null),
	(331, 'Monster Hunter', 2, 17, false, {4}, 0, 0, 0, 0, 7, 2, 6, false, false, false, false, false, false, null),
	(332, 'Ravager', 2, 17, false, {6}, 1, 0, 0, 0, 5, 2, 25, false, false, false, false, false, false, null),
	(333, 'Bonecaster', 2, 17, false, {10}, 0, 1, 1, 0, 7, 3, 20, false, false, false, false, false, false, null),
	(334, 'Born Peasant', 2, 18, true, {8}, 0, 0, 0, 3, 0, 2, 3, false, false, false, false, false, false, null),
	(335, 'Gifted Child', 2, 18, true, {9}, 0, 0, 0, 2, 0, 1, 4, false, false, false, false, false, false, null),
	(336, 'Farmer', 2, 18, false, {8}, 0, 0, 1, 0, 8, 1, 5, false, false, false, false, false, false, null),
	(337, 'Head of Household', 2, 18, false, {15}, 0, 1, 0, 0, 8, 2, 20, false, false, false, false, false, false, null),
	(338, 'Midwife', 2, 18, false, {10}, 0, 1, 0, 0, 7, 2, 15, false, false, false, false, false, false, null),
	(339, 'Lazy Stayabout', 2, 18, false, {7}, 0, 0, 0, 0, 3, 1, 3, false, false, false, false, false, false, null),
	(340, 'Conscript', 2, 18, false, {1}, 0, 0, 0, 0, 2, 1, 4, false, false, false, false, false, false, null),
	(341, 'Peasant Pilgrim', 2, 18, false, {3}, 0, 0, 0, 0, 3, 2, 4, false, false, false, false, false, false, null),
	(342, 'Miller', 2, 18, false, {7}, 0, 0, 0, 0, 5, 1, 15, false, false, false, false, false, false, null),
	(343, 'Fisherman', 2, 18, false, {6}, 0, 0, 1, 0, 6, 2, 5, false, false, false, false, false, false, null),
	(344, 'Shepherd', 2, 18, false, {4}, 0, 0, 1, 0, 5, 1, 4, false, false, false, false, false, false, null),
	(345, 'Woodcutter', 2, 18, false, {3}, 0, 0, 1, 0, 5, 1, 5, false, false, false, false, false, false, null),
	(346, 'Hunter', 2, 18, false, {5}, 0, 1, 1, 0, 7, 1, 6, false, false, false, false, false, false, null),
	(347, 'Trapper', 2, 18, false, {5}, 0, 1, 1, 0, 6, 1, 8, false, false, false, false, false, false, null),
	(348, 'Peddler', 2, 18, false, {5}, 0, 1, 0, 0, 7, 2, 10, false, false, false, false, false, false, null),
	(349, 'Elder', 2, 18, false, {15}, 0, 1, 0, 0, 6, 1, 5, false, false, false, false, false, false, null),
	(350, 'Augur', 2, 18, false, {5}, 0, 1, 0, 0, 4, 2, 10, false, false, false, false, false, false, null),
	(351, 'Itinerant Priest', 2, 18, false, {6}, 0, 1, 0, 0, 7, 2, 8, false, false, false, false, false, false, null),
	(352, 'Recluse Wizard', 2, 18, false, {15}, 0, 1, 0, 0, 7, 2, 28, false, false, false, false, false, false, null),
	(353, 'Country Wife', 2, 18, false, {10}, 0, 1, 1, 0, 2, 1, 5, false, false, false, false, false, false, null),
	(354, 'Speaker of Names', 2, 18, false, {7}, 0, 1, 0, 0, 6, 2, 20, false, false, false, false, false, false, null),
	(355, 'Apt Pupil', 2, 19, false, {3}, 0, 0, 0, 0, 3, 1, 8, false, false, false, false, false, false, null),
	(356, 'Runner', 2, 19, false, {3}, 0, 0, 1, 0, 4, 2, 5, false, false, false, false, false, false, null),
	(357, 'Apprentice', 2, 19, false, {4}, 0, 0, 1, 0, 6, 2, 6, false, false, false, false, false, false, null),
	(358, 'Musician', 2, 19, false, {3}, 0, 1, 0, 0, 4, 1, 5, false, false, false, false, false, false, null),
	(359, 'Foot Soldier', 2, 19, false, {3}, 0, 0, 1, 0, 6, 1, 6, false, false, false, false, false, false, null),
	(360, 'Archer', 2, 19, false, {3}, 0, 0, 1, 0, 5, 1, 5, false, false, false, false, false, false, null),
	(361, 'Crossbowman', 2, 19, false, {4}, 0, 0, 1, 0, 6, 1, 8, false, false, false, false, false, false, null),
	(362, 'Sailor', 2, 19, false, {5}, 0, 0, 1, 0, 6, 1, 5, false, false, false, false, false, false, null),
	(363, 'Herald', 2, 19, false, {3}, 0, 1, 0, 0, 4, 1, 7, false, false, false, false, false, false, null),
	(364, 'Bannerman', 2, 19, false, {3}, 0, 0, 1, 0, 5, 2, 7, false, false, false, false, false, false, null),
	(365, 'Scout', 2, 19, false, {3}, 0, 0, 1, 0, 5, 1, 4, false, false, false, false, false, false, null),
	(366, 'Sergeant', 2, 19, false, {5}, 1, 0, 0, 0, 6, 1, 8, false, false, false, false, false, false, null),
	(367, 'Veteran', 2, 19, false, {8}, 0, 0, 0, 0, 5, 2, 20, false, false, false, false, false, false, null),
	(368, 'Cavalryman', 2, 19, false, {4}, 0, 0, 1, 0, 10, 1, 9, false, false, false, false, false, false, null),
	(369, 'Journeyman', 2, 19, false, {5}, 1, 0, 0, 0, 5, 1, 15, false, false, false, false, false, false, null),
	(370, 'Armorer', 2, 19, false, {8}, 0, 1, 0, 0, 9, 1, 20, false, false, false, false, false, false, null),
	(371, 'Atilliator', 2, 19, false, {10}, 0, 0, 1, 0, 6, 1, 22, false, false, false, false, false, false, null),
	(372, 'Chaplain', 2, 19, false, {5}, 1, 0, 0, 0, 6, 1, 15, false, false, false, false, false, false, null),
	(373, 'Engineer', 2, 19, false, {5}, 0, 1, 0, 0, 6, 1, 18, false, false, false, false, false, false, null),
	(374, 'Wizard of War', 2, 19, false, {4}, 0, 1, 0, 0, 7, 1, 20, false, false, false, false, false, false, null),
	(375, 'Quartermaster', 2, 19, false, {5}, 0, 1, 0, 0, 6, 1, 17, false, false, false, false, false, false, null),
	(376, 'Captain', 2, 19, false, {6}, 0, 1, 1, 0, 9, 2, 35, false, false, false, false, false, false, null),
	(377, 'Apt Pupil', 2, 20, false, {3}, 0, 0, 0, 0, 3, 1, 8, false, false, false, false, false, false, null),
	(378, 'Castrati', 2, 20, false, {7}, 0, 1, 0, 0, 7, 3, 15, false, false, false, false, false, false, null),
	(379, 'Pardoner', 2, 20, false, {5}, 0, 0, 0, 0, 5, 1, 12, false, false, false, false, false, false, null),
	(380, 'Zealous Convert', 2, 20, false, {4}, 0, 0, 0, 0, 4, 3, 10, false, false, false, false, false, false, null),
	(381, 'Military Order', 2, 20, false, {3}, 0, 1, 1, 0, 5, 2, 7, false, false, false, false, false, false, null),
	(382, 'Grave Digger', 2, 20, false, {4}, 0, 0, 0, 0, 4, 2, 6, false, false, false, false, false, false, null),
	(383, 'Porter', 2, 20, false, {3}, 0, 0, 0, 0, 4, 1, 5, false, false, false, false, false, false, null),
	(384, 'Notary', 2, 20, false, {4}, 0, 0, 0, 0, 4, 1, 15, false, false, false, false, false, false, null),
	(385, 'Custodian', 2, 20, false, {5}, 0, 1, 0, 0, 7, 2, 10, false, false, false, false, false, false, null),
	(386, 'Interpreter', 2, 20, false, {5}, 0, 0, 0, 0, 7, 2, 10, false, false, false, false, false, false, null),
	(387, 'Archivist', 2, 20, false, {7}, 0, 1, 0, 0, 5, 1, 8, false, false, false, false, false, false, null),
	(388, 'Itinerant Monk', 2, 20, false, {6}, 0, 0, 0, 0, 7, 2, 6, false, false, false, false, false, false, null),
	(389, 'Cloistered Nun', 2, 20, false, {10}, 0, 0, 0, 0, 6, 1, 12, false, false, false, false, false, false, null),
	(390, 'Temple Acolyte', 2, 20, false, {6}, 0, 1, 0, 0, 4, 1, 5, false, false, false, false, false, false, null),
	(391, 'Priest', 2, 20, false, {5}, 0, 1, 0, 0, 7, 2, 18, false, false, false, false, false, false, null),
	(392, 'Exorcist', 2, 20, false, {6}, 0, 1, 0, 0, 9, 2, 10, false, false, false, false, false, false, null),
	(393, 'Inquisitor', 2, 20, false, {6}, 1, 0, 0, 0, 6, 2, 15, false, false, false, false, false, false, null),
	(394, 'Theologian', 2, 20, false, {10}, 0, 1, 0, 0, 10, 2, 9, false, false, false, false, false, false, null),
	(395, 'Archpriest', 2, 20, false, {5}, 1, 0, 0, 0, 10, 2, 25, false, false, false, false, false, false, null),
	(396, 'Canon', 2, 20, false, {10}, 1, 0, 0, 0, 6, 1, 45, false, false, false, false, false, false, null),
	(397, 'Abbot/Abbess', 2, 20, false, {10}, 0, 1, 0, 2, 6, 1, 45, false, false, false, false, false, false, null),
	(398, 'Bishop', 2, 20, false, {8}, 0, 0, 0, 0, 7, 2, 45, false, false, false, false, false, false, null),
	(399, 'Acolyte', 2, 20, false, {6}, 0, 1, 0, 0, 5, 1, 5, false, false, false, false, false, false, null),
	(400, 'Clerk', 2, 20, false, {4}, 0, 1, 0, 0, 4, 1, 9, false, false, false, false, false, false, null),
	(401, 'Scribe', 2, 20, false, {7}, 0, 1, 0, 0, 5, 1, 10, false, false, false, false, false, false, null),
	(402, 'Templar', 2, 20, false, {5}, 0, 1, 0, 0, 7, 2, 18, false, false, false, false, false, false, null),
	(403, 'High Templar', 2, 20, false, {5}, 1, 0, 0, 0, 10, 2, 25, false, false, false, false, false, false, null),
	(404, 'Royal Advisor', 2, 20, false, {8}, 0, 0, 0, 0, 7, 2, 45, false, false, false, false, false, false, null),
	(405, 'Son of a Gun', 2, 21, true, {8}, 0, 0, 0, 3, 0, 2, 3, false, false, false, false, false, false, null),
	(406, 'Gifted Child', 2, 21, true, {9}, 0, 0, 0, 2, 0, 1, 4, false, false, false, false, false, false, null),
	(407, 'Boy', 2, 21, false, {4}, 0, 0, 0, 0, 4, 1, 8, false, false, false, false, false, false, null),
	(408, 'Galley Slave', 2, 21, false, {6}, 0, 0, 0, 0, 3, 3, 3, false, false, false, false, false, false, null),
	(409, 'Ratcatcher', 2, 21, false, {6}, 0, 0, 0, 0, 5, 3, 4, false, false, false, false, false, false, null),
	(410, 'Landsman', 2, 21, false, {4}, 0, 0, 0, 0, 3, 1, 5, false, false, false, false, false, false, null),
	(411, 'Drummer', 2, 21, false, {5}, 0, 0, 0, 0, 3, 2, 6, false, false, false, false, false, false, null),
	(412, 'Sailor', 2, 21, false, {5}, 0, 0, 1, 0, 6, 2, 7, false, false, false, false, false, false, null),
	(413, 'Crazy Old Sailor', 2, 21, false, {10}, 0, 1, 0, 0, 3, 3, 8, false, false, false, false, false, false, null),
	(414, 'Purser', 2, 21, false, {4}, 0, 0, 0, 0, 4, 2, 9, false, false, false, false, false, false, null),
	(415, 'Signalman', 2, 21, false, {5}, 0, 1, 0, 0, 5, 1, 8, false, false, false, false, false, false, null),
	(416, 'Pilot', 2, 21, false, {4}, 0, 0, 0, 0, 5, 2, 8, false, false, false, false, false, false, null),
	(417, 'Marine', 2, 21, false, {4}, 0, 0, 1, 0, 4, 1, 10, false, false, false, false, false, false, null),
	(418, 'Bosun', 2, 21, false, {5}, 0, 0, 0, 0, 3, 1, 8, false, false, false, false, false, false, null),
	(419, 'Sailmaker', 2, 21, false, {5}, 0, 0, 1, 0, 5, 1, 9, false, false, false, false, false, false, null),
	(420, 'Ship''s Doctor', 2, 21, false, {6}, 0, 1, 0, 0, 8, 3, 15, false, false, false, false, false, false, null),
	(421, 'Ship''s Cook', 2, 21, false, {5}, 0, 1, 0, 0, 6, 3, 10, false, false, false, false, false, false, null),
	(422, 'Ship''s Chaplain', 2, 21, false, {5}, 0, 0, 0, 0, 4, 2, 15, false, false, false, false, false, false, null),
	(423, 'Weather Witch', 2, 21, false, {5}, 1, 0, 0, 0, 6, 2, 20, false, false, false, false, false, false, null),
	(424, 'Navigator', 2, 21, false, {6}, 0, 1, 0, 0, 6, 1, 15, false, false, false, false, false, false, null),
	(425, 'Carpenter''s Mate', 2, 21, false, {6}, 0, 0, 1, 0, 5, 2, 8, false, false, false, false, false, false, null),
	(426, 'Ship''s Carpenter', 2, 21, false, {4}, 0, 0, 1, 0, 6, 1, 16, false, false, false, false, false, false, null),
	(427, 'Artillerist''s Mate', 2, 21, false, {4}, 0, 1, 0, 0, 4, 1, 8, false, false, false, false, false, false, null),
	(428, 'Engineer', 2, 21, false, {4}, 0, 1, 0, 0, 6, 1, 25, false, false, false, false, false, false, null),
	(429, 'Officer''s Mate', 2, 21, false, {4}, 1, 0, 0, 0, 4, 3, 10, false, false, false, false, false, false, null),
	(430, 'Steward', 2, 21, false, {6}, 0, 1, 0, 0, 5, 1, 20, false, false, false, false, false, false, null),
	(431, 'First Mate', 2, 21, false, {6}, 0, 1, 0, 0, 6, 1, 18, false, false, false, false, false, false, null),
	(432, 'Ship''s Captain', 2, 21, false, {7}, 0, 1, 0, 2, 6, 2, 30, false, false, false, false, false, false, null),
	(433, 'Born Slave', 2, 22, true, {12}, -1, 0, 0, 2, 1, 3, 5, false, false, false, false, false, false, null),
	(434, 'Gifted Child', 2, 22, true, {9}, 0, 0, 0, 2, 0, 1, 4, false, false, false, false, false, false, null),
	(435, 'Ditch Digger', 2, 22, false, {4}, 0, 0, 0, 0, 3, 2, 4, false, false, false, false, false, false, null),
	(436, 'Servant', 2, 22, false, {5}, 0, 0, 0, 0, 3, 2, 6, false, false, false, false, false, false, null),
	(437, 'Field Laborer', 2, 22, false, {6}, 0, 0, 0, 0, 7, 3, 5, false, false, false, false, false, false, null),
	(438, 'Captive of War', 2, 22, false, {4}, 0, 0, 0, 0, 2, 2, 4, false, false, false, false, false, false, null),
	(439, 'Gaol', 2, 22, false, {3}, 0, 0, 0, 0, 3, 2, 3, false, false, false, false, false, false, null),
	(440, 'Harem Slave', 2, 22, false, {5}, 0, 0, 0, 0, 3, 2, 4, false, false, false, false, false, false, null),
	(441, 'Bondsman', 2, 22, false, {7}, 0, 0, 0, 0, 0, 2, 7, false, false, false, false, false, false, null),
	(442, 'Born Mule', 2, 22, true, {10}, 0, 0, 1, 2, 0, 2, 3, false, false, false, false, false, false, null),
	(443, 'Slave Soldier', 2, 22, false, {4}, 0, 0, 1, 0, 4, 2, 5, false, false, false, false, false, false, null),
	(444, 'Mamluk', 2, 22, false, {5}, 1, 0, 0, 0, 5, 1, 10, false, false, false, false, false, false, null),
	(445, 'Child Attendant', 2, 22, false, {2}, 0, 0, 0, 0, 3, 2, 5, false, false, false, false, false, false, null),
	(446, 'Slave Doctor', 2, 22, false, {8}, 0, 1, 0, 0, 4, 2, 8, false, false, false, false, false, false, null),
	(447, 'Slave Artist', 2, 22, false, {5}, 0, 1, 0, 0, 4, 2, 6, false, false, false, false, false, false, null),
	(448, 'Slave Performer', 2, 22, false, {4}, 0, 1, 0, 0, 3, 2, 3, false, false, false, false, false, false, null),
	(449, 'Slave Musician', 2, 22, false, {7}, 0, 1, 0, 0, 4, 3, 5, false, false, false, false, false, false, null),
	(450, 'Slave Scribe', 2, 22, false, {7}, 0, 0, 0, 0, 4, 2, 5, false, false, false, false, false, false, null),
	(451, 'Quarry Slave', 2, 22, false, {8}, 0, 0, 1, 0, 3, 2, 4, false, false, false, false, false, false, null),
	(452, 'Foreman', 2, 22, false, {10}, 1, 0, 0, 0, 5, 2, 8, false, false, false, false, false, false, null),
	(453, 'Arena Slave', 2, 22, false, {3}, 0, 0, 1, 0, 2, 2, 5, false, false, false, false, false, false, null),
	(454, 'Gladiator', 2, 22, false, {5}, 0, 0, 1, 0, 5, 2, 8, false, false, false, false, false, false, null),
	(455, 'Champion', 2, 22, false, {6}, 0, 0, 1, 0, 6, 2, 10, false, false, false, false, false, false, null),
	(456, 'Enslaved', 2, 22, false, {3}, 0, 0, 0, 0, 2, 2, 3, false, false, false, false, false, false, null),
	(457, 'Tortured', 2, 22, false, {2}, 0, 0, -1, 0, 2, 3, 2, false, false, false, false, false, false, null),
	(458, 'Drover', 2, 22, false, {3}, 0, 0, 1, 0, 4, 2, 5, false, false, false, false, false, false, null),
	(459, 'Beast Handler', 2, 22, false, {6}, 1, 0, 0, 0, 5, 2, 8, false, false, false, false, false, false, null),
	(460, 'Laborer', 2, 22, false, {4}, 0, 0, 0, 0, 2, 2, 2, false, false, false, false, false, false, null),
	(461, 'Farmer', 2, 22, false, {8}, 0, 0, 1, 0, 8, 1, 5, false, false, false, false, false, false, null),
	(462, 'Shepherd', 2, 22, false, {4}, 0, 0, 1, 0, 5, 1, 4, false, false, false, false, false, false, null),
	(463, 'Taskmaster', 2, 22, false, {6}, 0, 1, 0, 0, 4, 2, 7, false, false, false, false, false, false, null),
	(464, 'Concubine', 2, 22, false, {5}, 0, 0, 0, 0, 5, 2, 10, false, false, false, false, false, false, null),
	(465, 'Village Born', 2, 23, true, {10}, 0, 0, 0, 3, 0, 2, 4, false, false, false, false, false, false, null),
	(466, 'Gifted Child', 2, 23, true, {9}, 0, 0, 0, 2, 0, 1, 4, false, false, false, false, false, false, null),
	(467, 'Kid', 2, 23, false, {4}, 0, 0, 1, 0, 3, 1, 3, false, false, false, false, false, false, null),
	(468, 'Idiot', 2, 23, false, {10}, 0, 0, 0, 0, 4, 1, 4, false, false, false, false, false, false, null),
	(469, 'Pilgrim', 2, 23, false, {2}, 0, 0, 0, 0, 5, 2, 4, false, false, false, false, false, false, null),
	(470, 'Conscript', 2, 23, false, {1}, 0, 0, 0, 0, 2, 1, 5, false, false, false, false, false, false, null),
	(471, 'Groom', 2, 23, false, {4}, 0, 0, 0, 0, 4, 1, 7, false, false, false, false, false, false, null),
	(472, 'Runner', 2, 23, false, {4}, 0, 0, 1, 0, 3, 1, 6, false, false, false, false, false, false, null),
	(473, 'Village Peddler', 2, 23, false, {5}, 0, 1, 0, 0, 7, 2, 10, false, false, false, false, false, false, null),
	(474, 'Shopkeeper', 2, 23, false, {6}, 0, 0, 0, 0, 5, 1, 15, false, false, false, false, false, false, null),
	(475, 'Clerk', 2, 23, false, {4}, 0, 0, 0, 0, 4, 1, 9, false, false, false, false, false, false, null),
	(476, 'Sailor', 2, 23, false, {5}, 0, 0, 1, 0, 6, 1, 5, false, false, false, false, false, false, null),
	(477, 'Laborer', 2, 23, false, {4}, 0, 0, 1, 0, 2, 2, 4, false, false, false, false, false, false, null),
	(478, 'Miner', 2, 23, false, {3}, 0, 0, 1, 0, 2, 3, 7, false, false, false, false, false, false, null),
	(479, 'Taskmaster', 2, 23, false, {6}, 0, 0, 0, 0, 5, 1, 15, false, false, false, false, false, false, null),
	(480, 'Serving Girl', 2, 23, false, {3}, 0, 1, 0, 0, 4, 2, 5, false, false, false, false, false, false, null),
	(481, 'Hosteller', 2, 23, false, {6}, 0, 0, 0, 0, 5, 1, 15, false, false, false, false, false, false, null),
	(482, 'Village Tough', 2, 23, false, {3}, 0, 0, 1, 0, 4, 1, 7, false, false, false, false, false, false, null),
	(483, 'Village Sergeant', 2, 23, false, {5}, 1, 0, 0, 0, 6, 1, 9, false, false, false, false, false, false, null),
	(484, 'Corrupt Sergeant', 2, 23, false, {5}, 1, 0, 0, 0, 6, 1, 12, false, false, false, false, false, false, null),
	(485, 'Tailor', 2, 23, false, {5}, 0, 0, 0, 0, 5, 1, 12, false, false, false, false, false, false, null),
	(486, 'Tax Collector', 2, 23, false, {5}, 0, 1, 0, 0, 4, 1, 15, false, false, false, false, false, false, null),
	(487, 'Cobbler', 2, 23, false, {8}, 0, 0, 0, 0, 4, 1, 20, false, false, false, false, false, false, null),
	(488, 'Farrier', 2, 23, false, {5}, 0, 0, 0, 0, 4, 1, 12, false, false, false, false, false, false, null),
	(489, 'Butcher', 2, 23, false, {6}, 0, 0, 0, 0, 4, 2, 15, false, false, false, false, false, false, null),
	(490, 'Barber', 2, 23, false, {7}, 0, 0, 0, 0, 5, 1, 10, false, false, false, false, false, false, null),
	(491, 'Brewer', 2, 23, false, {8}, 0, 0, 0, 0, 4, 1, 15, false, false, false, false, false, false, null),
	(492, 'Acolyte', 2, 23, false, {7}, 0, 1, 0, 0, 6, 2, 10, false, false, false, false, false, false, null),
	(493, 'Failed Acolyte', 2, 23, false, {6}, 0, 0, 0, 0, 4, 2, 8, false, false, false, false, false, false, null),
	(494, 'Village Priest', 2, 23, false, {8}, 0, 1, 0, 0, 5, 2, 15, false, false, false, false, false, false, null),
	(495, 'Venal Priest', 2, 23, false, {9}, 0, 1, 0, 0, 6, 2, 20, false, false, false, false, false, false, null),
	(496, 'Apprentice', 2, 23, false, {7}, 0, 0, 1, 0, 6, 2, 7, false, false, false, false, false, false, null),
	(497, 'Journeyman', 2, 23, false, {6}, 1, 0, 0, 0, 5, 1, 15, false, false, false, false, false, false, null),
	(498, 'Cloth Dyer', 2, 23, false, {5}, 0, 1, 0, 0, 6, 1, 20, false, false, false, false, false, false, null),
	(499, 'Bowyer', 2, 23, false, {6}, 0, 0, 0, 0, 4, 1, 15, false, false, false, false, false, false, null),
	(500, 'Master Craftsman', 2, 23, false, {10}, 0, 1, 1, 0, 6, 1, 30, false, false, false, false, false, false, null),
	(501, 'Vintner', 2, 23, false, {10}, 0, 1, 0, 0, 4, 1, 40, false, false, false, false, false, false, null),
	(502, 'Apiarist', 2, 23, false, {8}, 0, 1, 0, 0, 4, 2, 20, false, false, false, false, false, false, null),
	(503, 'Mining Engineer', 2, 23, false, {8}, 0, 1, 0, 0, 5, 1, 15, false, false, false, false, false, false, null),
	(504, 'Town Official', 2, 23, false, {5}, 0, 1, 0, 0, 8, 1, 25, false, false, false, false, false, false, null),
	(505, 'Merchant', 2, 23, false, {7}, 0, 1, 0, 0, 6, 1, 30, false, false, false, false, false, false, null),
	(506, 'Village Wife', 2, 23, false, {8}, 0, 1, 1, 0, 2, 1, 5, false, false, false, false, false, false, 'Players who take the Village Wife lifepath may also choose their husband''s lifepath from the Villager setting. The Village Wife may choose from her husband''s skills —she gets half of his skill points (including General points), rounded down— and she gets half of her husband''s resources.'),
	(507, 'Wizard''s Apprentice', 2, 23, false, {7}, 0, 1, 0, 0, 6, 2, 10, false, false, false, false, false, false, null),
	(508, 'Hedge Wizard', 2, 23, false, {8}, 0, 1, 1, 0, 7, 2, 24, false, false, false, false, false, false, null),
	(509, 'Born Free', 2, 24, true, {8}, 0, 0, 0, 2, 2, 2, 3, false, false, false, false, false, false, null),
	(510, 'Forager', 2, 24, false, {5}, 1, 0, 0, 0, 5, 2, 5, false, false, false, false, false, false, null),
	(511, 'Hunter', 2, 24, false, {5}, 0, 1, 1, 0, 7, 1, 5, false, false, false, false, false, false, null),
	(512, 'Apprentice', 2, 24, false, {6}, 0, 0, 1, 0, 6, 1, 6, false, false, false, false, false, false, null),
	(513, 'Herder', 2, 24, false, {4}, 0, 0, 1, 0, 5, 1, 4, false, false, false, false, false, false, null),
	(514, 'Lost in the Desert', 2, 24, false, {1}, 0, 0, 0, 0, 3, 2, 2, false, false, false, false, false, false, null),
	(515, 'Strange', 2, 24, false, {4}, 0, 1, 0, 0, 3, 3, 3, false, false, false, false, false, false, null),
	(516, 'Pathfinder', 2, 24, false, {5}, 1, 0, 0, 0, 6, 1, 6, false, false, false, false, false, false, null),
	(517, 'Guide', 2, 24, false, {4}, 0, 1, 0, 0, 4, 1, 10, false, false, false, false, false, false, null),
	(518, 'Peddler', 2, 24, false, {6}, 0, 1, 0, 0, 5, 2, 12, false, false, false, false, false, false, null),
	(519, 'Herd Overseer', 2, 24, false, {9}, 0, 1, 0, 0, 6, 1, 20, false, false, false, false, false, false, null),
	(520, 'Artisan', 2, 24, false, {8}, 1, 0, 0, 0, 7, 1, 12, false, false, false, false, false, false, null),
	(521, 'Warrior', 2, 24, false, {7}, 0, 0, 1, 0, 7, 1, 6, false, false, false, false, false, false, null),
	(522, 'Performer', 2, 24, false, {4}, 0, 1, 0, 0, 6, 2, 5, false, false, false, false, false, false, null),
	(523, 'Storyteller', 2, 24, false, {5}, 0, 1, 0, 0, 5, 1, 8, false, false, false, false, false, false, null),
	(524, 'Tribal Wife', 2, 24, false, {9}, 0, 1, 1, 0, 2, 2, 4, false, false, false, false, false, false, null),
	(525, 'Healer', 2, 24, false, {8}, 0, 1, 0, 0, 5, 2, 9, false, false, false, false, false, false, null),
	(526, 'Trader', 2, 24, false, {8}, 0, 1, 0, 0, 6, 2, 25, false, false, false, false, false, false, null),
	(527, 'Raider', 2, 24, false, {6}, 0, 0, 1, 0, 5, 2, 9, false, false, false, false, false, false, null),
	(528, 'Veteran', 2, 24, false, {10}, 1, 0, 0, 0, 5, 2, 14, false, false, false, false, false, false, null),
	(529, 'Shaman', 2, 24, false, {8}, 0, 1, 0, 0, 6, 2, 9, false, false, false, false, false, false, null),
	(530, 'Patriarch/Matriarch', 2, 24, false, {15}, 0, 1, 0, 0, 8, 2, 18, false, false, false, false, false, false, null),
	(531, 'Warleader', 2, 24, false, {7}, 0, 1, 1, 0, 8, 2, 15, false, false, false, false, false, false, null),
	(532, 'Headman', 2, 24, false, {10}, 1, 0, 0, 2, 4, 1, 20, false, false, false, false, false, false, null),
	(533, 'Elder', 2, 24, false, {15}, 0, 1, 0, 0, 6, 2, 10, false, false, false, false, false, false, null),
	(534, 'Wanderer', 2, 24, false, {4}, 1, 0, 0, 0, 6, 2, 3, false, false, false, false, false, false, null),
	(535, 'Bandit', 2, 24, false, {4}, 0, 0, 1, 0, 6, 1, 8, false, false, false, false, false, false, null),
	(536, 'Bandit King', 2, 24, false, {6}, 1, 0, 0, 0, 7, 2, 15, false, false, false, false, false, false, null),
	(537, 'Monster Hunter', 2, 24, false, {4}, 1, 0, 0, 0, 7, 2, 6, false, false, false, false, false, false, null),
	(538, 'Bandit Hunter', 2, 24, false, {4}, 0, 0, 1, 0, 7, 2, 8, false, false, false, false, false, false, null),
	(539, 'Scavenger', 2, 24, false, {4}, 0, 1, 0, 0, 6, 2, 3, false, false, false, false, false, false, null),
	(540, 'Ruin Explorer', 2, 24, false, {5}, 0, 1, 0, 0, 8, 3, 15, false, false, false, false, false, false, null),
	(541, 'Caravaneer', 2, 25, false, {4}, 0, 0, 0, 0, 5, 2, 5, false, false, false, false, false, false, null),
	(542, 'Caravan Guard', 2, 25, false, {5}, 0, 0, 1, 0, 6, 1, 6, false, false, false, false, false, false, null),
	(543, 'Caravan Outrider', 2, 25, false, {5}, 0, 0, 1, 0, 8, 1, 7, false, false, false, false, false, false, null),
	(544, 'Caravan Master', 2, 25, false, {5}, 0, 1, 0, 0, 7, 2, 20, false, false, false, false, false, false, null),
	(545, 'Camp Follower', 2, 25, false, {5}, 0, 1, 0, 0, 5, 2, 4, false, false, false, false, false, false, null),
	(546, 'Goblin', 3, 26, false, {3}, 0, 0, 1, 0, 2, 2, 2, false, false, false, false, false, false, null),
	(547, 'Sun Blotter', 3, 26, false, {3}, 0, 0, 1, 0, 2, 1, 3, false, false, false, false, false, false, null),
	(548, 'Nightseeker', 3, 26, false, {4}, 0, 1, 1, 0, 5, 1, 4, false, false, false, false, false, false, null),
	(549, 'Legioner', 3, 26, false, {4}, 0, 0, 1, 0, 4, 1, 5, false, false, false, false, false, false, null),
	(550, 'Hatred Bearer', 3, 26, false, {1}, 0, 1, 1, 0, 3, 1, 15, false, false, false, false, false, false, null),
	(551, 'Despair Shouter', 3, 26, false, {3}, 0, 0, 1, 0, 3, 2, 10, false, false, false, false, false, false, null),
	(552, 'Black Hunter', 3, 26, false, {5}, 0, 0, 1, 0, 5, 1, 5, false, false, false, false, false, false, null),
	(553, 'Astride the Beast', 3, 26, false, {5}, 0, 0, 1, 0, 9, 1, 6, false, false, false, false, false, false, null),
	(554, 'Bears the Lash', 3, 26, false, {6}, 0, 1, 0, 0, 6, 1, 9, false, false, false, false, false, false, null),
	(555, 'Packmaster', 3, 26, false, {7}, 1, 0, 0, 0, 5, 1, 10, false, false, false, false, false, false, null),
	(556, 'Head Taker', 3, 26, false, {6}, 0, 1, 1, 0, 5, 2, 15, false, false, false, false, false, false, null),
	(557, 'Troll Lord', 3, 26, false, {5}, 0, 1, 1, 0, 6, 2, 20, false, false, false, false, false, false, null),
	(558, 'Born Chattel', 3, 27, true, {10}, 0, 0, 1, 2, 0, 1, 5, false, false, false, false, false, false, null),
	(559, 'Cattle Slave', 3, 27, false, {5}, 0, 0, 1, 0, 2, 2, 3, false, false, false, false, false, false, null),
	(560, 'Scavenger', 3, 27, false, {3}, 0, 0, 1, 0, 3, 2, 6, false, false, false, false, false, false, null),
	(561, 'Forge Slave', 3, 27, false, {5}, 0, 0, 1, 0, 2, 2, 3, false, false, false, false, false, false, null),
	(562, 'Hauler', 3, 27, false, {5}, 0, 0, 1, 0, 2, 2, 3, false, false, false, false, false, false, null),
	(563, 'Cutter Slave', 3, 27, false, {5}, 0, 0, 1, 0, 2, 2, 3, false, false, false, false, false, false, null),
	(564, 'Tunneler', 3, 27, false, {4}, 0, 0, 1, 0, 2, 2, 3, false, false, false, false, false, false, null),
	(565, 'Ravager', 3, 27, false, {3}, 0, 0, 1, 0, 4, 2, 4, false, false, false, false, false, false, null),
	(566, 'Woodcutter', 3, 27, false, {7}, 0, 1, 0, 0, 4, 1, 9, false, false, false, false, false, false, null),
	(567, 'Butcher', 3, 27, false, {7}, 0, 1, 0, 0, 4, 1, 9, false, false, false, false, false, false, null),
	(568, 'Forger', 3, 27, false, {7}, 0, 1, 0, 0, 5, 2, 9, false, false, false, false, false, false, null),
	(569, 'Pitwright', 3, 27, false, {8}, 0, 1, 0, 0, 4, 1, 10, false, false, false, false, false, false, null),
	(570, 'Edge Grinder', 3, 27, false, {10}, 1, 0, 0, 0, 6, 2, 15, false, false, false, false, false, false, null),
	(571, 'Whipmaster', 3, 27, false, {9}, 0, 1, 0, 0, 4, 1, 15, false, false, false, false, false, false, null),
	(572, 'Born Great', 3, 28, true, {10}, 0, 0, 0, 3, 0, 2, 5, false, false, false, false, false, false, null),
	(573, 'The Rites', 3, 28, false, {3}, 0, 1, 1, 0, 5, 2, 3, false, false, false, false, false, false, null),
	(574, 'Servant of the Gate', 3, 28, false, {4}, 0, 0, 1, 0, 2, 1, 7, false, false, false, false, false, false, null),
	(575, 'Follower', 3, 28, false, {5}, 0, 1, 1, 0, 8, 1, 9, false, false, false, false, false, false, null),
	(576, 'Black Destroyer', 3, 28, false, {6}, 0, 1, 1, 0, 7, 2, 12, false, false, false, false, false, false, null),
	(577, 'Named', 3, 28, false, {8}, 0, 1, 1, 0, 5, 2, 25, false, false, false, false, false, false, null),
	(578, 'Siege Master', 3, 28, false, {10}, 0, 1, 0, 0, 5, 1, 30, false, false, false, false, false, false, null),
	(579, 'Gate Forger', 3, 28, false, {10}, 0, 1, 0, 0, 5, 1, 30, false, false, false, false, false, false, null),
	(580, 'Whisperer', 3, 28, false, {9}, 0, 1, 0, 0, 5, 2, 40, false, false, false, false, false, false, null),
	(581, 'Great One', 3, 28, false, {20}, 0, 2, 2, 1, 5, 2, 60, false, false, false, false, false, false, null),
	(582, 'Slave to the Dark', 3, 29, false, {6}, 0, 0, 0, 0, 2, 2, 3, false, false, false, false, false, false, null),
	(583, 'Drinker of the Dark', 3, 29, false, {5}, 0, 1, 1, 0, 3, 3, 6, false, false, false, false, false, false, null),
	(584, 'Bloodletter', 3, 29, false, {5}, 0, 1, 1, 0, 5, 1, 6, false, false, false, false, false, false, null),
	(585, 'Knower of Secrets', 3, 29, false, {6}, 1, 0, 0, 0, 4, 1, 7, false, false, false, false, false, false, null),
	(586, 'Master of Eight', 3, 29, false, {8}, 1, 0, 0, 0, 7, 2, 8, false, false, false, false, false, false, null),
	(587, 'Master of Blood', 3, 29, false, {7}, 1, 0, 0, 0, 4, 2, 8, false, false, false, false, false, false, null),
	(588, 'Master of Darkness', 3, 29, false, {7}, 1, 0, 0, 0, 3, 1, 8, false, false, false, false, false, false, null),
	(589, 'Dark Summoner', 3, 29, false, {7}, 1, 0, 0, 1, 3, 1, 12, false, false, false, false, false, false, null),
	(590, 'Blood Summoner', 3, 29, false, {10}, 1, 0, 0, 1, 3, 1, 12, false, false, false, false, false, false, null),
	(591, 'Servant', 3, 29, false, {50}, 0, 1, 0, 2, 2, 1, 30, false, false, false, false, false, false, null),
	(592, 'Master of the Weak', 3, 29, false, {7}, 1, 0, 0, 0, 5, 1, 8, false, false, false, false, false, false, null),
	(593, 'Born Below', 4, 30, true, {6}, 0, 0, 0, 3, 0, 2, 0, false, false, false, false, false, false, null),
	(594, 'Pinky', 4, 30, false, {2}, 0, -1, 0, 0, 3, 2, 2, false, false, false, false, false, false, null),
	(595, 'Scavenger', 4, 30, false, {4}, 0, 0, 0, 0, 5, 1, 3, false, false, false, false, false, false, null),
	(596, 'Scratcher', 4, 30, false, {6}, 0, 0, 1, 0, 4, 1, 4, false, false, false, false, false, false, null),
	(597, 'Snitch', 4, 30, false, {4}, 0, 0, 0, 0, 4, 1, 3, false, false, false, false, false, false, null),
	(598, 'The Gauntlet', 4, 30, false, {1}, 0, 0, 1, 0, 1, 5, 4, false, false, false, false, false, false, null),
	(599, 'Apprentice', 4, 30, false, {6}, 0, 0, 1, 0, 3, 1, 5, false, false, false, false, false, false, null),
	(600, 'Kidnapper', 4, 30, false, {7}, 0, 1, 0, 0, 7, 1, 10, false, false, false, false, false, false, null),
	(601, 'Fingers', 4, 30, false, {6}, 0, 0, 1, 0, 4, 1, 5, false, false, false, false, false, false, null),
	(602, 'Sneak Thief', 4, 30, false, {7}, 0, 0, 0, 0, 5, 1, 6, false, false, false, false, false, false, null),
	(603, 'Bladesmith', 4, 30, false, {8}, 1, 0, 0, 0, 7, 1, 20, false, false, false, false, false, false, null),
	(604, 'Burglar', 4, 30, false, {8}, 1, 0, 0, 0, 7, 1, 10, false, false, false, false, false, false, null),
	(605, 'Bruiser', 4, 30, false, {6}, 0, 0, 1, 0, 7, 1, 8, false, false, false, false, false, false, null),
	(606, 'Fence', 4, 30, false, {7}, 0, 1, 0, 0, 7, 1, 20, false, false, false, false, false, false, null),
	(607, 'Sawbones', 4, 30, false, {8}, 0, 0, 0, 0, 5, 1, 15, false, false, false, false, false, false, null),
	(608, 'Negotiator', 4, 30, false, {8}, 0, 1, 0, 0, 6, 1, 15, false, false, false, false, false, false, null),
	(609, 'The Brain', 4, 30, false, {9}, 0, 1, 0, 0, 13, 2, 13, false, false, false, false, false, false, null),
	(610, 'Mastermind', 4, 30, false, {10}, 0, 1, 1, 0, 11, 3, 30, false, false, false, false, false, false, null),
	(611, 'The Pope', 4, 30, false, {11}, 0, 1, 1, 0, 9, 1, 75, false, false, false, false, false, false, null),
	(612, 'Carnivore', 4, 31, false, {4}, 0, 0, 1, 0, 5, 1, 5, false, false, false, false, false, false, null),
	(613, 'Serub', 4, 31, false, {3}, 0, -1, -1, 0, 5, 3, 3, false, false, false, false, false, false, null),
	(614, 'Hermit', 4, 31, false, {10}, 0, 0, 0, 0, 8, 3, 2, false, false, false, false, false, false, null),
	(615, 'Bushwhacker', 4, 31, false, {5}, 0, 0, 1, 0, 4, 1, 5, false, false, false, false, false, false, null),
	(616, 'Corsair', 4, 31, false, {7}, 1, 0, 0, 0, 8, 1, 15, false, false, false, false, false, false, null),
	(617, 'Bandit King', 4, 31, false, {7}, 1, 0, 0, 0, 6, 2, 15, false, false, false, false, false, false, null),
	(618, 'Albino', 4, 31, false, {10}, 0, 1, 0, 0, 7, 2, 25, false, false, false, false, false, false, null),
	(619, 'Born to the Fields', 4, 32, true, {6}, 0, 0, 0, 3, 0, 2, 0, false, false, false, false, false, false, null),
	(620, 'Hand', 4, 32, false, {3}, 0, 0, 1, 0, 4, 1, 3, false, false, false, false, false, false, null),
	(621, 'Woodsen', 4, 32, false, {6}, 0, 0, 1, 0, 4, 1, 6, false, false, false, false, false, false, null),
	(622, 'Apprentice', 4, 32, false, {4}, 0, 0, 1, 0, 3, 1, 9, false, false, false, false, false, false, null),
	(623, 'Gatherer', 4, 32, false, {8}, 0, 0, 0, 0, 3, 1, 10, false, false, false, false, false, false, null),
	(624, 'Farmer', 4, 32, false, {8}, 0, 0, 1, 0, 3, 1, 10, false, false, false, false, false, false, null),
	(625, 'Beekeeper', 4, 32, false, {7}, 0, 0, 0, 0, 5, 1, 9, false, false, false, false, false, false, null),
	(626, 'Miller', 4, 32, false, {9}, 1, 0, 0, 0, 5, 1, 15, false, false, false, false, false, false, null),
	(627, 'Meadmaker', 4, 32, false, {9}, 0, 0, 0, 0, 5, 1, 14, false, false, false, false, false, false, null),
	(628, 'Baker', 4, 32, false, {7}, 0, 0, 0, 0, 4, 1, 12, false, false, false, false, false, false, null),
	(629, 'Weaver', 4, 32, false, {8}, 0, 0, 0, 0, 6, 1, 15, false, false, false, false, false, false, null),
	(630, 'Crafter', 4, 32, false, {10}, 1, 0, 0, 0, 5, 1, 20, false, false, false, false, false, false, null),
	(631, 'Healer', 4, 32, false, {8}, 0, 1, 0, 0, 6, 1, 10, false, false, false, false, false, false, null),
	(632, 'Trader', 4, 32, false, {8}, 0, 0, 0, 0, 6, 1, 16, false, false, false, false, false, false, null),
	(633, 'Deputy', 4, 32, false, {4}, 0, 0, 1, 0, 6, 1, 6, false, false, false, false, false, false, null),
	(634, 'Sheriff', 4, 32, false, {8}, 1, 0, 0, 0, 6, 1, 8, false, false, false, false, false, false, null),
	(635, 'Mayor', 4, 32, false, {10}, 0, 0, 0, 0, 7, 1, 20, false, false, false, false, false, false, null),
	(636, 'Brother/Sister', 4, 32, false, {5}, 0, 1, 0, 0, 6, 2, 14, false, false, false, false, false, false, null),
	(637, 'Missionary', 4, 32, false, {5}, 0, 1, 1, 0, 5, 2, 5, false, false, false, false, false, false, null),
	(638, 'Father/Mother', 4, 32, false, {7}, 0, 1, 0, 0, 6, 2, 15, false, false, false, false, false, false, null),
	(639, 'Abbot/Abbess', 4, 32, false, {10}, 0, 1, 0, 0, 5, 1, 30, false, false, false, false, false, false, null),
	(640, 'Initiate', 4, 33, false, {3}, 0, 0, 0, 0, 3, 2, 2, false, false, false, false, false, false, null),
	(641, 'Cultist', 4, 33, false, {4}, 0, 1, 0, 0, 5, 1, 4, false, false, false, false, false, false, null),
	(642, 'Shadow', 4, 33, false, {6}, 0, 0, 1, 0, 6, 1, 6, false, false, false, false, false, false, null),
	(643, 'Arsonist', 4, 33, false, {6}, 0, 0, 0, 0, 6, 1, 6, false, false, false, false, false, false, null),
	(644, 'Murderer', 4, 33, false, {6}, 0, 0, 1, 0, 5, 1, 7, false, false, false, false, false, false, null),
	(645, 'Willard', 4, 33, false, {5}, 0, 0, 0, 0, 4, 2, 5, false, false, false, false, false, false, null),
	(646, 'Perverter', 4, 33, false, {8}, 0, 1, 0, 0, 6, 1, 10, false, false, false, false, false, false, null),
	(647, 'Poisoner', 4, 33, false, {6}, 0, 0, 0, 0, 5, 1, 7, false, false, false, false, false, false, null),
	(648, 'Guardian', 4, 33, false, {6}, 0, 0, 1, 0, 8, 2, 9, false, false, false, false, false, false, null),
	(649, 'Preacher', 4, 33, false, {8}, 0, 1, 0, 0, 6, 2, 15, false, false, false, false, false, false, null),
	(650, 'Visionary', 4, 33, false, {10}, 0, 1, 0, 0, 11, 4, 30, false, false, false, false, false, false, null),
	(651, 'Born to Dark Caves', 5, 34, true, {5}, 0, 0, 0, 2, 0, 2, 2, false, false, false, false, false, false, null),
	(652, 'Dweller', 5, 34, false, {4}, 0, 0, 1, 0, 2, 2, 1, false, false, false, false, false, false, null),
	(653, 'Mine Haunt', 5, 34, false, {12}, 1, 0, 0, 0, 2, 1, 1, false, false, false, false, false, false, null),
	(654, 'Dwarf Hunter', 5, 34, false, {6}, 0, 1, 1, 0, 3, 1, 3, false, false, false, false, false, false, null),
	(655, 'Dread Stone', 5, 34, false, {30}, 0, 0, 2, 0, 3, 3, 4, false, false, false, false, false, false, null),
	(656, 'Born to the Pit', 5, 35, true, {4}, 0, 0, 0, 1, 0, 2, 1, false, false, false, false, false, false, null),
	(657, 'Tortured', 5, 35, false, {3}, 0, 0, 0, 0, 1, 3, 0, false, false, false, false, false, false, null),
	(658, 'Ox', 5, 35, false, {9}, 0, 0, 1, 0, 2, 1, 1, false, false, false, false, false, false, null),
	(659, 'Battering Ram', 5, 35, false, {6}, 0, 0, 1, 0, 2, 1, 1, false, false, false, false, false, false, null),
	(660, 'Mattock', 5, 35, false, {7}, 0, 0, 1, 0, 3, 1, 7, false, false, false, false, false, false, null),
	(661, 'Ironshield', 5, 35, false, {8}, 1, 0, 0, 0, 3, 1, 6, false, false, false, false, false, false, null),
	(662, 'Bellower', 5, 35, false, {16}, 0, 1, 1, 0, 3, 1, 4, false, false, false, false, false, false, null),
	(663, 'Warlord', 5, 35, false, {56}, 0, 1, 1, 1, 3, 2, 10, false, false, false, false, false, false, null),
	(664, 'Born Wild', 5, 36, true, {5}, 0, 0, 0, 2, 0, 1, 2, false, false, false, false, false, false, null),
	(665, 'Bogey', 5, 36, false, {7}, 0, 0, 1, 0, 3, 2, 1, false, false, false, false, false, false, null),
	(666, 'Bridgehaunt', 5, 36, false, {10}, 0, 0, 1, 0, 2, 1, 2, false, false, false, false, false, false, null),
	(667, 'Manhunter', 5, 36, false, {7}, 1, 0, 0, 0, 2, 1, 2, false, false, false, false, false, false, null),
	(668, 'Forlorn', 5, 36, false, {13}, 0, 1, 0, 1, 0, 2, 1, false, false, false, false, false, false, null),
	(669, 'Brute', 5, 36, false, {15}, 0, 0, 2, 0, 2, 1, 2, false, false, false, false, false, false, null),
	(670, 'Brood Mother', 5, 36, false, {33}, 0, 1, 1, 0, 3, 2, 10, false, false, false, false, false, false, null),
	(671, 'Bull', 5, 36, false, {45}, 0, 1, 1, 0, 3, 2, 5, false, false, false, false, false, false, null),
	(672, 'Captive', 6, 37, false, {0}, 0, 0, 0, 0, 3, 3, 1, false, false, false, false, false, false, null),
	(673, 'Wandering Lost', 6, 38, false, {0}, 0, 1, 0, 0, 2, 1, 0, false, false, false, false, false, false, null),
	(674, 'Dire Haunt', 6, 38, false, {1}, 0, 1, 1, 0, 3, 2, 10, false, false, false, false, false, false, null),
	(675, 'Ancient Journeyer', 6, 38, false, {0}, 0, 1, 0, 0, 2, 1, 0, false, false, false, false, false, false, null),
	(676, 'Fell Ancient', 6, 38, false, {2}, 0, 1, 1, 0, 3, 2, 15, false, false, false, false, false, false, null),
	(677, 'Ghost of the Wood', 6, 38, false, {2}, 0, 2, 0, 1, 6, 3, 10, false, false, false, false, false, false, null),
	(678, 'Lone Wolf', 6, 39, false, {1}, 0, 1, 0, 0, 4, 1, 1, false, false, false, false, false, false, null),
	(679, 'Scavenger', 6, 39, false, {1}, 0, 0, 0, 0, 3, 1, 2, false, false, false, false, false, false, null),
	(680, 'Born to the Legion', 6, 40, true, {1}, 0, 0, 0, 2, 2, 1, 0, false, false, false, false, false, false, null),
	(681, 'Caged and Beaten', 6, 40, false, {0}, 0, 0, 0, 0, 3, 2, 1, false, false, false, false, false, false, null),
	(682, 'Shadow Chaser', 6, 40, false, {1}, 0, 0, 1, 0, 8, 1, 2, false, false, false, false, false, false, null),
	(683, 'Wayward', 6, 40, false, {0}, 0, 1, 0, 0, 6, 1, 2, false, false, false, false, false, false, null),
	(684, 'Bitch', 6, 40, false, {1}, 0, 0, 0, 0, 5, 1, 4, false, false, false, false, false, false, null),
	(685, 'Howling Beast', 6, 40, false, {1}, 0, 0, 1, 0, 7, 1, 1, false, false, false, false, false, false, null),
	(686, 'Black Destroyer', 6, 40, false, {2}, 0, 1, 1, 0, 4, 2, 2, false, false, false, false, false, false, null),
	(687, 'Ebon Tyrant', 6, 40, false, {2}, 0, 1, 1, 0, 5, 1, 5, false, false, false, false, false, false, null),
	(688, 'Dark Friend', 6, 40, false, {3}, 0, 1, 0, 1, 5, 1, 3, false, false, false, false, false, false, null),
	(689, 'Spirit Chaser', 6, 41, false, {1}, 0, 0, 1, 0, 5, 1, 1, false, false, false, false, false, false, null),
	(690, 'Spirit Howler', 6, 41, false, {1}, 0, 0, 0, 0, 3, 1, 2, false, false, false, false, false, false, null),
	(691, 'Spirit Hunter', 6, 41, false, {2}, 0, 1, 1, 0, 3, 1, 3, false, false, false, false, false, false, null),
	(692, 'Born to the Pack', 6, 42, true, {1}, 0, 0, 0, 2, 2, 2, 0, false, false, false, false, false, false, null),
	(693, 'Yearling', 6, 42, false, {1}, 0, 0, 1, 0, 8, 1, 1, false, false, false, false, false, false, null),
	(694, 'Hunter', 6, 42, false, {1}, 0, 0, 1, 0, 7, 1, 2, false, false, false, false, false, false, null),
	(695, 'Dominant', 6, 42, false, {1}, 0, 1, 1, 0, 5, 1, 3, false, false, false, false, false, false, 'Dominant wolves are the pack leaders. Female Dominants of three years or older may take the Nursing skill. Males may not take this skill at all.'),
	(696, 'Aunt', 6, 42, false, {0}, 1, 0, 0, 0, 4, 1, 2, false, false, false, false, false, false, null),
	(697, 'Uncle', 6, 42, false, {0}, 1, 0, 0, 0, 4, 1, 2, false, false, false, false, false, false, null),
	(698, 'Elder', 6, 42, false, {2}, 0, 1, 0, 1, 7, 1, 1, false, false, false, false, false, false, null),
	(699, 'Last Wolf', 6, 42, false, {0}, 0, 1, 0, 0, 2, 2, 1, false, false, false, false, false, false, null);

INSERT INTO dat."RulesetLifepaths"
	("LifepathId", "RulesetId")
VALUES
	(0, 'bwgr'),
	(0, 'bs'),
	(1, 'bwgr'),
	(1, 'bs'),
	(2, 'bwgr'),
	(2, 'bs'),
	(3, 'bwgr'),
	(3, 'bs'),
	(4, 'bwgr'),
	(4, 'bs'),
	(5, 'bwgr'),
	(5, 'bs'),
	(6, 'bwgr'),
	(6, 'bs'),
	(7, 'bwgr'),
	(7, 'bs'),
	(8, 'bs'),
	(9, 'bwgr'),
	(9, 'bs'),
	(10, 'bwgr'),
	(10, 'bs'),
	(11, 'bwgr'),
	(11, 'bs'),
	(12, 'bwgr'),
	(12, 'bs'),
	(13, 'bwgr'),
	(13, 'bs'),
	(14, 'bwgr'),
	(14, 'bs'),
	(15, 'bwgr'),
	(15, 'bs'),
	(16, 'bwgr'),
	(16, 'bs'),
	(17, 'bwgr'),
	(17, 'bs'),
	(18, 'bwgr'),
	(18, 'bs'),
	(19, 'bwgr'),
	(19, 'bs'),
	(20, 'bwgr'),
	(20, 'bs'),
	(21, 'bwgr'),
	(21, 'bs'),
	(22, 'bwgr'),
	(22, 'bs'),
	(23, 'bwgr'),
	(23, 'bs'),
	(24, 'bwgr'),
	(24, 'bs'),
	(25, 'bwgr'),
	(25, 'bs'),
	(26, 'bwgr'),
	(26, 'bs'),
	(27, 'bwgr'),
	(27, 'bs'),
	(28, 'bs'),
	(29, 'bs'),
	(30, 'bs'),
	(31, 'bwgr'),
	(31, 'bs'),
	(32, 'bwgr'),
	(32, 'bs'),
	(33, 'bwgr'),
	(33, 'bs'),
	(34, 'bwgr'),
	(34, 'bs'),
	(35, 'bwgr'),
	(35, 'bs'),
	(36, 'bwgr'),
	(36, 'bs'),
	(37, 'bwgr'),
	(37, 'bs'),
	(38, 'bwgr'),
	(38, 'bs'),
	(39, 'bwgr'),
	(39, 'bs'),
	(40, 'bwgr'),
	(40, 'bs'),
	(41, 'bwgr'),
	(41, 'bs'),
	(42, 'bwgr'),
	(42, 'bs'),
	(43, 'bs'),
	(44, 'bs'),
	(45, 'bwgr'),
	(46, 'bwgr'),
	(47, 'bwgr'),
	(48, 'bwgr'),
	(49, 'bwgr'),
	(50, 'bwgr'),
	(51, 'bwgr'),
	(52, 'bwgr'),
	(53, 'bwgr'),
	(54, 'bwgr'),
	(54, 'bs'),
	(55, 'bwgr'),
	(55, 'bs'),
	(56, 'bwgr'),
	(56, 'bs'),
	(57, 'bwgr'),
	(57, 'bs'),
	(58, 'bwgr'),
	(58, 'bs'),
	(59, 'bwgr'),
	(59, 'bs'),
	(60, 'bs'),
	(61, 'bs'),
	(62, 'bs'),
	(63, 'bs'),
	(64, 'bs'),
	(65, 'bs'),
	(66, 'bs'),
	(67, 'bs'),
	(68, 'bs'),
	(69, 'bwgr'),
	(70, 'bwgr'),
	(71, 'bwgr'),
	(72, 'bwgr'),
	(73, 'bwgr'),
	(74, 'bwgr'),
	(75, 'bwgr'),
	(76, 'bwgr'),
	(77, 'bwgr'),
	(78, 'bwgr'),
	(79, 'bwgr'),
	(80, 'bwgr'),
	(81, 'bwgr'),
	(82, 'bwgr'),
	(83, 'bwgr'),
	(84, 'bwgr'),
	(85, 'bwgr'),
	(86, 'bwgr'),
	(87, 'bwgr'),
	(88, 'bwgr'),
	(89, 'bwgr'),
	(90, 'bwgr'),
	(91, 'bwgr'),
	(92, 'bwgr'),
	(93, 'bwgr'),
	(94, 'bwgr'),
	(95, 'bwgr'),
	(96, 'bwgr'),
	(97, 'bwgr'),
	(98, 'bwgr'),
	(99, 'bwgr'),
	(100, 'bwgr'),
	(101, 'bwgr'),
	(102, 'bwgr'),
	(103, 'bwgr'),
	(104, 'bwgr'),
	(105, 'bwgr'),
	(106, 'bwgr'),
	(107, 'bwgr'),
	(108, 'bwgr'),
	(109, 'bwgr'),
	(110, 'bwgr'),
	(111, 'bwgr'),
	(112, 'bwgr'),
	(113, 'bwgr'),
	(114, 'bwgr'),
	(115, 'bwgr'),
	(116, 'bwgr'),
	(117, 'bwgr'),
	(118, 'bwgr'),
	(119, 'bwgr'),
	(120, 'bwgr'),
	(121, 'bwgr'),
	(122, 'bwgr'),
	(123, 'bwgr'),
	(124, 'bwgr'),
	(125, 'bwgr'),
	(126, 'bwgr'),
	(127, 'bwc'),
	(128, 'bwc'),
	(129, 'bwc'),
	(130, 'bwc'),
	(131, 'bwc'),
	(132, 'bwc'),
	(133, 'bwc'),
	(134, 'bwc'),
	(135, 'bwc'),
	(136, 'bwc'),
	(137, 'bwgr'),
	(137, 'bs'),
	(138, 'bwc'),
	(139, 'bwgr'),
	(139, 'bs'),
	(140, 'bwgr'),
	(140, 'bs'),
	(141, 'bwgr'),
	(141, 'bs'),
	(142, 'bwgr'),
	(142, 'bs'),
	(143, 'bwgr'),
	(143, 'bs'),
	(144, 'bwgr'),
	(144, 'bs'),
	(145, 'bwgr'),
	(145, 'bs'),
	(146, 'bwgr'),
	(146, 'bs'),
	(147, 'bwgr'),
	(147, 'bs'),
	(148, 'bwgr'),
	(148, 'bs'),
	(149, 'bwgr'),
	(149, 'bs'),
	(150, 'bwgr'),
	(150, 'bs'),
	(151, 'bwgr'),
	(151, 'bs'),
	(152, 'bwgr'),
	(152, 'bs'),
	(153, 'bwgr'),
	(154, 'bwgr'),
	(154, 'bs'),
	(155, 'bwgr'),
	(155, 'bs'),
	(156, 'bwgr'),
	(156, 'bs'),
	(157, 'bwgr'),
	(158, 'bwgr'),
	(159, 'bwgr'),
	(159, 'bs'),
	(160, 'bwgr'),
	(160, 'bs'),
	(161, 'bwgr'),
	(161, 'bs'),
	(162, 'bwgr'),
	(162, 'bs'),
	(163, 'bwgr'),
	(163, 'bs'),
	(164, 'bwgr'),
	(164, 'bs'),
	(165, 'bwgr'),
	(165, 'bs'),
	(166, 'bwgr'),
	(166, 'bs'),
	(167, 'bwgr'),
	(167, 'bs'),
	(168, 'bwgr'),
	(168, 'bs'),
	(169, 'bwgr'),
	(169, 'bs'),
	(170, 'bwgr'),
	(170, 'bs'),
	(171, 'bwgr'),
	(171, 'bs'),
	(172, 'bwgr'),
	(172, 'bs'),
	(173, 'bwgr'),
	(174, 'bwgr'),
	(174, 'bs'),
	(175, 'bwgr'),
	(176, 'bwgr'),
	(176, 'bs'),
	(177, 'bwgr'),
	(177, 'bs'),
	(178, 'bwgr'),
	(178, 'bs'),
	(179, 'bwgr'),
	(180, 'bwgr'),
	(180, 'bs'),
	(181, 'bwgr'),
	(181, 'bs'),
	(182, 'bwgr'),
	(182, 'bs'),
	(183, 'bwgr'),
	(183, 'bs'),
	(184, 'bwgr'),
	(184, 'bs'),
	(185, 'bwgr'),
	(185, 'bs'),
	(186, 'bwgr'),
	(186, 'bs'),
	(187, 'bwgr'),
	(187, 'bs'),
	(188, 'bwgr'),
	(188, 'bs'),
	(189, 'bwgr'),
	(189, 'bs'),
	(190, 'bwgr'),
	(190, 'bs'),
	(191, 'bwgr'),
	(191, 'bs'),
	(192, 'bwgr'),
	(192, 'bs'),
	(193, 'bwgr'),
	(193, 'bs'),
	(194, 'bwgr'),
	(195, 'bwgr'),
	(196, 'bwgr'),
	(197, 'bwgr'),
	(198, 'bwgr'),
	(199, 'bwgr'),
	(200, 'bwgr'),
	(200, 'bs'),
	(201, 'bwgr'),
	(201, 'bs'),
	(202, 'bwgr'),
	(202, 'bs'),
	(203, 'bwgr'),
	(203, 'bs'),
	(204, 'bwgr'),
	(204, 'bs'),
	(205, 'bwgr'),
	(206, 'bwgr'),
	(207, 'bwgr'),
	(207, 'bs'),
	(208, 'bwc'),
	(209, 'bwc'),
	(210, 'bwc'),
	(211, 'bwc'),
	(212, 'bwc'),
	(213, 'bwc'),
	(214, 'bwc'),
	(215, 'bwc'),
	(216, 'bwc'),
	(217, 'bwc'),
	(218, 'bwc'),
	(219, 'bwc'),
	(220, 'bwc'),
	(221, 'bwc'),
	(222, 'bwc'),
	(223, 'bwc'),
	(224, 'bwc'),
	(225, 'bwc'),
	(226, 'bwc'),
	(227, 'bwgr'),
	(227, 'bs'),
	(228, 'bwgr'),
	(228, 'bs'),
	(229, 'bwgr'),
	(229, 'bs'),
	(230, 'bwgr'),
	(230, 'bs'),
	(231, 'bwgr'),
	(231, 'bs'),
	(232, 'bwgr'),
	(233, 'bwgr'),
	(233, 'bs'),
	(234, 'bwgr'),
	(234, 'bs'),
	(235, 'bwgr'),
	(235, 'bs'),
	(236, 'bwgr'),
	(236, 'bs'),
	(237, 'bwgr'),
	(237, 'bs'),
	(238, 'bwgr'),
	(238, 'bs'),
	(239, 'bwgr'),
	(239, 'bs'),
	(240, 'bwgr'),
	(240, 'bs'),
	(241, 'bwgr'),
	(241, 'bs'),
	(242, 'bwgr'),
	(242, 'bs'),
	(243, 'bwgr'),
	(244, 'bwgr'),
	(245, 'bwc'),
	(246, 'bwgr'),
	(246, 'bs'),
	(247, 'bwgr'),
	(247, 'bs'),
	(248, 'bwgr'),
	(248, 'bs'),
	(249, 'bwgr'),
	(249, 'bs'),
	(250, 'bwgr'),
	(250, 'bs'),
	(251, 'bwgr'),
	(251, 'bs'),
	(252, 'bwgr'),
	(252, 'bs'),
	(253, 'bwgr'),
	(253, 'bs'),
	(254, 'bwgr'),
	(254, 'bs'),
	(255, 'bwgr'),
	(255, 'bs'),
	(256, 'bwgr'),
	(256, 'bs'),
	(257, 'bwgr'),
	(257, 'bs'),
	(258, 'bwgr'),
	(258, 'bs'),
	(259, 'bwgr'),
	(259, 'bs'),
	(260, 'bwgr'),
	(260, 'bs'),
	(261, 'bwgr'),
	(261, 'bs'),
	(262, 'bwgr'),
	(262, 'bs'),
	(263, 'bwgr'),
	(263, 'bs'),
	(264, 'bwgr'),
	(264, 'bs'),
	(265, 'bwgr'),
	(265, 'bs'),
	(266, 'bwgr'),
	(266, 'bs'),
	(267, 'bwgr'),
	(267, 'bs'),
	(268, 'bwgr'),
	(268, 'bs'),
	(269, 'bwgr'),
	(269, 'bs'),
	(270, 'bwgr'),
	(270, 'bs'),
	(271, 'bwgr'),
	(271, 'bs'),
	(272, 'bwgr'),
	(272, 'bs'),
	(273, 'bwgr'),
	(273, 'bs'),
	(274, 'bwgr'),
	(274, 'bs'),
	(275, 'bwgr'),
	(275, 'bs'),
	(276, 'bwgr'),
	(277, 'bwgr'),
	(277, 'bs'),
	(278, 'bwgr'),
	(278, 'bs'),
	(279, 'bwgr'),
	(279, 'bs'),
	(280, 'bwgr'),
	(280, 'bs'),
	(281, 'bwgr'),
	(281, 'bs'),
	(282, 'bwgr'),
	(282, 'bs'),
	(283, 'bwgr'),
	(283, 'bs'),
	(284, 'bwgr'),
	(284, 'bs'),
	(285, 'bwgr'),
	(285, 'bs'),
	(286, 'bwc'),
	(287, 'bwc'),
	(288, 'bwc'),
	(289, 'bwgr'),
	(289, 'bs'),
	(290, 'bwgr'),
	(291, 'bwgr'),
	(291, 'bs'),
	(292, 'bwgr'),
	(292, 'bs'),
	(293, 'bwgr'),
	(293, 'bs'),
	(294, 'bwgr'),
	(294, 'bs'),
	(295, 'bwgr'),
	(295, 'bs'),
	(296, 'bwgr'),
	(296, 'bs'),
	(297, 'bwgr'),
	(297, 'bs'),
	(298, 'bwgr'),
	(298, 'bs'),
	(299, 'bwgr'),
	(299, 'bs'),
	(300, 'bwgr'),
	(300, 'bs'),
	(301, 'bwgr'),
	(301, 'bs'),
	(302, 'bwgr'),
	(302, 'bs'),
	(303, 'bwgr'),
	(303, 'bs'),
	(304, 'bwgr'),
	(304, 'bs'),
	(305, 'bwgr'),
	(305, 'bs'),
	(306, 'bwgr'),
	(306, 'bs'),
	(307, 'bwgr'),
	(307, 'bs'),
	(308, 'bwgr'),
	(308, 'bs'),
	(309, 'bwgr'),
	(309, 'bs'),
	(310, 'bwgr'),
	(310, 'bs'),
	(311, 'bwgr'),
	(311, 'bs'),
	(312, 'bwgr'),
	(312, 'bs'),
	(313, 'bwgr'),
	(314, 'bwgr'),
	(314, 'bs'),
	(315, 'bwgr'),
	(315, 'bs'),
	(316, 'bwgr'),
	(316, 'bs'),
	(317, 'bwgr'),
	(318, 'bwgr'),
	(318, 'bs'),
	(319, 'bwgr'),
	(319, 'bs'),
	(320, 'bwgr'),
	(320, 'bs'),
	(321, 'bwgr'),
	(321, 'bs'),
	(322, 'bwc'),
	(323, 'bwc'),
	(324, 'bs'),
	(325, 'bs'),
	(326, 'bs'),
	(327, 'bs'),
	(328, 'bs'),
	(329, 'bs'),
	(330, 'bs'),
	(331, 'bs'),
	(332, 'bs'),
	(333, 'bs'),
	(334, 'bwgr'),
	(334, 'bs'),
	(335, 'bwc'),
	(336, 'bwgr'),
	(336, 'bs'),
	(337, 'bwgr'),
	(337, 'bs'),
	(338, 'bwgr'),
	(338, 'bs'),
	(339, 'bwgr'),
	(339, 'bs'),
	(340, 'bwgr'),
	(340, 'bs'),
	(341, 'bwgr'),
	(341, 'bs'),
	(342, 'bwgr'),
	(342, 'bs'),
	(343, 'bwgr'),
	(344, 'bwgr'),
	(344, 'bs'),
	(345, 'bwgr'),
	(345, 'bs'),
	(346, 'bwgr'),
	(346, 'bs'),
	(347, 'bwgr'),
	(347, 'bs'),
	(348, 'bwgr'),
	(348, 'bs'),
	(349, 'bwgr'),
	(349, 'bs'),
	(350, 'bwgr'),
	(350, 'bs'),
	(351, 'bwgr'),
	(351, 'bs'),
	(352, 'bwgr'),
	(352, 'bs'),
	(353, 'bwgr'),
	(353, 'bs'),
	(354, 'bwc'),
	(355, 'bwc'),
	(356, 'bwgr'),
	(356, 'bs'),
	(357, 'bwgr'),
	(357, 'bs'),
	(358, 'bwgr'),
	(358, 'bs'),
	(359, 'bwgr'),
	(359, 'bs'),
	(360, 'bwgr'),
	(360, 'bs'),
	(361, 'bwgr'),
	(361, 'bs'),
	(362, 'bwgr'),
	(363, 'bwgr'),
	(363, 'bs'),
	(364, 'bwgr'),
	(364, 'bs'),
	(365, 'bwgr'),
	(365, 'bs'),
	(366, 'bwgr'),
	(366, 'bs'),
	(367, 'bwgr'),
	(367, 'bs'),
	(368, 'bwgr'),
	(368, 'bs'),
	(369, 'bwgr'),
	(369, 'bs'),
	(370, 'bwgr'),
	(370, 'bs'),
	(371, 'bwgr'),
	(371, 'bs'),
	(372, 'bwgr'),
	(372, 'bs'),
	(373, 'bwgr'),
	(373, 'bs'),
	(374, 'bwgr'),
	(375, 'bwgr'),
	(375, 'bs'),
	(376, 'bwgr'),
	(376, 'bs'),
	(377, 'bwc'),
	(378, 'bwgr'),
	(378, 'bs'),
	(379, 'bwgr'),
	(379, 'bs'),
	(380, 'bwgr'),
	(380, 'bs'),
	(381, 'bwgr'),
	(381, 'bs'),
	(382, 'bwgr'),
	(382, 'bs'),
	(383, 'bwgr'),
	(383, 'bs'),
	(384, 'bwgr'),
	(384, 'bs'),
	(385, 'bwgr'),
	(385, 'bs'),
	(386, 'bwgr'),
	(387, 'bwgr'),
	(387, 'bs'),
	(388, 'bwgr'),
	(389, 'bwgr'),
	(390, 'bwgr'),
	(391, 'bwgr'),
	(392, 'bwgr'),
	(392, 'bs'),
	(393, 'bwgr'),
	(393, 'bs'),
	(394, 'bwgr'),
	(394, 'bs'),
	(395, 'bwgr'),
	(396, 'bwgr'),
	(396, 'bs'),
	(397, 'bwgr'),
	(397, 'bs'),
	(398, 'bwgr'),
	(399, 'bs'),
	(400, 'bs'),
	(401, 'bs'),
	(402, 'bs'),
	(403, 'bs'),
	(404, 'bs'),
	(405, 'bwgr'),
	(406, 'bwc'),
	(407, 'bwgr'),
	(408, 'bwgr'),
	(409, 'bwgr'),
	(410, 'bwgr'),
	(411, 'bwgr'),
	(412, 'bwgr'),
	(413, 'bwgr'),
	(414, 'bwgr'),
	(415, 'bwgr'),
	(416, 'bwgr'),
	(417, 'bwgr'),
	(418, 'bwgr'),
	(419, 'bwgr'),
	(420, 'bwgr'),
	(421, 'bwgr'),
	(422, 'bwgr'),
	(423, 'bwgr'),
	(424, 'bwgr'),
	(425, 'bwgr'),
	(426, 'bwgr'),
	(427, 'bwgr'),
	(428, 'bwgr'),
	(429, 'bwgr'),
	(430, 'bwgr'),
	(431, 'bwgr'),
	(432, 'bwgr'),
	(433, 'bwgr'),
	(433, 'bs'),
	(434, 'bwc'),
	(435, 'bwgr'),
	(435, 'bs'),
	(436, 'bwgr'),
	(436, 'bs'),
	(437, 'bwgr'),
	(437, 'bs'),
	(438, 'bwgr'),
	(438, 'bs'),
	(439, 'bwgr'),
	(439, 'bs'),
	(440, 'bwgr'),
	(440, 'bs'),
	(441, 'bwgr'),
	(441, 'bs'),
	(442, 'bs'),
	(443, 'bs'),
	(444, 'bs'),
	(445, 'bs'),
	(446, 'bs'),
	(447, 'bs'),
	(448, 'bs'),
	(449, 'bs'),
	(450, 'bs'),
	(451, 'bs'),
	(452, 'bs'),
	(453, 'bs'),
	(454, 'bs'),
	(455, 'bs'),
	(456, 'bs'),
	(457, 'bs'),
	(458, 'bs'),
	(459, 'bs'),
	(460, 'bs'),
	(461, 'bs'),
	(462, 'bs'),
	(463, 'bs'),
	(464, 'bs'),
	(465, 'bwgr'),
	(465, 'bs'),
	(466, 'bwc'),
	(467, 'bwgr'),
	(467, 'bs'),
	(468, 'bwgr'),
	(468, 'bs'),
	(469, 'bwgr'),
	(469, 'bs'),
	(470, 'bwgr'),
	(470, 'bs'),
	(471, 'bwgr'),
	(471, 'bs'),
	(472, 'bwgr'),
	(472, 'bs'),
	(473, 'bwgr'),
	(473, 'bs'),
	(474, 'bwgr'),
	(474, 'bs'),
	(475, 'bwgr'),
	(475, 'bs'),
	(476, 'bwgr'),
	(477, 'bwgr'),
	(477, 'bs'),
	(478, 'bwgr'),
	(478, 'bs'),
	(479, 'bwgr'),
	(479, 'bs'),
	(480, 'bwgr'),
	(480, 'bs'),
	(481, 'bwgr'),
	(481, 'bs'),
	(482, 'bwgr'),
	(482, 'bs'),
	(483, 'bwgr'),
	(483, 'bs'),
	(484, 'bwgr'),
	(484, 'bs'),
	(485, 'bwgr'),
	(485, 'bs'),
	(486, 'bwgr'),
	(486, 'bs'),
	(487, 'bwgr'),
	(487, 'bs'),
	(488, 'bwgr'),
	(488, 'bs'),
	(489, 'bwgr'),
	(489, 'bs'),
	(490, 'bwgr'),
	(490, 'bs'),
	(491, 'bwgr'),
	(491, 'bs'),
	(492, 'bwgr'),
	(492, 'bs'),
	(493, 'bwgr'),
	(493, 'bs'),
	(494, 'bwgr'),
	(494, 'bs'),
	(495, 'bwgr'),
	(495, 'bs'),
	(496, 'bwgr'),
	(496, 'bs'),
	(497, 'bwgr'),
	(497, 'bs'),
	(498, 'bwgr'),
	(498, 'bs'),
	(499, 'bwgr'),
	(499, 'bs'),
	(500, 'bwgr'),
	(500, 'bs'),
	(501, 'bwgr'),
	(501, 'bs'),
	(502, 'bwgr'),
	(502, 'bs'),
	(503, 'bwgr'),
	(503, 'bs'),
	(504, 'bwgr'),
	(504, 'bs'),
	(505, 'bwgr'),
	(505, 'bs'),
	(506, 'bwgr'),
	(506, 'bs'),
	(507, 'bwc'),
	(508, 'bwc'),
	(509, 'bs'),
	(510, 'bs'),
	(511, 'bs'),
	(512, 'bs'),
	(513, 'bs'),
	(514, 'bs'),
	(515, 'bs'),
	(516, 'bs'),
	(517, 'bs'),
	(518, 'bs'),
	(519, 'bs'),
	(520, 'bs'),
	(521, 'bs'),
	(522, 'bs'),
	(523, 'bs'),
	(524, 'bs'),
	(525, 'bs'),
	(526, 'bs'),
	(527, 'bs'),
	(528, 'bs'),
	(529, 'bs'),
	(530, 'bs'),
	(531, 'bs'),
	(532, 'bs'),
	(533, 'bs'),
	(534, 'bs'),
	(535, 'bs'),
	(536, 'bs'),
	(537, 'bs'),
	(538, 'bs'),
	(539, 'bs'),
	(540, 'bs'),
	(541, 'bs'),
	(542, 'bs'),
	(543, 'bs'),
	(544, 'bs'),
	(545, 'bs'),
	(546, 'bwgr'),
	(547, 'bwgr'),
	(548, 'bwgr'),
	(549, 'bwgr'),
	(550, 'bwgr'),
	(551, 'bwgr'),
	(552, 'bwgr'),
	(553, 'bwgr'),
	(554, 'bwgr'),
	(555, 'bwgr'),
	(556, 'bwgr'),
	(557, 'bwgr'),
	(558, 'bwgr'),
	(559, 'bwgr'),
	(560, 'bwgr'),
	(561, 'bwgr'),
	(562, 'bwgr'),
	(563, 'bwgr'),
	(564, 'bwgr'),
	(565, 'bwgr'),
	(566, 'bwgr'),
	(567, 'bwgr'),
	(568, 'bwgr'),
	(569, 'bwgr'),
	(570, 'bwgr'),
	(571, 'bwgr'),
	(572, 'bwgr'),
	(573, 'bwgr'),
	(574, 'bwgr'),
	(575, 'bwgr'),
	(576, 'bwgr'),
	(577, 'bwgr'),
	(578, 'bwgr'),
	(579, 'bwgr'),
	(580, 'bwgr'),
	(581, 'bwgr'),
	(582, 'bwgr'),
	(583, 'bwgr'),
	(584, 'bwgr'),
	(585, 'bwgr'),
	(586, 'bwgr'),
	(587, 'bwgr'),
	(588, 'bwgr'),
	(589, 'bwgr'),
	(590, 'bwgr'),
	(591, 'bwgr'),
	(592, 'bwc'),
	(593, 'bwc'),
	(594, 'bwc'),
	(595, 'bwc'),
	(596, 'bwc'),
	(597, 'bwc'),
	(598, 'bwc'),
	(599, 'bwc'),
	(600, 'bwc'),
	(601, 'bwc'),
	(602, 'bwc'),
	(603, 'bwc'),
	(604, 'bwc'),
	(605, 'bwc'),
	(606, 'bwc'),
	(607, 'bwc'),
	(608, 'bwc'),
	(609, 'bwc'),
	(610, 'bwc'),
	(611, 'bwc'),
	(612, 'bwc'),
	(613, 'bwc'),
	(614, 'bwc'),
	(615, 'bwc'),
	(616, 'bwc'),
	(617, 'bwc'),
	(618, 'bwc'),
	(619, 'bwc'),
	(620, 'bwc'),
	(621, 'bwc'),
	(622, 'bwc'),
	(623, 'bwc'),
	(624, 'bwc'),
	(625, 'bwc'),
	(626, 'bwc'),
	(627, 'bwc'),
	(628, 'bwc'),
	(629, 'bwc'),
	(630, 'bwc'),
	(631, 'bwc'),
	(632, 'bwc'),
	(633, 'bwc'),
	(634, 'bwc'),
	(635, 'bwc'),
	(636, 'bwc'),
	(637, 'bwc'),
	(638, 'bwc'),
	(639, 'bwc'),
	(640, 'bwc'),
	(641, 'bwc'),
	(642, 'bwc'),
	(643, 'bwc'),
	(644, 'bwc'),
	(645, 'bwc'),
	(646, 'bwc'),
	(647, 'bwc'),
	(648, 'bwc'),
	(649, 'bwc'),
	(650, 'bwc'),
	(651, 'bwc'),
	(652, 'bwc'),
	(653, 'bwc'),
	(654, 'bwc'),
	(655, 'bwc'),
	(656, 'bwc'),
	(657, 'bwc'),
	(658, 'bwc'),
	(659, 'bwc'),
	(660, 'bwc'),
	(661, 'bwc'),
	(662, 'bwc'),
	(663, 'bwc'),
	(664, 'bwc'),
	(665, 'bwc'),
	(666, 'bwc'),
	(667, 'bwc'),
	(668, 'bwc'),
	(669, 'bwc'),
	(670, 'bwc'),
	(671, 'bwc'),
	(672, 'bwc'),
	(673, 'bwc'),
	(674, 'bwc'),
	(675, 'bwc'),
	(676, 'bwc'),
	(677, 'bwc'),
	(678, 'bwc'),
	(679, 'bwc'),
	(680, 'bwc'),
	(681, 'bwc'),
	(682, 'bwc'),
	(683, 'bwc'),
	(684, 'bwc'),
	(685, 'bwc'),
	(686, 'bwc'),
	(687, 'bwc'),
	(688, 'bwc'),
	(689, 'bwc'),
	(690, 'bwc'),
	(691, 'bwc'),
	(692, 'bwc'),
	(693, 'bwc'),
	(694, 'bwc'),
	(695, 'bwc'),
	(696, 'bwc'),
	(697, 'bwc'),
	(698, 'bwc'),
	(699, 'bwc');

INSERT INTO dat."LifepathLeads"
	("LifepathId", "SettingId")
VALUES
	(0, 1),
	(1, 1),
	(1, 4),
	(1, 3),
	(1, 2),
	(2, 1),
	(2, 3),
	(2, 5),
	(3, 5),
	(3, 3),
	(4, 5),
	(4, 3),
	(4, 4),
	(5, 5),
	(5, 3),
	(6, 5),
	(6, 3),
	(7, 5),
	(7, 3),
	(8, 2),
	(8, 5),
	(8, 6),
	(9, 2),
	(10, 2),
	(10, 3),
	(11, 2),
	(11, 3),
	(12, 2),
	(12, 5),
	(13, 3),
	(13, 2),
	(14, 2),
	(14, 3),
	(15, 2),
	(15, 3),
	(15, 5),
	(16, 2),
	(16, 3),
	(16, 0),
	(17, 2),
	(17, 3),
	(17, 5),
	(18, 3),
	(18, 2),
	(19, 1),
	(20, 1),
	(20, 3),
	(21, 1),
	(21, 3),
	(22, 1),
	(22, 3),
	(22, 5),
	(23, 1),
	(23, 5),
	(23, 3),
	(24, 1),
	(24, 0),
	(25, 1),
	(25, 0),
	(25, 3),
	(26, 1),
	(26, 0),
	(27, 1),
	(27, 5),
	(28, 0),
	(28, 5),
	(28, 3),
	(30, 5),
	(31, 1),
	(31, 5),
	(31, 2),
	(32, 1),
	(32, 5),
	(32, 2),
	(33, 1),
	(33, 5),
	(33, 2),
	(34, 1),
	(34, 5),
	(34, 2),
	(35, 2),
	(35, 5),
	(35, 4),
	(36, 2),
	(36, 5),
	(36, 4),
	(37, 2),
	(37, 5),
	(37, 4),
	(38, 2),
	(38, 5),
	(38, 4),
	(39, 2),
	(39, 5),
	(39, 4),
	(40, 0),
	(40, 5),
	(40, 4),
	(41, 0),
	(41, 4),
	(42, 5),
	(42, 4),
	(43, 6),
	(44, 5),
	(45, 2),
	(45, 0),
	(46, 2),
	(46, 0),
	(46, 5),
	(47, 2),
	(47, 0),
	(47, 5),
	(48, 3),
	(48, 5),
	(49, 2),
	(49, 0),
	(49, 3),
	(50, 2),
	(50, 3),
	(51, 5),
	(51, 3),
	(52, 3),
	(52, 5),
	(53, 3),
	(53, 5),
	(54, 1),
	(54, 2),
	(55, 1),
	(56, 1),
	(57, 1),
	(59, 1),
	(59, 2),
	(59, 0),
	(59, 4),
	(60, 1),
	(60, 6),
	(62, 3),
	(62, 6),
	(63, 2),
	(64, 3),
	(65, 5),
	(66, 3),
	(67, 1),
	(67, 5),
	(68, 3),
	(68, 5),
	(69, 8),
	(69, 11),
	(70, 8),
	(70, 10),
	(70, 11),
	(71, 10),
	(71, 11),
	(72, 11),
	(73, 8),
	(73, 11),
	(74, 8),
	(74, 11),
	(75, 8),
	(75, 11),
	(76, 8),
	(76, 10),
	(76, 11),
	(77, 8),
	(77, 10),
	(77, 11),
	(78, 8),
	(78, 11),
	(79, 7),
	(79, 10),
	(79, 11),
	(80, 7),
	(80, 11),
	(81, 7),
	(81, 11),
	(82, 7),
	(82, 10),
	(82, 11),
	(83, 7),
	(83, 10),
	(83, 11),
	(84, 7),
	(84, 11),
	(85, 7),
	(85, 9),
	(85, 11),
	(86, 7),
	(86, 11),
	(87, 7),
	(87, 10),
	(87, 11),
	(88, 7),
	(88, 11),
	(89, 7),
	(89, 10),
	(89, 11),
	(90, 7),
	(90, 10),
	(90, 11),
	(91, 7),
	(91, 10),
	(91, 11),
	(92, 7),
	(92, 10),
	(92, 9),
	(92, 11),
	(93, 7),
	(93, 10),
	(93, 11),
	(94, 7),
	(94, 10),
	(94, 9),
	(94, 11),
	(95, 7),
	(95, 11),
	(96, 7),
	(96, 10),
	(96, 11),
	(97, 7),
	(97, 10),
	(97, 11),
	(98, 7),
	(98, 10),
	(98, 9),
	(98, 11),
	(99, 7),
	(99, 10),
	(99, 11),
	(100, 7),
	(100, 11),
	(101, 7),
	(101, 10),
	(101, 11),
	(102, 7),
	(102, 10),
	(102, 11),
	(103, 7),
	(103, 9),
	(103, 11),
	(104, 7),
	(104, 10),
	(104, 9),
	(104, 11),
	(105, 7),
	(105, 8),
	(105, 11),
	(106, 7),
	(106, 8),
	(106, 11),
	(107, 7),
	(107, 8),
	(107, 10),
	(107, 11),
	(108, 7),
	(108, 8),
	(108, 10),
	(108, 11),
	(109, 7),
	(109, 8),
	(109, 10),
	(109, 11),
	(110, 8),
	(110, 10),
	(110, 11),
	(111, 8),
	(111, 10),
	(111, 11),
	(112, 8),
	(112, 10),
	(112, 11),
	(113, 8),
	(113, 7),
	(113, 11),
	(114, 8),
	(114, 7),
	(114, 11),
	(115, 8),
	(115, 7),
	(115, 11),
	(116, 7),
	(116, 11),
	(117, 8),
	(117, 7),
	(117, 11),
	(118, 8),
	(118, 7),
	(118, 11),
	(119, 7),
	(119, 8),
	(119, 9),
	(119, 11),
	(120, 8),
	(120, 7),
	(120, 11),
	(121, 7),
	(121, 8),
	(121, 9),
	(121, 11),
	(122, 7),
	(122, 8),
	(122, 9),
	(122, 11),
	(123, 7),
	(123, 8),
	(123, 9),
	(123, 11),
	(124, 7),
	(124, 8),
	(124, 11),
	(125, 7),
	(125, 8),
	(125, 11),
	(126, 7),
	(126, 8),
	(126, 9),
	(126, 11),
	(135, 29),
	(137, 22),
	(137, 16),
	(137, 15),
	(137, 17),
	(137, 13),
	(138, 17),
	(138, 16),
	(138, 20),
	(139, 23),
	(139, 19),
	(140, 17),
	(140, 22),
	(140, 23),
	(141, 17),
	(141, 22),
	(141, 23),
	(142, 23),
	(142, 19),
	(143, 19),
	(143, 17),
	(143, 22),
	(143, 18),
	(144, 20),
	(144, 22),
	(144, 23),
	(145, 18),
	(145, 23),
	(145, 19),
	(146, 19),
	(146, 17),
	(146, 22),
	(147, 17),
	(147, 16),
	(148, 17),
	(148, 23),
	(148, 22),
	(149, 17),
	(149, 22),
	(149, 19),
	(150, 17),
	(150, 23),
	(150, 19),
	(151, 17),
	(151, 19),
	(151, 23),
	(152, 23),
	(152, 22),
	(152, 18),
	(152, 17),
	(153, 19),
	(153, 21),
	(153, 18),
	(153, 22),
	(154, 18),
	(154, 23),
	(154, 21),
	(154, 22),
	(154, 16),
	(154, 20),
	(154, 19),
	(154, 17),
	(155, 17),
	(155, 22),
	(155, 16),
	(156, 23),
	(156, 16),
	(156, 17),
	(157, 23),
	(157, 18),
	(157, 17),
	(157, 22),
	(157, 13),
	(158, 18),
	(158, 17),
	(158, 22),
	(158, 20),
	(159, 17),
	(159, 18),
	(159, 16),
	(160, 17),
	(160, 18),
	(160, 16),
	(161, 17),
	(161, 18),
	(161, 16),
	(162, 17),
	(162, 18),
	(162, 16),
	(163, 23),
	(163, 17),
	(163, 19),
	(164, 23),
	(164, 18),
	(164, 17),
	(165, 22),
	(165, 18),
	(165, 17),
	(165, 19),
	(166, 23),
	(166, 18),
	(167, 23),
	(167, 18),
	(168, 23),
	(168, 18),
	(169, 23),
	(169, 18),
	(170, 16),
	(170, 18),
	(170, 23),
	(171, 16),
	(171, 18),
	(171, 23),
	(172, 23),
	(172, 17),
	(172, 19),
	(173, 23),
	(173, 18),
	(174, 23),
	(174, 18),
	(175, 23),
	(175, 17),
	(175, 16),
	(175, 13),
	(176, 23),
	(176, 18),
	(176, 17),
	(177, 23),
	(177, 18),
	(177, 17),
	(178, 23),
	(178, 17),
	(178, 19),
	(179, 19),
	(179, 21),
	(179, 17),
	(180, 19),
	(180, 17),
	(181, 19),
	(181, 17),
	(182, 19),
	(182, 17),
	(182, 16),
	(183, 23),
	(183, 18),
	(183, 19),
	(183, 21),
	(184, 23),
	(184, 19),
	(185, 23),
	(185, 18),
	(185, 19),
	(185, 21),
	(186, 19),
	(186, 16),
	(187, 23),
	(187, 19),
	(187, 16),
	(188, 19),
	(188, 16),
	(188, 17),
	(189, 16),
	(189, 17),
	(190, 18),
	(190, 23),
	(191, 18),
	(191, 23),
	(192, 17),
	(192, 16),
	(192, 19),
	(192, 23),
	(193, 17),
	(193, 16),
	(193, 23),
	(194, 17),
	(194, 16),
	(194, 23),
	(195, 16),
	(195, 19),
	(195, 18),
	(196, 17),
	(196, 22),
	(196, 20),
	(197, 16),
	(197, 15),
	(198, 23),
	(198, 18),
	(198, 16),
	(199, 23),
	(199, 17),
	(199, 16),
	(199, 13),
	(200, 18),
	(200, 23),
	(200, 21),
	(200, 22),
	(200, 16),
	(200, 20),
	(200, 19),
	(200, 17),
	(201, 16),
	(201, 23),
	(202, 23),
	(202, 16),
	(202, 17),
	(203, 19),
	(203, 16),
	(204, 23),
	(204, 16),
	(204, 19),
	(205, 16),
	(205, 20),
	(206, 18),
	(206, 23),
	(206, 15),
	(206, 21),
	(206, 22),
	(206, 16),
	(206, 20),
	(206, 19),
	(206, 17),
	(207, 20),
	(208, 17),
	(208, 16),
	(208, 20),
	(208, 14),
	(209, 18),
	(209, 19),
	(209, 22),
	(210, 16),
	(210, 12),
	(210, 17),
	(211, 16),
	(211, 12),
	(211, 17),
	(212, 20),
	(212, 17),
	(212, 12),
	(213, 16),
	(213, 12),
	(213, 17),
	(213, 21),
	(214, 16),
	(214, 12),
	(214, 17),
	(215, 16),
	(215, 12),
	(215, 17),
	(216, 16),
	(216, 20),
	(216, 17),
	(217, 16),
	(217, 12),
	(218, 16),
	(218, 20),
	(219, 17),
	(219, 22),
	(220, 17),
	(220, 19),
	(220, 22),
	(221, 17),
	(221, 19),
	(221, 22),
	(222, 17),
	(222, 19),
	(222, 12),
	(223, 17),
	(223, 19),
	(223, 22),
	(223, 12),
	(224, 17),
	(224, 19),
	(224, 22),
	(225, 17),
	(225, 19),
	(225, 20),
	(226, 17),
	(226, 22),
	(227, 18),
	(227, 23),
	(227, 12),
	(227, 21),
	(227, 22),
	(227, 20),
	(227, 19),
	(227, 17),
	(227, 13),
	(228, 17),
	(228, 19),
	(228, 12),
	(228, 20),
	(229, 19),
	(229, 12),
	(229, 22),
	(230, 12),
	(230, 20),
	(230, 16),
	(231, 19),
	(231, 12),
	(231, 22),
	(231, 17),
	(232, 12),
	(232, 16),
	(232, 17),
	(232, 13),
	(233, 12),
	(233, 20),
	(233, 16),
	(234, 12),
	(234, 16),
	(234, 20),
	(235, 19),
	(235, 12),
	(235, 17),
	(235, 20),
	(236, 12),
	(236, 17),
	(236, 20),
	(236, 16),
	(237, 19),
	(237, 16),
	(237, 12),
	(238, 12),
	(238, 16),
	(238, 17),
	(238, 20),
	(239, 16),
	(239, 19),
	(240, 16),
	(240, 19),
	(241, 16),
	(241, 19),
	(242, 16),
	(242, 19),
	(243, 16),
	(243, 19),
	(244, 16),
	(244, 19),
	(244, 20),
	(245, 17),
	(245, 19),
	(245, 22),
	(245, 13),
	(245, 14),
	(246, 12),
	(246, 17),
	(246, 23),
	(247, 17),
	(247, 22),
	(248, 12),
	(248, 17),
	(249, 17),
	(249, 22),
	(250, 17),
	(250, 22),
	(250, 23),
	(251, 12),
	(251, 23),
	(251, 19),
	(252, 12),
	(252, 22),
	(253, 17),
	(253, 22),
	(253, 19),
	(254, 18),
	(254, 16),
	(254, 23),
	(254, 17),
	(255, 12),
	(255, 15),
	(255, 20),
	(256, 19),
	(256, 12),
	(256, 17),
	(257, 18),
	(257, 19),
	(257, 17),
	(258, 18),
	(258, 19),
	(258, 12),
	(259, 18),
	(259, 19),
	(260, 19),
	(260, 22),
	(260, 12),
	(261, 17),
	(261, 12),
	(262, 19),
	(262, 12),
	(262, 22),
	(262, 17),
	(262, 16),
	(263, 12),
	(263, 16),
	(263, 20),
	(264, 19),
	(264, 16),
	(264, 17),
	(265, 12),
	(265, 17),
	(265, 16),
	(266, 17),
	(266, 22),
	(266, 23),
	(267, 19),
	(267, 20),
	(267, 22),
	(268, 17),
	(268, 12),
	(268, 13),
	(269, 12),
	(269, 17),
	(269, 20),
	(270, 12),
	(270, 17),
	(271, 12),
	(271, 17),
	(271, 23),
	(272, 12),
	(272, 19),
	(273, 19),
	(273, 12),
	(274, 17),
	(274, 12),
	(274, 20),
	(275, 12),
	(275, 16),
	(275, 17),
	(275, 20),
	(276, 12),
	(276, 19),
	(277, 12),
	(277, 19),
	(278, 12),
	(278, 16),
	(278, 19),
	(278, 20),
	(279, 12),
	(279, 19),
	(279, 17),
	(280, 12),
	(280, 19),
	(280, 20),
	(280, 17),
	(281, 12),
	(281, 19),
	(282, 12),
	(282, 19),
	(282, 17),
	(283, 12),
	(283, 19),
	(283, 20),
	(284, 12),
	(284, 19),
	(284, 20),
	(285, 18),
	(285, 23),
	(285, 12),
	(285, 15),
	(285, 21),
	(285, 22),
	(285, 20),
	(285, 19),
	(285, 17),
	(286, 17),
	(286, 12),
	(286, 13),
	(287, 17),
	(287, 18),
	(287, 23),
	(287, 13),
	(288, 19),
	(288, 22),
	(288, 13),
	(288, 14),
	(289, 18),
	(289, 19),
	(289, 22),
	(290, 12),
	(290, 19),
	(290, 20),
	(291, 12),
	(291, 19),
	(291, 23),
	(291, 21),
	(292, 12),
	(292, 19),
	(292, 23),
	(292, 21),
	(293, 19),
	(293, 12),
	(293, 22),
	(293, 21),
	(293, 14),
	(294, 12),
	(294, 19),
	(294, 22),
	(295, 22),
	(295, 12),
	(295, 14),
	(296, 22),
	(296, 19),
	(296, 23),
	(297, 22),
	(297, 14),
	(298, 19),
	(298, 12),
	(298, 23),
	(298, 18),
	(298, 21),
	(299, 22),
	(299, 12),
	(299, 19),
	(300, 19),
	(300, 22),
	(300, 14),
	(302, 18),
	(302, 19),
	(302, 23),
	(303, 19),
	(303, 18),
	(303, 14),
	(304, 18),
	(304, 23),
	(304, 12),
	(304, 19),
	(305, 23),
	(305, 12),
	(305, 19),
	(306, 18),
	(306, 23),
	(306, 12),
	(306, 19),
	(307, 12),
	(307, 19),
	(307, 14),
	(308, 18),
	(308, 22),
	(308, 19),
	(308, 14),
	(309, 12),
	(309, 23),
	(309, 16),
	(310, 19),
	(310, 12),
	(311, 19),
	(311, 12),
	(311, 22),
	(312, 19),
	(312, 18),
	(313, 21),
	(313, 12),
	(313, 23),
	(314, 19),
	(314, 12),
	(314, 23),
	(315, 19),
	(315, 18),
	(315, 22),
	(315, 14),
	(316, 19),
	(316, 18),
	(316, 22),
	(317, 18),
	(317, 12),
	(317, 21),
	(318, 22),
	(318, 21),
	(318, 20),
	(318, 14),
	(319, 18),
	(319, 22),
	(319, 23),
	(320, 18),
	(320, 22),
	(320, 14),
	(321, 18),
	(321, 23),
	(321, 12),
	(321, 15),
	(321, 21),
	(321, 22),
	(321, 16),
	(321, 20),
	(321, 19),
	(322, 18),
	(322, 23),
	(323, 14),
	(324, 12),
	(324, 19),
	(324, 13),
	(325, 12),
	(325, 16),
	(325, 19),
	(326, 12),
	(326, 23),
	(326, 18),
	(326, 19),
	(327, 18),
	(327, 23),
	(327, 24),
	(329, 12),
	(329, 16),
	(329, 22),
	(329, 24),
	(330, 18),
	(330, 22),
	(331, 22),
	(331, 19),
	(331, 16),
	(332, 24),
	(332, 23),
	(333, 22),
	(333, 24),
	(334, 22),
	(334, 19),
	(334, 21),
	(334, 20),
	(334, 13),
	(335, 17),
	(335, 16),
	(335, 20),
	(336, 23),
	(336, 19),
	(336, 22),
	(337, 23),
	(337, 19),
	(338, 23),
	(338, 17),
	(339, 17),
	(339, 22),
	(339, 19),
	(340, 22),
	(340, 19),
	(340, 17),
	(341, 17),
	(341, 22),
	(341, 23),
	(342, 23),
	(343, 23),
	(343, 19),
	(343, 21),
	(344, 23),
	(344, 19),
	(345, 23),
	(345, 17),
	(346, 23),
	(346, 17),
	(346, 19),
	(347, 23),
	(347, 17),
	(347, 19),
	(348, 23),
	(348, 22),
	(348, 12),
	(348, 17),
	(349, 23),
	(349, 17),
	(350, 22),
	(350, 17),
	(351, 23),
	(351, 17),
	(351, 12),
	(351, 17),
	(352, 17),
	(352, 23),
	(352, 12),
	(352, 16),
	(353, 20),
	(354, 17),
	(354, 23),
	(355, 17),
	(355, 22),
	(355, 13),
	(355, 14),
	(356, 23),
	(356, 18),
	(356, 22),
	(356, 17),
	(356, 14),
	(357, 12),
	(357, 18),
	(357, 23),
	(357, 14),
	(358, 23),
	(358, 18),
	(358, 22),
	(358, 14),
	(359, 17),
	(359, 23),
	(359, 22),
	(359, 14),
	(360, 17),
	(360, 23),
	(360, 22),
	(360, 14),
	(361, 17),
	(361, 23),
	(361, 22),
	(361, 14),
	(362, 21),
	(362, 17),
	(362, 23),
	(362, 22),
	(362, 14),
	(363, 23),
	(363, 22),
	(363, 16),
	(363, 14),
	(364, 23),
	(364, 22),
	(364, 16),
	(364, 14),
	(365, 18),
	(365, 22),
	(365, 17),
	(365, 14),
	(366, 23),
	(366, 22),
	(366, 16),
	(366, 14),
	(367, 17),
	(367, 16),
	(367, 14),
	(368, 23),
	(368, 22),
	(368, 16),
	(368, 14),
	(369, 23),
	(369, 18),
	(369, 17),
	(369, 14),
	(370, 12),
	(370, 23),
	(370, 17),
	(370, 14),
	(371, 16),
	(371, 12),
	(371, 17),
	(371, 14),
	(372, 17),
	(372, 12),
	(372, 21),
	(372, 16),
	(372, 20),
	(372, 14),
	(373, 12),
	(373, 16),
	(373, 17),
	(373, 14),
	(374, 12),
	(374, 16),
	(374, 17),
	(374, 14),
	(375, 23),
	(375, 12),
	(375, 16),
	(375, 14),
	(376, 18),
	(376, 23),
	(376, 12),
	(376, 21),
	(376, 22),
	(376, 16),
	(376, 20),
	(376, 17),
	(376, 14),
	(377, 17),
	(377, 19),
	(377, 22),
	(377, 13),
	(377, 14),
	(378, 17),
	(378, 16),
	(379, 18),
	(379, 12),
	(379, 23),
	(379, 17),
	(380, 17),
	(380, 18),
	(380, 22),
	(380, 16),
	(381, 23),
	(381, 12),
	(381, 15),
	(381, 21),
	(381, 22),
	(381, 16),
	(381, 19),
	(381, 17),
	(382, 17),
	(382, 22),
	(382, 12),
	(382, 14),
	(382, 23),
	(383, 17),
	(383, 23),
	(383, 18),
	(384, 12),
	(384, 17),
	(384, 16),
	(385, 12),
	(385, 17),
	(386, 12),
	(386, 16),
	(386, 23),
	(387, 12),
	(387, 23),
	(387, 16),
	(388, 18),
	(388, 23),
	(388, 17),
	(389, 18),
	(389, 17),
	(389, 16),
	(390, 12),
	(390, 17),
	(390, 19),
	(391, 23),
	(391, 17),
	(391, 19),
	(391, 16),
	(392, 17),
	(392, 12),
	(392, 16),
	(393, 17),
	(393, 19),
	(393, 12),
	(393, 16),
	(394, 12),
	(394, 23),
	(394, 16),
	(395, 12),
	(395, 17),
	(395, 16),
	(396, 12),
	(396, 17),
	(396, 16),
	(397, 12),
	(397, 17),
	(397, 16),
	(398, 12),
	(398, 17),
	(398, 16),
	(400, 23),
	(400, 19),
	(400, 17),
	(401, 23),
	(401, 18),
	(401, 25),
	(402, 23),
	(402, 12),
	(402, 16),
	(402, 19),
	(402, 17),
	(403, 23),
	(403, 17),
	(403, 16),
	(404, 23),
	(404, 17),
	(404, 16),
	(405, 22),
	(405, 19),
	(405, 17),
	(405, 13),
	(406, 17),
	(406, 16),
	(406, 20),
	(407, 12),
	(407, 22),
	(407, 19),
	(407, 17),
	(408, 22),
	(408, 19),
	(408, 17),
	(409, 17),
	(409, 22),
	(409, 12),
	(410, 22),
	(410, 19),
	(410, 17),
	(411, 19),
	(411, 12),
	(411, 23),
	(411, 17),
	(412, 22),
	(412, 19),
	(412, 12),
	(412, 17),
	(413, 22),
	(413, 17),
	(414, 22),
	(414, 19),
	(415, 22),
	(415, 19),
	(416, 19),
	(416, 12),
	(416, 23),
	(416, 17),
	(417, 19),
	(417, 12),
	(417, 23),
	(417, 17),
	(418, 19),
	(418, 12),
	(418, 23),
	(418, 17),
	(419, 19),
	(419, 12),
	(419, 23),
	(419, 17),
	(420, 19),
	(420, 12),
	(420, 23),
	(420, 17),
	(421, 19),
	(421, 12),
	(421, 23),
	(421, 17),
	(422, 23),
	(422, 12),
	(422, 20),
	(422, 19),
	(423, 22),
	(423, 12),
	(423, 23),
	(423, 17),
	(424, 19),
	(424, 12),
	(424, 22),
	(424, 17),
	(425, 19),
	(425, 22),
	(425, 23),
	(425, 17),
	(426, 19),
	(426, 12),
	(426, 22),
	(426, 17),
	(427, 19),
	(427, 12),
	(427, 22),
	(427, 17),
	(428, 19),
	(428, 12),
	(428, 22),
	(428, 17),
	(429, 22),
	(429, 17),
	(429, 19),
	(429, 12),
	(430, 22),
	(430, 17),
	(430, 19),
	(430, 12),
	(431, 22),
	(431, 17),
	(431, 19),
	(431, 12),
	(432, 18),
	(432, 23),
	(432, 12),
	(432, 22),
	(432, 16),
	(432, 20),
	(432, 19),
	(432, 17),
	(433, 19),
	(433, 17),
	(434, 17),
	(434, 16),
	(434, 20),
	(435, 19),
	(435, 17),
	(436, 19),
	(436, 17),
	(436, 12),
	(436, 16),
	(437, 19),
	(437, 17),
	(438, 19),
	(438, 17),
	(438, 12),
	(438, 14),
	(439, 19),
	(439, 17),
	(439, 12),
	(439, 14),
	(440, 17),
	(440, 14),
	(441, 18),
	(441, 19),
	(441, 17),
	(442, 24),
	(442, 25),
	(443, 25),
	(444, 17),
	(444, 19),
	(444, 24),
	(445, 17),
	(445, 20),
	(446, 17),
	(446, 12),
	(446, 16),
	(447, 17),
	(447, 24),
	(448, 17),
	(449, 17),
	(450, 17),
	(450, 25),
	(451, 17),
	(451, 25),
	(452, 17),
	(452, 12),
	(453, 17),
	(454, 17),
	(454, 19),
	(454, 25),
	(455, 17),
	(455, 24),
	(456, 17),
	(456, 25),
	(457, 17),
	(458, 17),
	(459, 17),
	(459, 12),
	(459, 25),
	(460, 17),
	(460, 24),
	(461, 23),
	(461, 19),
	(462, 23),
	(462, 19),
	(462, 24),
	(463, 17),
	(463, 25),
	(464, 17),
	(464, 16),
	(464, 25),
	(465, 18),
	(465, 22),
	(465, 21),
	(465, 20),
	(465, 13),
	(466, 17),
	(466, 16),
	(466, 20),
	(467, 18),
	(467, 12),
	(467, 21),
	(467, 22),
	(467, 20),
	(467, 19),
	(467, 17),
	(468, 17),
	(468, 18),
	(469, 20),
	(469, 22),
	(469, 12),
	(470, 22),
	(470, 17),
	(471, 18),
	(471, 12),
	(471, 19),
	(472, 12),
	(472, 18),
	(472, 19),
	(473, 18),
	(473, 22),
	(473, 12),
	(473, 17),
	(474, 12),
	(474, 18),
	(475, 12),
	(475, 17),
	(475, 19),
	(476, 19),
	(476, 12),
	(476, 18),
	(476, 22),
	(476, 21),
	(477, 19),
	(477, 17),
	(477, 22),
	(477, 18),
	(478, 19),
	(478, 17),
	(478, 22),
	(478, 18),
	(479, 12),
	(479, 17),
	(479, 19),
	(480, 18),
	(480, 12),
	(480, 21),
	(480, 22),
	(480, 16),
	(480, 20),
	(480, 19),
	(480, 17),
	(481, 12),
	(481, 18),
	(482, 19),
	(482, 12),
	(482, 18),
	(482, 22),
	(483, 19),
	(483, 22),
	(483, 16),
	(484, 19),
	(484, 22),
	(484, 16),
	(485, 12),
	(485, 18),
	(486, 12),
	(486, 18),
	(486, 17),
	(487, 18),
	(487, 19),
	(487, 12),
	(488, 18),
	(488, 19),
	(488, 12),
	(489, 12),
	(489, 18),
	(489, 17),
	(490, 12),
	(490, 18),
	(490, 17),
	(491, 12),
	(491, 18),
	(491, 16),
	(492, 18),
	(492, 22),
	(492, 12),
	(492, 17),
	(493, 17),
	(493, 19),
	(493, 18),
	(494, 18),
	(494, 12),
	(494, 21),
	(494, 22),
	(494, 20),
	(494, 19),
	(494, 17),
	(495, 18),
	(495, 12),
	(495, 21),
	(495, 22),
	(495, 20),
	(495, 19),
	(495, 17),
	(495, 14),
	(496, 12),
	(496, 18),
	(496, 19),
	(496, 21),
	(497, 12),
	(497, 18),
	(497, 19),
	(497, 21),
	(498, 12),
	(498, 18),
	(499, 19),
	(499, 17),
	(499, 18),
	(500, 12),
	(500, 19),
	(501, 16),
	(501, 18),
	(502, 12),
	(502, 18),
	(502, 16),
	(503, 12),
	(503, 16),
	(503, 19),
	(504, 12),
	(504, 17),
	(504, 19),
	(505, 12),
	(505, 17),
	(505, 21),
	(506, 20),
	(506, 12),
	(506, 22),
	(507, 18),
	(507, 15),
	(507, 17),
	(507, 22),
	(508, 18),
	(508, 15),
	(508, 17),
	(509, 17),
	(509, 22),
	(510, 17),
	(510, 22),
	(511, 18),
	(511, 17),
	(511, 22),
	(512, 23),
	(512, 17),
	(512, 22),
	(513, 18),
	(513, 17),
	(513, 22),
	(514, 23),
	(514, 17),
	(514, 22),
	(514, 25),
	(515, 20),
	(515, 17),
	(515, 22),
	(516, 19),
	(516, 17),
	(516, 22),
	(517, 18),
	(517, 23),
	(517, 12),
	(517, 15),
	(517, 22),
	(517, 24),
	(517, 16),
	(517, 20),
	(517, 19),
	(517, 17),
	(517, 25),
	(518, 18),
	(518, 23),
	(518, 12),
	(518, 17),
	(518, 22),
	(519, 17),
	(519, 22),
	(519, 25),
	(520, 23),
	(520, 12),
	(520, 17),
	(520, 22),
	(521, 22),
	(521, 17),
	(521, 19),
	(522, 22),
	(522, 17),
	(522, 12),
	(523, 22),
	(523, 17),
	(523, 12),
	(524, 22),
	(524, 17),
	(525, 22),
	(525, 17),
	(526, 22),
	(526, 17),
	(526, 23),
	(526, 12),
	(526, 25),
	(527, 22),
	(527, 17),
	(527, 19),
	(528, 22),
	(528, 17),
	(528, 19),
	(529, 17),
	(529, 22),
	(529, 20),
	(530, 17),
	(530, 22),
	(531, 17),
	(531, 22),
	(531, 19),
	(532, 17),
	(532, 22),
	(533, 18),
	(533, 22),
	(534, 23),
	(535, 17),
	(535, 18),
	(536, 17),
	(536, 12),
	(536, 16),
	(537, 17),
	(537, 18),
	(538, 17),
	(538, 12),
	(538, 19),
	(539, 17),
	(539, 12),
	(539, 18),
	(539, 25),
	(540, 17),
	(540, 12),
	(540, 16),
	(540, 25),
	(541, 12),
	(541, 17),
	(542, 12),
	(542, 17),
	(543, 19),
	(543, 17),
	(544, 12),
	(544, 16),
	(544, 17),
	(545, 12),
	(545, 17),
	(546, 27),
	(547, 27),
	(548, 27),
	(549, 27),
	(550, 27),
	(551, 27),
	(552, 27),
	(553, 27),
	(553, 28),
	(554, 27),
	(554, 28),
	(555, 27),
	(555, 28),
	(556, 27),
	(556, 28),
	(557, 28),
	(557, 29),
	(558, 26),
	(558, 29),
	(560, 26),
	(565, 26),
	(570, 26),
	(571, 26),
	(572, 29),
	(573, 26),
	(573, 29),
	(574, 26),
	(574, 27),
	(575, 26),
	(575, 27),
	(576, 27),
	(577, 27),
	(578, 27),
	(579, 27),
	(580, 29),
	(582, 27),
	(583, 27),
	(584, 27),
	(585, 27),
	(585, 26),
	(586, 27),
	(586, 26),
	(593, 33),
	(595, 31),
	(595, 33),
	(597, 31),
	(597, 33),
	(598, 33),
	(599, 31),
	(599, 33),
	(600, 31),
	(600, 33),
	(601, 31),
	(601, 33),
	(603, 33),
	(605, 31),
	(605, 33),
	(607, 31),
	(608, 33),
	(609, 33),
	(612, 30),
	(612, 33),
	(613, 32),
	(613, 33),
	(614, 32),
	(614, 33),
	(615, 32),
	(615, 30),
	(615, 33),
	(616, 32),
	(616, 30),
	(616, 33),
	(617, 32),
	(617, 30),
	(617, 33),
	(619, 33),
	(620, 31),
	(621, 31),
	(622, 31),
	(622, 33),
	(623, 31),
	(632, 31),
	(633, 31),
	(633, 33),
	(636, 31),
	(636, 33),
	(637, 31),
	(637, 33),
	(640, 31),
	(646, 32),
	(646, 30),
	(646, 31),
	(650, 31),
	(650, 30),
	(651, 35),
	(652, 36),
	(653, 35),
	(653, 36),
	(654, 35),
	(656, 34),
	(659, 36),
	(660, 36),
	(661, 36),
	(664, 35),
	(665, 34),
	(667, 35),
	(669, 35),
	(670, 34),
	(670, 35),
	(671, 35),
	(672, 40),
	(672, 39),
	(673, 41),
	(673, 39),
	(675, 41),
	(675, 39),
	(678, 42),
	(678, 40),
	(678, 37),
	(678, 41),
	(678, 38),
	(679, 42),
	(679, 40),
	(679, 37),
	(680, 37),
	(681, 37),
	(683, 39),
	(688, 39),
	(689, 39),
	(689, 37),
	(691, 38),
	(692, 37),
	(693, 37),
	(693, 39),
	(694, 37),
	(694, 39),
	(695, 37),
	(695, 39),
	(696, 37),
	(696, 39),
	(697, 37),
	(697, 39),
	(698, 39),
	(699, 37),
	(699, 39);

INSERT INTO dat."LifepathSkills"
	("LifepathId", "SkillId")
VALUES
	(0, 708),
	(1, 82),
	(1, 177),
	(1, 555),
	(2, 687),
	(2, 128),
	(2, 355),
	(3, 701),
	(3, 74),
	(3, 704),
	(3, 692),
	(4, 112),
	(4, 384),
	(4, 702),
	(5, 694),
	(5, 165),
	(5, 693),
	(5, 188),
	(5, 75),
	(6, 691),
	(6, 12),
	(6, 71),
	(6, 47),
	(6, 454),
	(7, 696),
	(7, 560),
	(7, 468),
	(8, 212),
	(8, 322),
	(8, 631),
	(10, 79),
	(10, 328),
	(10, 415),
	(11, 10),
	(11, 385),
	(11, 709),
	(11, 44),
	(12, 714),
	(12, 128),
	(12, 164),
	(13, 596),
	(13, 391),
	(13, 690),
	(14, 711),
	(14, 130),
	(14, 128),
	(14, 31),
	(14, 396),
	(15, 706),
	(15, 695),
	(15, 130),
	(15, 269),
	(16, 485),
	(16, 599),
	(16, 71),
	(17, 313),
	(17, 379),
	(17, 97),
	(17, 177),
	(18, 688),
	(18, 200),
	(18, 407),
	(18, 421),
	(20, 416),
	(20, 531),
	(20, 140),
	(20, 707),
	(21, 99),
	(21, 607),
	(21, 290),
	(21, 525),
	(22, 10),
	(22, 65),
	(22, 128),
	(22, 470),
	(23, 107),
	(23, 49),
	(23, 183),
	(23, 97),
	(23, 557),
	(24, 39),
	(24, 190),
	(24, 36),
	(24, 539),
	(25, 97),
	(25, 519),
	(25, 38),
	(25, 128),
	(25, 687),
	(26, 12),
	(26, 171),
	(26, 253),
	(27, 699),
	(27, 698),
	(27, 97),
	(27, 143),
	(28, 157),
	(28, 212),
	(28, 694),
	(28, 696),
	(28, 103),
	(28, 628),
	(28, 354),
	(29, 699),
	(29, 3),
	(29, 710),
	(29, 289),
	(29, 559),
	(30, 698),
	(30, 1),
	(30, 122),
	(30, 78),
	(30, 461),
	(30, 629),
	(30, 630),
	(31, 87),
	(31, 30),
	(31, 98),
	(31, 15),
	(31, 169),
	(31, 286),
	(32, 54),
	(32, 128),
	(32, 84),
	(32, 705),
	(32, 620),
	(33, 49),
	(33, 262),
	(33, 111),
	(34, 713),
	(34, 49),
	(34, 286),
	(34, 562),
	(35, 87),
	(35, 20),
	(35, 49),
	(35, 111),
	(35, 15),
	(35, 169),
	(35, 92),
	(35, 193),
	(36, 111),
	(36, 80),
	(36, 47),
	(36, 287),
	(37, 712),
	(37, 177),
	(37, 50),
	(37, 428),
	(38, 122),
	(38, 1),
	(38, 182),
	(38, 566),
	(38, 421),
	(39, 47),
	(39, 49),
	(39, 92),
	(39, 189),
	(39, 37),
	(39, 400),
	(40, 17),
	(40, 128),
	(40, 36),
	(40, 561),
	(41, 112),
	(41, 703),
	(41, 164),
	(41, 445),
	(42, 49),
	(42, 140),
	(42, 139),
	(42, 182),
	(42, 75),
	(42, 300),
	(43, 215),
	(43, 13),
	(43, 105),
	(43, 189),
	(43, 174),
	(44, 214),
	(44, 13),
	(44, 189),
	(44, 141),
	(44, 195),
	(44, 157),
	(45, 708),
	(46, 42),
	(46, 75),
	(46, 480),
	(47, 173),
	(47, 177),
	(47, 1),
	(47, 617),
	(48, 20),
	(48, 15),
	(48, 169),
	(48, 92),
	(48, 193),
	(49, 106),
	(49, 8),
	(49, 313),
	(49, 354),
	(49, 148),
	(49, 37),
	(49, 75),
	(49, 188),
	(49, 478),
	(50, 75),
	(50, 47),
	(50, 73),
	(50, 416),
	(51, 1),
	(51, 75),
	(51, 590),
	(51, 3),
	(52, 47),
	(52, 182),
	(52, 49),
	(53, 49),
	(53, 75),
	(53, 111),
	(53, 140),
	(53, 47),
	(53, 285),
	(54, 186),
	(54, 44),
	(54, 116),
	(54, 101),
	(54, 97),
	(54, 82),
	(54, 30),
	(54, 115),
	(54, 187),
	(54, 54),
	(54, 120),
	(54, 12),
	(54, 138),
	(54, 188),
	(54, 452),
	(55, 710),
	(55, 139),
	(55, 175),
	(55, 303),
	(56, 200),
	(56, 78),
	(56, 478),
	(57, 700),
	(57, 689),
	(57, 574),
	(58, 107),
	(58, 200),
	(58, 140),
	(58, 425),
	(59, 697),
	(59, 87),
	(59, 164),
	(59, 259),
	(60, 194),
	(60, 110),
	(60, 111),
	(60, 6),
	(60, 712),
	(60, 632),
	(61, 689),
	(61, 700),
	(61, 212),
	(61, 269),
	(61, 633),
	(61, 634),
	(62, 213),
	(62, 214),
	(62, 127),
	(62, 101),
	(62, 10),
	(62, 139),
	(62, 156),
	(63, 78),
	(63, 91),
	(63, 107),
	(63, 60),
	(63, 99),
	(63, 635),
	(63, 636),
	(63, 709),
	(64, 154),
	(64, 208),
	(64, 62),
	(64, 576),
	(64, 685),
	(65, 155),
	(65, 62),
	(65, 124),
	(65, 183),
	(65, 678),
	(65, 679),
	(65, 680),
	(66, 140),
	(66, 49),
	(66, 13),
	(66, 177),
	(66, 162),
	(66, 681),
	(66, 682),
	(67, 111),
	(67, 110),
	(67, 139),
	(67, 162),
	(67, 686),
	(67, 326),
	(67, 471),
	(67, 683),
	(68, 47),
	(68, 13),
	(68, 713),
	(68, 75),
	(68, 684),
	(68, 257),
	(69, 173),
	(69, 715),
	(70, 159),
	(70, 768),
	(70, 775),
	(71, 738),
	(71, 82),
	(71, 10),
	(71, 128),
	(72, 733),
	(72, 412),
	(72, 141),
	(73, 727),
	(73, 145),
	(73, 26),
	(73, 116),
	(73, 128),
	(73, 50),
	(73, 166),
	(73, 160),
	(74, 743),
	(74, 44),
	(74, 622),
	(75, 746),
	(75, 757),
	(75, 87),
	(75, 239),
	(76, 722),
	(76, 113),
	(76, 27),
	(76, 195),
	(76, 180),
	(76, 139),
	(77, 762),
	(77, 97),
	(77, 49),
	(77, 12),
	(78, 754),
	(78, 752),
	(78, 128),
	(79, 783),
	(79, 388),
	(79, 591),
	(79, 748),
	(80, 732),
	(80, 604),
	(80, 51),
	(80, 605),
	(80, 578),
	(81, 726),
	(81, 128),
	(81, 36),
	(81, 463),
	(81, 396),
	(82, 788),
	(82, 747),
	(82, 774),
	(82, 140),
	(83, 747),
	(83, 781),
	(83, 742),
	(83, 382),
	(84, 769),
	(84, 777),
	(84, 724),
	(85, 794),
	(85, 763),
	(86, 715),
	(86, 173),
	(87, 99),
	(87, 139),
	(87, 310),
	(87, 243),
	(88, 746),
	(88, 757),
	(88, 164),
	(88, 183),
	(89, 173),
	(89, 788),
	(89, 747),
	(89, 773),
	(90, 730),
	(90, 720),
	(90, 75),
	(90, 140),
	(91, 752),
	(91, 69),
	(91, 729),
	(91, 754),
	(92, 758),
	(92, 15),
	(92, 169),
	(92, 187),
	(92, 27),
	(92, 115),
	(92, 84),
	(92, 128),
	(93, 797),
	(93, 737),
	(93, 734),
	(93, 145),
	(93, 166),
	(93, 178),
	(94, 740),
	(94, 791),
	(94, 47),
	(94, 140),
	(94, 187),
	(95, 128),
	(95, 322),
	(95, 360),
	(96, 755),
	(96, 751),
	(96, 741),
	(97, 728),
	(97, 725),
	(97, 12),
	(98, 719),
	(98, 750),
	(98, 761),
	(98, 718),
	(99, 171),
	(99, 545),
	(99, 39),
	(100, 744),
	(100, 142),
	(101, 786),
	(101, 772),
	(101, 795),
	(101, 793),
	(101, 140),
	(101, 49),
	(101, 123),
	(101, 85),
	(102, 723),
	(102, 75),
	(102, 3),
	(102, 367),
	(102, 310),
	(102, 514),
	(103, 7),
	(103, 157),
	(103, 720),
	(103, 730),
	(103, 761),
	(103, 782),
	(104, 763),
	(104, 787),
	(104, 143),
	(104, 177),
	(104, 200),
	(104, 3),
	(105, 715),
	(105, 75),
	(105, 173),
	(106, 717),
	(106, 730),
	(106, 720),
	(106, 140),
	(106, 34),
	(106, 748),
	(107, 75),
	(107, 159),
	(107, 30),
	(107, 187),
	(108, 784),
	(108, 187),
	(108, 115),
	(108, 27),
	(108, 128),
	(108, 159),
	(108, 133),
	(109, 789),
	(109, 187),
	(109, 15),
	(109, 169),
	(109, 115),
	(109, 30),
	(110, 73),
	(110, 1),
	(110, 75),
	(110, 366),
	(110, 430),
	(111, 745),
	(111, 796),
	(112, 763),
	(112, 753),
	(112, 766),
	(112, 764),
	(113, 159),
	(113, 10),
	(113, 768),
	(113, 775),
	(114, 731),
	(114, 779),
	(114, 767),
	(114, 780),
	(114, 716),
	(115, 777),
	(115, 747),
	(115, 765),
	(115, 87),
	(116, 139),
	(116, 180),
	(116, 27),
	(116, 87),
	(116, 735),
	(116, 747),
	(116, 792),
	(116, 777),
	(117, 721),
	(117, 128),
	(117, 27),
	(117, 279),
	(118, 749),
	(118, 178),
	(118, 15),
	(118, 92),
	(119, 187),
	(119, 15),
	(119, 169),
	(119, 115),
	(119, 30),
	(119, 789),
	(120, 27),
	(120, 178),
	(120, 139),
	(120, 587),
	(120, 134),
	(120, 10),
	(120, 128),
	(120, 180),
	(121, 785),
	(121, 771),
	(121, 117),
	(121, 133),
	(121, 169),
	(121, 15),
	(122, 731),
	(122, 47),
	(122, 187),
	(122, 169),
	(122, 92),
	(123, 140),
	(123, 187),
	(123, 47),
	(123, 189),
	(123, 92),
	(123, 778),
	(123, 739),
	(123, 770),
	(124, 16),
	(124, 74),
	(124, 168),
	(124, 190),
	(124, 718),
	(125, 736),
	(125, 74),
	(125, 361),
	(126, 790),
	(126, 759),
	(126, 760),
	(126, 47),
	(126, 92),
	(126, 3),
	(126, 122),
	(126, 182),
	(127, 804),
	(127, 336),
	(128, 164),
	(128, 30),
	(128, 388),
	(128, 610),
	(128, 246),
	(129, 120),
	(129, 180),
	(129, 44),
	(129, 175),
	(129, 799),
	(130, 111),
	(130, 149),
	(130, 115),
	(130, 801),
	(131, 105),
	(131, 358),
	(131, 195),
	(131, 196),
	(131, 139),
	(131, 180),
	(131, 193),
	(131, 113),
	(131, 805),
	(132, 175),
	(132, 60),
	(132, 107),
	(132, 803),
	(133, 78),
	(133, 177),
	(133, 143),
	(133, 806),
	(134, 167),
	(134, 75),
	(134, 143),
	(134, 177),
	(134, 394),
	(134, 800),
	(134, 756),
	(135, 144),
	(135, 200),
	(135, 138),
	(135, 188),
	(135, 182),
	(135, 358),
	(135, 484),
	(135, 354),
	(135, 455),
	(135, 802),
	(136, 8),
	(136, 354),
	(136, 363),
	(136, 798),
	(139, 183),
	(139, 107),
	(140, 107),
	(140, 78),
	(140, 183),
	(140, 180),
	(141, 22),
	(141, 107),
	(141, 143),
	(141, 78),
	(141, 312),
	(141, 311),
	(141, 612),
	(142, 159),
	(142, 183),
	(142, 319),
	(143, 61),
	(143, 99),
	(144, 155),
	(144, 312),
	(144, 550),
	(144, 62),
	(145, 525),
	(145, 65),
	(145, 159),
	(145, 10),
	(145, 128),
	(145, 312),
	(145, 589),
	(146, 187),
	(146, 30),
	(146, 199),
	(146, 183),
	(146, 97),
	(146, 49),
	(146, 592),
	(147, 183),
	(147, 91),
	(147, 78),
	(147, 111),
	(147, 53),
	(147, 316),
	(148, 107),
	(148, 183),
	(148, 175),
	(148, 328),
	(149, 30),
	(149, 111),
	(149, 183),
	(149, 338),
	(150, 107),
	(150, 183),
	(150, 111),
	(150, 115),
	(150, 44),
	(151, 78),
	(151, 107),
	(151, 60),
	(151, 143),
	(151, 404),
	(152, 128),
	(152, 173),
	(152, 97),
	(152, 40),
	(152, 143),
	(152, 107),
	(152, 78),
	(153, 160),
	(153, 116),
	(153, 30),
	(153, 128),
	(153, 173),
	(153, 94),
	(154, 208),
	(154, 154),
	(154, 144),
	(154, 162),
	(154, 103),
	(154, 188),
	(154, 6),
	(154, 816),
	(154, 107),
	(154, 183),
	(154, 312),
	(155, 380),
	(155, 107),
	(155, 49),
	(155, 177),
	(156, 556),
	(156, 138),
	(156, 78),
	(157, 208),
	(157, 154),
	(157, 157),
	(157, 188),
	(157, 402),
	(158, 62),
	(158, 32),
	(158, 154),
	(158, 208),
	(158, 576),
	(159, 165),
	(159, 126),
	(159, 24),
	(159, 36),
	(159, 560),
	(160, 142),
	(160, 106),
	(160, 6),
	(160, 488),
	(161, 135),
	(161, 148),
	(161, 173),
	(161, 136),
	(162, 146),
	(162, 48),
	(162, 208),
	(162, 348),
	(163, 2),
	(163, 143),
	(163, 173),
	(163, 78),
	(163, 49),
	(163, 175),
	(163, 136),
	(164, 128),
	(164, 164),
	(164, 432),
	(165, 82),
	(165, 183),
	(165, 301),
	(165, 97),
	(166, 168),
	(166, 69),
	(166, 315),
	(166, 380),
	(167, 349),
	(167, 351),
	(167, 143),
	(168, 461),
	(168, 97),
	(168, 1),
	(168, 139),
	(169, 21),
	(169, 50),
	(169, 334),
	(169, 567),
	(170, 31),
	(170, 128),
	(170, 64),
	(170, 3),
	(170, 350),
	(171, 31),
	(171, 128),
	(171, 64),
	(171, 51),
	(171, 269),
	(172, 32),
	(172, 154),
	(172, 208),
	(172, 1),
	(172, 282),
	(172, 490),
	(173, 208),
	(173, 106),
	(173, 90),
	(173, 409),
	(174, 1),
	(174, 32),
	(174, 76),
	(174, 443),
	(174, 395),
	(175, 154),
	(175, 157),
	(175, 103),
	(175, 144),
	(175, 188),
	(175, 109),
	(175, 106),
	(175, 90),
	(175, 9),
	(176, 331),
	(176, 97),
	(176, 1),
	(177, 111),
	(177, 1),
	(177, 97),
	(177, 110),
	(178, 111),
	(178, 30),
	(178, 173),
	(178, 49),
	(178, 436),
	(179, 145),
	(179, 381),
	(179, 187),
	(179, 44),
	(179, 111),
	(180, 30),
	(180, 111),
	(180, 64),
	(180, 13),
	(180, 15),
	(181, 111),
	(181, 13),
	(181, 15),
	(181, 80),
	(182, 75),
	(182, 159),
	(182, 111),
	(182, 47),
	(182, 13),
	(183, 128),
	(183, 208),
	(183, 154),
	(183, 99),
	(183, 65),
	(183, 61),
	(184, 254),
	(184, 126),
	(184, 210),
	(184, 36),
	(184, 154),
	(184, 208),
	(184, 112),
	(185, 97),
	(185, 12),
	(185, 24),
	(185, 36),
	(185, 190),
	(185, 151),
	(185, 51),
	(186, 72),
	(186, 74),
	(186, 112),
	(187, 163),
	(187, 190),
	(187, 168),
	(187, 69),
	(187, 128),
	(187, 467),
	(188, 569),
	(188, 24),
	(188, 190),
	(188, 16),
	(188, 203),
	(189, 147),
	(189, 71),
	(189, 52),
	(189, 611),
	(190, 121),
	(190, 448),
	(191, 114),
	(191, 118),
	(191, 12),
	(191, 78),
	(192, 3),
	(192, 75),
	(192, 390),
	(192, 368),
	(193, 162),
	(193, 32),
	(193, 143),
	(193, 103),
	(193, 158),
	(194, 6),
	(194, 11),
	(194, 25),
	(194, 185),
	(194, 177),
	(195, 101),
	(195, 11),
	(195, 6),
	(195, 157),
	(195, 413),
	(196, 3),
	(196, 270),
	(196, 598),
	(196, 444),
	(197, 1),
	(197, 3),
	(197, 331),
	(198, 1),
	(198, 97),
	(198, 565),
	(198, 450),
	(198, 495),
	(199, 812),
	(199, 811),
	(199, 34),
	(200, 306),
	(200, 62),
	(200, 140),
	(200, 184),
	(200, 188),
	(201, 162),
	(201, 5),
	(201, 326),
	(201, 110),
	(202, 143),
	(202, 162),
	(202, 3),
	(202, 140),
	(202, 439),
	(202, 465),
	(203, 112),
	(203, 126),
	(203, 71),
	(203, 14),
	(204, 323),
	(204, 254),
	(204, 458),
	(204, 581),
	(205, 75),
	(205, 32),
	(205, 161),
	(205, 308),
	(205, 312),
	(206, 3),
	(206, 461),
	(206, 321),
	(206, 317),
	(206, 504),
	(206, 261),
	(207, 41),
	(207, 424),
	(208, 70),
	(208, 59),
	(208, 140),
	(208, 330),
	(209, 10),
	(209, 82),
	(210, 154),
	(210, 208),
	(210, 8),
	(210, 809),
	(210, 106),
	(210, 816),
	(210, 188),
	(211, 34),
	(211, 158),
	(211, 19),
	(211, 70),
	(211, 59),
	(211, 62),
	(211, 537),
	(211, 431),
	(212, 157),
	(212, 86),
	(212, 807),
	(212, 191),
	(212, 446),
	(213, 812),
	(213, 109),
	(213, 373),
	(213, 256),
	(214, 811),
	(214, 109),
	(214, 39),
	(214, 74),
	(214, 101),
	(214, 114),
	(214, 600),
	(215, 814),
	(215, 109),
	(215, 808),
	(215, 200),
	(215, 177),
	(215, 162),
	(215, 144),
	(215, 536),
	(216, 157),
	(216, 48),
	(216, 37),
	(216, 55),
	(216, 62),
	(216, 11),
	(216, 161),
	(216, 810),
	(216, 90),
	(216, 335),
	(216, 365),
	(216, 482),
	(216, 355),
	(217, 3),
	(217, 158),
	(217, 206),
	(217, 595),
	(218, 140),
	(218, 75),
	(218, 148),
	(218, 181),
	(218, 201),
	(218, 337),
	(219, 324),
	(219, 345),
	(219, 341),
	(219, 221),
	(220, 342),
	(220, 523),
	(220, 542),
	(221, 61),
	(221, 399),
	(221, 475),
	(221, 549),
	(222, 107),
	(222, 180),
	(222, 78),
	(222, 91),
	(222, 139),
	(222, 522),
	(223, 97),
	(223, 143),
	(223, 99),
	(223, 12),
	(223, 191),
	(223, 447),
	(224, 178),
	(224, 115),
	(224, 30),
	(224, 608),
	(225, 47),
	(225, 161),
	(225, 393),
	(225, 341),
	(226, 810),
	(226, 580),
	(226, 483),
	(226, 369),
	(226, 341),
	(228, 377),
	(228, 75),
	(228, 76),
	(229, 159),
	(229, 30),
	(229, 154),
	(229, 208),
	(229, 187),
	(229, 75),
	(230, 208),
	(230, 154),
	(230, 162),
	(230, 140),
	(230, 62),
	(230, 75),
	(231, 187),
	(231, 133),
	(231, 169),
	(231, 15),
	(231, 117),
	(231, 115),
	(231, 54),
	(232, 34),
	(232, 154),
	(232, 208),
	(232, 157),
	(232, 188),
	(233, 62),
	(233, 32),
	(233, 154),
	(233, 208),
	(233, 75),
	(234, 208),
	(234, 154),
	(234, 75),
	(234, 58),
	(234, 816),
	(234, 136),
	(234, 48),
	(234, 80),
	(234, 11),
	(234, 62),
	(235, 133),
	(235, 13),
	(235, 111),
	(235, 105),
	(235, 49),
	(236, 75),
	(236, 73),
	(236, 143),
	(236, 167),
	(236, 107),
	(236, 62),
	(236, 424),
	(236, 366),
	(236, 559),
	(236, 321),
	(237, 105),
	(237, 58),
	(237, 173),
	(237, 77),
	(237, 73),
	(238, 73),
	(238, 476),
	(245, 138),
	(245, 200),
	(245, 111),
	(246, 148),
	(246, 173),
	(246, 136),
	(247, 173),
	(247, 175),
	(247, 44),
	(247, 49),
	(247, 193),
	(247, 200),
	(248, 165),
	(248, 142),
	(248, 72),
	(248, 167),
	(248, 392),
	(249, 107),
	(249, 75),
	(249, 320),
	(250, 41),
	(250, 75),
	(250, 320),
	(250, 80),
	(250, 305),
	(251, 10),
	(251, 159),
	(251, 128),
	(251, 277),
	(251, 525),
	(252, 505),
	(252, 386),
	(252, 591),
	(252, 498),
	(252, 101),
	(252, 79),
	(252, 4),
	(253, 110),
	(253, 194),
	(253, 6),
	(253, 582),
	(254, 139),
	(254, 141),
	(254, 87),
	(254, 186),
	(254, 195),
	(254, 196),
	(254, 56),
	(254, 179),
	(254, 27),
	(254, 506),
	(254, 492),
	(255, 208),
	(255, 154),
	(255, 162),
	(255, 140),
	(255, 62),
	(255, 75),
	(256, 159),
	(256, 30),
	(256, 154),
	(256, 208),
	(256, 187),
	(257, 133),
	(257, 169),
	(257, 15),
	(257, 30),
	(257, 111),
	(257, 75),
	(257, 13),
	(258, 77),
	(258, 10),
	(258, 105),
	(259, 105),
	(259, 10),
	(259, 388),
	(259, 180),
	(259, 50),
	(259, 195),
	(259, 141),
	(259, 54),
	(260, 100),
	(260, 476),
	(261, 50),
	(261, 173),
	(261, 101),
	(261, 78),
	(262, 187),
	(262, 169),
	(262, 15),
	(262, 117),
	(262, 30),
	(262, 133),
	(262, 75),
	(263, 208),
	(263, 154),
	(263, 75),
	(263, 148),
	(263, 816),
	(263, 136),
	(263, 48),
	(263, 80),
	(263, 11),
	(263, 320),
	(264, 49),
	(264, 111),
	(264, 77),
	(264, 13),
	(265, 75),
	(265, 139),
	(265, 143),
	(265, 167),
	(265, 107),
	(265, 320),
	(265, 476),
	(266, 379),
	(266, 3),
	(266, 111),
	(266, 75),
	(266, 143),
	(266, 200),
	(267, 140),
	(267, 62),
	(267, 159),
	(267, 15),
	(267, 133),
	(267, 169),
	(267, 13),
	(268, 75),
	(268, 78),
	(268, 816),
	(268, 807),
	(268, 812),
	(269, 75),
	(269, 140),
	(269, 143),
	(269, 5),
	(269, 103),
	(270, 75),
	(270, 11),
	(270, 25),
	(270, 185),
	(270, 6),
	(270, 816),
	(270, 78),
	(271, 48),
	(271, 103),
	(271, 75),
	(271, 106),
	(271, 138),
	(272, 74),
	(272, 16),
	(272, 24),
	(272, 190),
	(272, 168),
	(272, 203),
	(273, 18),
	(273, 36),
	(273, 39),
	(274, 75),
	(274, 103),
	(274, 188),
	(274, 62),
	(274, 143),
	(275, 73),
	(275, 1),
	(275, 139),
	(275, 456),
	(276, 104),
	(276, 12),
	(276, 419),
	(277, 63),
	(277, 346),
	(277, 105),
	(277, 109),
	(277, 131),
	(278, 75),
	(278, 321),
	(278, 90),
	(278, 89),
	(279, 111),
	(279, 110),
	(279, 162),
	(279, 486),
	(279, 603),
	(279, 312),
	(279, 575),
	(280, 162),
	(280, 5),
	(280, 110),
	(280, 326),
	(280, 309),
	(281, 162),
	(281, 6),
	(281, 627),
	(281, 139),
	(282, 47),
	(282, 100),
	(282, 122),
	(282, 434),
	(282, 479),
	(282, 554),
	(282, 293),
	(283, 1),
	(283, 73),
	(283, 575),
	(283, 343),
	(284, 177),
	(284, 143),
	(284, 200),
	(286, 75),
	(286, 816),
	(286, 807),
	(286, 811),
	(286, 370),
	(287, 75),
	(287, 816),
	(287, 814),
	(287, 809),
	(287, 808),
	(287, 427),
	(287, 512),
	(288, 138),
	(288, 200),
	(288, 111),
	(289, 107),
	(289, 183),
	(289, 175),
	(290, 62),
	(290, 102),
	(290, 88),
	(291, 76),
	(291, 91),
	(291, 200),
	(291, 78),
	(291, 282),
	(292, 110),
	(292, 194),
	(292, 111),
	(292, 516),
	(293, 164),
	(293, 87),
	(293, 251),
	(293, 265),
	(293, 97),
	(294, 525),
	(294, 422),
	(294, 420),
	(294, 107),
	(295, 22),
	(295, 107),
	(295, 49),
	(296, 529),
	(296, 105),
	(296, 180),
	(296, 195),
	(296, 141),
	(297, 107),
	(297, 515),
	(298, 257),
	(298, 107),
	(298, 49),
	(299, 12),
	(299, 97),
	(299, 107),
	(299, 183),
	(299, 405),
	(300, 61),
	(300, 144),
	(300, 398),
	(300, 297),
	(300, 275),
	(301, 196),
	(301, 149),
	(301, 153),
	(302, 107),
	(302, 49),
	(302, 183),
	(302, 78),
	(303, 107),
	(303, 420),
	(303, 510),
	(303, 501),
	(304, 49),
	(304, 107),
	(304, 143),
	(304, 78),
	(304, 97),
	(304, 177),
	(305, 111),
	(305, 97),
	(305, 513),
	(305, 312),
	(305, 405),
	(306, 50),
	(306, 168),
	(306, 2),
	(306, 175),
	(306, 97),
	(306, 128),
	(306, 60),
	(307, 144),
	(307, 162),
	(307, 62),
	(307, 140),
	(307, 815),
	(308, 57),
	(308, 107),
	(308, 49),
	(308, 78),
	(308, 143),
	(309, 149),
	(309, 50),
	(309, 107),
	(309, 60),
	(310, 183),
	(310, 471),
	(310, 405),
	(310, 30),
	(311, 13),
	(311, 107),
	(311, 255),
	(312, 13),
	(312, 111),
	(312, 180),
	(312, 289),
	(313, 503),
	(313, 160),
	(313, 116),
	(313, 115),
	(313, 540),
	(313, 457),
	(314, 143),
	(314, 78),
	(314, 12),
	(314, 439),
	(314, 91),
	(314, 180),
	(314, 107),
	(315, 111),
	(315, 13),
	(315, 319),
	(315, 389),
	(315, 460),
	(315, 90),
	(315, 609),
	(315, 449),
	(315, 371),
	(316, 388),
	(316, 657),
	(316, 141),
	(316, 87),
	(316, 195),
	(316, 82),
	(316, 159),
	(316, 180),
	(316, 13),
	(317, 814),
	(317, 811),
	(317, 59),
	(317, 70),
	(318, 812),
	(318, 107),
	(318, 399),
	(318, 816),
	(318, 25),
	(318, 200),
	(318, 248),
	(318, 811),
	(318, 807),
	(319, 86),
	(319, 101),
	(319, 149),
	(319, 814),
	(319, 511),
	(320, 102),
	(320, 140),
	(320, 249),
	(320, 59),
	(320, 563),
	(320, 330),
	(321, 144),
	(321, 182),
	(321, 181),
	(321, 34),
	(321, 103),
	(321, 142),
	(322, 453),
	(322, 128),
	(322, 811),
	(322, 24),
	(322, 205),
	(323, 810),
	(323, 6),
	(323, 399),
	(324, 154),
	(324, 208),
	(324, 188),
	(324, 812),
	(324, 157),
	(325, 812),
	(325, 811),
	(325, 111),
	(325, 673),
	(326, 812),
	(326, 811),
	(326, 674),
	(326, 107),
	(327, 657),
	(327, 186),
	(327, 127),
	(327, 468),
	(327, 144),
	(328, 656),
	(328, 564),
	(328, 816),
	(328, 657),
	(328, 813),
	(329, 111),
	(329, 47),
	(329, 141),
	(329, 261),
	(329, 289),
	(329, 13),
	(329, 674),
	(329, 668),
	(330, 164),
	(330, 667),
	(330, 665),
	(330, 186),
	(330, 30),
	(331, 671),
	(331, 669),
	(331, 13),
	(331, 180),
	(331, 667),
	(331, 105),
	(331, 186),
	(332, 111),
	(332, 47),
	(332, 76),
	(332, 675),
	(333, 275),
	(333, 810),
	(333, 86),
	(333, 188),
	(333, 138),
	(333, 816),
	(333, 481),
	(336, 79),
	(336, 128),
	(336, 10),
	(336, 204),
	(336, 50),
	(336, 168),
	(336, 82),
	(336, 173),
	(337, 36),
	(337, 105),
	(337, 97),
	(337, 4),
	(338, 10),
	(338, 101),
	(338, 129),
	(338, 481),
	(339, 441),
	(339, 495),
	(339, 619),
	(339, 624),
	(340, 87),
	(340, 265),
	(340, 531),
	(341, 62),
	(341, 502),
	(341, 534),
	(342, 130),
	(342, 31),
	(342, 128),
	(342, 36),
	(343, 83),
	(343, 160),
	(343, 116),
	(343, 128),
	(343, 50),
	(343, 26),
	(344, 10),
	(344, 173),
	(344, 44),
	(344, 85),
	(344, 193),
	(345, 82),
	(345, 128),
	(345, 87),
	(345, 141),
	(345, 591),
	(345, 197),
	(346, 105),
	(346, 195),
	(346, 180),
	(346, 50),
	(346, 141),
	(346, 209),
	(347, 196),
	(347, 180),
	(347, 195),
	(347, 50),
	(347, 97),
	(347, 191),
	(348, 128),
	(348, 173),
	(348, 97),
	(348, 40),
	(348, 143),
	(348, 107),
	(348, 78),
	(349, 139),
	(349, 143),
	(349, 200),
	(349, 495),
	(349, 119),
	(350, 816),
	(350, 812),
	(350, 78),
	(350, 200),
	(350, 481),
	(351, 140),
	(351, 184),
	(351, 40),
	(351, 159),
	(351, 154),
	(351, 208),
	(351, 62),
	(352, 816),
	(352, 807),
	(352, 811),
	(352, 106),
	(352, 8),
	(352, 138),
	(353, 41),
	(353, 50),
	(354, 813),
	(354, 809),
	(354, 493),
	(354, 558),
	(354, 347),
	(355, 138),
	(355, 200),
	(355, 111),
	(356, 107),
	(356, 180),
	(356, 173),
	(357, 128),
	(357, 208),
	(357, 154),
	(357, 99),
	(357, 65),
	(357, 61),
	(358, 136),
	(358, 49),
	(358, 159),
	(359, 176),
	(359, 13),
	(359, 169),
	(359, 30),
	(359, 87),
	(359, 82),
	(360, 27),
	(360, 84),
	(360, 30),
	(360, 87),
	(360, 82),
	(361, 54),
	(361, 84),
	(361, 30),
	(361, 87),
	(361, 176),
	(362, 166),
	(362, 160),
	(362, 116),
	(362, 128),
	(362, 137),
	(362, 115),
	(362, 187),
	(363, 140),
	(363, 49),
	(363, 159),
	(363, 100),
	(363, 263),
	(364, 49),
	(364, 159),
	(364, 13),
	(364, 15),
	(365, 180),
	(365, 87),
	(365, 141),
	(365, 13),
	(365, 139),
	(366, 111),
	(366, 47),
	(366, 80),
	(366, 13),
	(367, 554),
	(367, 176),
	(367, 35),
	(367, 189),
	(368, 159),
	(368, 133),
	(368, 15),
	(368, 169),
	(368, 13),
	(368, 419),
	(368, 97),
	(369, 24),
	(369, 12),
	(369, 97),
	(369, 521),
	(370, 128),
	(370, 24),
	(370, 16),
	(370, 203),
	(370, 74),
	(370, 190),
	(371, 18),
	(371, 36),
	(371, 39),
	(371, 24),
	(371, 190),
	(372, 140),
	(372, 159),
	(372, 15),
	(372, 133),
	(372, 13),
	(373, 17),
	(373, 71),
	(373, 93),
	(374, 812),
	(374, 181),
	(374, 554),
	(374, 609),
	(374, 97),
	(374, 37),
	(375, 3),
	(375, 1),
	(375, 97),
	(375, 122),
	(376, 47),
	(376, 318),
	(376, 97),
	(376, 140),
	(376, 13),
	(376, 80),
	(376, 159),
	(376, 182),
	(377, 138),
	(377, 200),
	(377, 111),
	(378, 173),
	(378, 143),
	(378, 78),
	(378, 75),
	(378, 3),
	(378, 162),
	(379, 143),
	(379, 78),
	(379, 111),
	(379, 62),
	(380, 155),
	(380, 62),
	(380, 158),
	(381, 62),
	(381, 159),
	(381, 15),
	(381, 13),
	(382, 61),
	(382, 398),
	(382, 298),
	(383, 576),
	(383, 510),
	(383, 626),
	(383, 307),
	(384, 162),
	(384, 32),
	(384, 43),
	(384, 282),
	(385, 517),
	(385, 139),
	(385, 138),
	(385, 156),
	(385, 86),
	(385, 534),
	(386, 154),
	(386, 9),
	(386, 109),
	(386, 208),
	(386, 62),
	(386, 90),
	(387, 157),
	(387, 446),
	(387, 8),
	(387, 188),
	(388, 62),
	(388, 184),
	(388, 127),
	(388, 22),
	(388, 242),
	(388, 183),
	(388, 525),
	(389, 157),
	(389, 103),
	(389, 127),
	(389, 201),
	(389, 188),
	(390, 208),
	(390, 154),
	(390, 62),
	(390, 576),
	(391, 140),
	(391, 184),
	(391, 161),
	(391, 188),
	(391, 156),
	(391, 535),
	(391, 272),
	(392, 62),
	(392, 138),
	(392, 139),
	(392, 43),
	(392, 188),
	(392, 59),
	(392, 9),
	(393, 62),
	(393, 110),
	(393, 194),
	(393, 414),
	(394, 62),
	(394, 158),
	(394, 144),
	(394, 103),
	(394, 156),
	(394, 43),
	(394, 138),
	(394, 154),
	(394, 208),
	(395, 140),
	(395, 184),
	(395, 154),
	(395, 208),
	(395, 62),
	(395, 103),
	(395, 156),
	(395, 161),
	(395, 308),
	(395, 491),
	(395, 579),
	(396, 162),
	(396, 43),
	(396, 3),
	(396, 62),
	(396, 308),
	(397, 3),
	(397, 1),
	(397, 201),
	(397, 206),
	(397, 530),
	(397, 240),
	(398, 156),
	(398, 111),
	(398, 161),
	(398, 188),
	(398, 103),
	(398, 138),
	(399, 154),
	(399, 208),
	(399, 32),
	(399, 62),
	(399, 162),
	(400, 32),
	(400, 154),
	(400, 208),
	(400, 1),
	(400, 282),
	(400, 490),
	(401, 208),
	(401, 106),
	(401, 154),
	(401, 409),
	(402, 140),
	(402, 62),
	(402, 188),
	(402, 111),
	(402, 154),
	(402, 208),
	(402, 676),
	(402, 217),
	(403, 140),
	(403, 154),
	(403, 208),
	(403, 62),
	(403, 103),
	(403, 161),
	(403, 579),
	(403, 312),
	(403, 677),
	(403, 217),
	(403, 143),
	(404, 217),
	(404, 177),
	(404, 111),
	(404, 161),
	(404, 188),
	(404, 103),
	(404, 138),
	(407, 533),
	(407, 545),
	(408, 551),
	(408, 573),
	(408, 173),
	(408, 166),
	(408, 116),
	(409, 196),
	(409, 149),
	(409, 153),
	(410, 166),
	(410, 116),
	(410, 30),
	(410, 528),
	(411, 67),
	(411, 173),
	(411, 66),
	(412, 166),
	(412, 160),
	(412, 116),
	(412, 30),
	(412, 173),
	(412, 540),
	(412, 94),
	(413, 200),
	(413, 111),
	(413, 481),
	(414, 1),
	(414, 325),
	(414, 566),
	(414, 545),
	(415, 172),
	(415, 139),
	(415, 55),
	(416, 145),
	(416, 545),
	(416, 139),
	(416, 546),
	(417, 13),
	(417, 116),
	(417, 111),
	(418, 111),
	(418, 30),
	(418, 533),
	(419, 168),
	(419, 204),
	(419, 128),
	(419, 532),
	(420, 11),
	(420, 25),
	(420, 185),
	(420, 6),
	(420, 816),
	(420, 78),
	(420, 572),
	(420, 538),
	(421, 50),
	(421, 82),
	(421, 173),
	(421, 78),
	(421, 472),
	(422, 140),
	(422, 62),
	(422, 545),
	(423, 540),
	(423, 814),
	(423, 564),
	(423, 137),
	(423, 816),
	(424, 137),
	(424, 540),
	(424, 37),
	(424, 816),
	(424, 332),
	(425, 128),
	(425, 94),
	(425, 623),
	(425, 292),
	(426, 36),
	(426, 171),
	(426, 26),
	(426, 160),
	(426, 545),
	(427, 128),
	(427, 36),
	(427, 17),
	(428, 71),
	(428, 817),
	(428, 17),
	(428, 36),
	(428, 128),
	(429, 75),
	(429, 288),
	(429, 166),
	(430, 1),
	(430, 170),
	(430, 97),
	(430, 461),
	(430, 12),
	(431, 111),
	(431, 47),
	(431, 49),
	(431, 541),
	(431, 187),
	(432, 47),
	(432, 140),
	(432, 545),
	(432, 540),
	(433, 552),
	(435, 61),
	(435, 173),
	(435, 278),
	(436, 177),
	(436, 107),
	(436, 394),
	(437, 79),
	(437, 128),
	(437, 173),
	(437, 99),
	(437, 65),
	(437, 376),
	(438, 296),
	(438, 299),
	(439, 390),
	(439, 153),
	(440, 78),
	(440, 167),
	(443, 176),
	(443, 637),
	(443, 13),
	(443, 169),
	(444, 178),
	(444, 176),
	(444, 111),
	(444, 638),
	(445, 177),
	(445, 639),
	(445, 476),
	(446, 640),
	(446, 101),
	(446, 129),
	(446, 377),
	(447, 641),
	(447, 142),
	(447, 165),
	(448, 173),
	(448, 2),
	(448, 136),
	(449, 136),
	(449, 173),
	(450, 208),
	(450, 106),
	(450, 37),
	(451, 99),
	(451, 560),
	(451, 643),
	(451, 642),
	(452, 645),
	(452, 644),
	(452, 177),
	(452, 80),
	(452, 47),
	(453, 647),
	(453, 646),
	(454, 30),
	(454, 13),
	(454, 2),
	(454, 64),
	(454, 300),
	(455, 49),
	(455, 13),
	(455, 169),
	(455, 30),
	(455, 189),
	(456, 648),
	(456, 61),
	(457, 649),
	(457, 582),
	(458, 65),
	(458, 128),
	(458, 651),
	(459, 646),
	(459, 10),
	(459, 650),
	(459, 111),
	(460, 99),
	(460, 61),
	(461, 79),
	(461, 128),
	(461, 10),
	(461, 204),
	(461, 50),
	(461, 168),
	(461, 82),
	(461, 173),
	(462, 10),
	(462, 173),
	(462, 44),
	(462, 85),
	(463, 111),
	(463, 30),
	(463, 110),
	(463, 194),
	(464, 177),
	(464, 167),
	(464, 78),
	(464, 652),
	(464, 143),
	(467, 594),
	(467, 193),
	(467, 107),
	(468, 107),
	(468, 49),
	(468, 200),
	(468, 602),
	(469, 518),
	(469, 525),
	(469, 550),
	(469, 242),
	(469, 517),
	(469, 62),
	(470, 87),
	(470, 260),
	(471, 10),
	(471, 159),
	(471, 128),
	(471, 419),
	(471, 525),
	(472, 183),
	(472, 107),
	(472, 548),
	(473, 128),
	(473, 173),
	(473, 97),
	(473, 40),
	(473, 143),
	(473, 107),
	(473, 78),
	(474, 97),
	(474, 1),
	(474, 139),
	(474, 461),
	(475, 32),
	(475, 208),
	(475, 154),
	(475, 318),
	(476, 160),
	(476, 116),
	(476, 30),
	(476, 128),
	(476, 173),
	(476, 83),
	(477, 61),
	(477, 438),
	(478, 132),
	(478, 294),
	(479, 111),
	(479, 30),
	(479, 173),
	(479, 49),
	(479, 440),
	(480, 177),
	(480, 200),
	(480, 333),
	(480, 175),
	(481, 50),
	(481, 128),
	(481, 1),
	(481, 177),
	(481, 406),
	(482, 13),
	(482, 111),
	(482, 30),
	(482, 395),
	(482, 603),
	(482, 405),
	(483, 47),
	(483, 111),
	(483, 80),
	(483, 13),
	(483, 169),
	(483, 15),
	(483, 282),
	(483, 613),
	(484, 111),
	(484, 13),
	(484, 169),
	(484, 15),
	(484, 282),
	(484, 613),
	(484, 326),
	(485, 168),
	(485, 69),
	(485, 315),
	(486, 111),
	(486, 1),
	(486, 97),
	(486, 143),
	(487, 46),
	(487, 547),
	(487, 383),
	(487, 442),
	(487, 473),
	(488, 24),
	(488, 10),
	(488, 419),
	(488, 97),
	(489, 33),
	(489, 50),
	(489, 408),
	(489, 6),
	(490, 25),
	(490, 6),
	(490, 11),
	(490, 603),
	(490, 394),
	(491, 31),
	(491, 130),
	(491, 396),
	(491, 281),
	(492, 62),
	(492, 32),
	(492, 154),
	(492, 208),
	(492, 161),
	(492, 156),
	(492, 576),
	(493, 576),
	(493, 344),
	(493, 62),
	(493, 156),
	(494, 140),
	(494, 184),
	(494, 188),
	(495, 143),
	(495, 177),
	(495, 78),
	(496, 128),
	(496, 24),
	(496, 36),
	(496, 190),
	(496, 151),
	(496, 51),
	(497, 97),
	(497, 12),
	(497, 154),
	(497, 208),
	(498, 45),
	(498, 68),
	(498, 1),
	(498, 97),
	(498, 372),
	(498, 464),
	(499, 28),
	(499, 84),
	(499, 128),
	(499, 27),
	(499, 279),
	(500, 323),
	(500, 254),
	(500, 458),
	(500, 581),
	(501, 201),
	(501, 206),
	(501, 73),
	(501, 397),
	(502, 108),
	(502, 36),
	(502, 82),
	(502, 417),
	(503, 152),
	(503, 71),
	(503, 485),
	(503, 526),
	(503, 47),
	(504, 162),
	(504, 143),
	(504, 75),
	(504, 110),
	(504, 78),
	(504, 583),
	(505, 1),
	(505, 143),
	(505, 78),
	(505, 618),
	(505, 437),
	(506, 41),
	(506, 50),
	(507, 154),
	(507, 87),
	(507, 188),
	(507, 809),
	(507, 500),
	(507, 274),
	(508, 812),
	(508, 811),
	(508, 807),
	(508, 138),
	(508, 498),
	(508, 387),
	(509, 653),
	(509, 159),
	(510, 87),
	(510, 164),
	(510, 186),
	(510, 50),
	(510, 275),
	(511, 105),
	(511, 195),
	(511, 180),
	(511, 50),
	(511, 141),
	(511, 193),
	(511, 27),
	(512, 128),
	(512, 39),
	(512, 190),
	(512, 82),
	(512, 151),
	(512, 204),
	(513, 10),
	(513, 173),
	(513, 44),
	(513, 654),
	(513, 159),
	(514, 186),
	(514, 87),
	(514, 655),
	(515, 107),
	(515, 87),
	(516, 141),
	(516, 139),
	(516, 44),
	(516, 159),
	(516, 186),
	(516, 656),
	(517, 657),
	(517, 97),
	(517, 177),
	(517, 186),
	(518, 97),
	(518, 173),
	(518, 78),
	(518, 175),
	(519, 12),
	(519, 31),
	(519, 25),
	(519, 97),
	(519, 658),
	(519, 659),
	(520, 97),
	(520, 69),
	(520, 163),
	(520, 28),
	(520, 84),
	(520, 203),
	(520, 16),
	(521, 49),
	(521, 30),
	(521, 178),
	(521, 27),
	(521, 115),
	(521, 111),
	(521, 133),
	(522, 173),
	(522, 58),
	(522, 143),
	(522, 136),
	(522, 78),
	(522, 175),
	(523, 86),
	(523, 148),
	(523, 2),
	(523, 140),
	(523, 49),
	(524, 41),
	(524, 50),
	(525, 177),
	(525, 101),
	(525, 25),
	(525, 129),
	(525, 481),
	(526, 12),
	(526, 97),
	(526, 629),
	(526, 660),
	(526, 661),
	(526, 289),
	(527, 13),
	(527, 180),
	(527, 111),
	(527, 583),
	(527, 289),
	(527, 449),
	(528, 265),
	(528, 80),
	(528, 169),
	(528, 176),
	(528, 47),
	(529, 86),
	(529, 816),
	(529, 216),
	(529, 662),
	(529, 663),
	(529, 140),
	(530, 379),
	(530, 662),
	(530, 664),
	(530, 143),
	(530, 4),
	(531, 47),
	(531, 13),
	(531, 140),
	(531, 159),
	(531, 189),
	(531, 80),
	(531, 174),
	(532, 664),
	(532, 140),
	(532, 3),
	(532, 665),
	(533, 119),
	(533, 664),
	(533, 139),
	(533, 200),
	(533, 666),
	(533, 143),
	(534, 186),
	(534, 665),
	(534, 87),
	(534, 82),
	(534, 667),
	(534, 261),
	(535, 13),
	(535, 180),
	(535, 289),
	(535, 186),
	(535, 665),
	(535, 111),
	(536, 111),
	(536, 47),
	(536, 141),
	(536, 261),
	(536, 668),
	(536, 289),
	(536, 13),
	(536, 199),
	(537, 180),
	(537, 671),
	(537, 669),
	(537, 670),
	(537, 13),
	(537, 186),
	(537, 665),
	(538, 261),
	(538, 195),
	(538, 13),
	(538, 180),
	(538, 139),
	(538, 141),
	(538, 186),
	(539, 164),
	(539, 667),
	(539, 665),
	(539, 186),
	(539, 30),
	(539, 105),
	(540, 667),
	(540, 449),
	(540, 672),
	(540, 180),
	(540, 44),
	(540, 8),
	(540, 188),
	(540, 164),
	(541, 65),
	(541, 128),
	(541, 665),
	(541, 289),
	(541, 30),
	(542, 111),
	(542, 30),
	(542, 13),
	(542, 169),
	(542, 665),
	(542, 261),
	(543, 133),
	(543, 159),
	(543, 13),
	(543, 169),
	(543, 139),
	(543, 419),
	(543, 665),
	(543, 261),
	(544, 211),
	(544, 90),
	(544, 143),
	(544, 47),
	(544, 97),
	(544, 665),
	(544, 668),
	(545, 49),
	(545, 143),
	(545, 78),
	(545, 177),
	(545, 128),
	(545, 97),
	(546, 87),
	(546, 30),
	(547, 27),
	(547, 128),
	(547, 84),
	(548, 141),
	(548, 195),
	(548, 196),
	(548, 180),
	(548, 44),
	(548, 224),
	(549, 178),
	(549, 169),
	(549, 30),
	(549, 87),
	(550, 49),
	(550, 273),
	(551, 819),
	(551, 111),
	(551, 30),
	(552, 27),
	(552, 105),
	(552, 80),
	(552, 180),
	(553, 133),
	(553, 159),
	(553, 96),
	(553, 111),
	(553, 178),
	(553, 15),
	(554, 616),
	(554, 111),
	(554, 194),
	(554, 47),
	(554, 187),
	(554, 30),
	(555, 96),
	(555, 403),
	(555, 487),
	(555, 128),
	(556, 47),
	(556, 820),
	(556, 20),
	(556, 30),
	(557, 593),
	(557, 198),
	(557, 98),
	(557, 169),
	(559, 10),
	(560, 87),
	(560, 107),
	(561, 61),
	(562, 65),
	(562, 267),
	(563, 830),
	(563, 61),
	(564, 61),
	(564, 596),
	(565, 30),
	(565, 56),
	(565, 111),
	(566, 826),
	(566, 128),
	(566, 111),
	(567, 33),
	(567, 190),
	(567, 111),
	(568, 24),
	(568, 111),
	(569, 132),
	(569, 111),
	(570, 128),
	(570, 203),
	(570, 16),
	(570, 190),
	(571, 110),
	(571, 111),
	(571, 30),
	(571, 194),
	(573, 30),
	(573, 111),
	(573, 194),
	(574, 177),
	(574, 61),
	(574, 99),
	(575, 15),
	(575, 20),
	(575, 27),
	(575, 115),
	(575, 124),
	(575, 159),
	(575, 169),
	(575, 313),
	(576, 133),
	(576, 96),
	(576, 159),
	(576, 20),
	(576, 178),
	(577, 47),
	(577, 820),
	(577, 194),
	(578, 828),
	(578, 17),
	(578, 128),
	(579, 126),
	(579, 818),
	(579, 132),
	(580, 823),
	(580, 78),
	(580, 143),
	(580, 313),
	(580, 244),
	(581, 47),
	(581, 182),
	(581, 822),
	(582, 827),
	(583, 821),
	(584, 824),
	(584, 194),
	(584, 111),
	(584, 115),
	(585, 825),
	(585, 831),
	(585, 87),
	(586, 829),
	(586, 159),
	(586, 133),
	(586, 614),
	(586, 44),
	(587, 524),
	(587, 10),
	(587, 484),
	(587, 358),
	(587, 622),
	(588, 295),
	(588, 596),
	(589, 339),
	(590, 507),
	(590, 264),
	(590, 593),
	(591, 401),
	(591, 822),
	(592, 810),
	(592, 248),
	(592, 399),
	(592, 471),
	(594, 177),
	(594, 271),
	(595, 107),
	(595, 164),
	(595, 186),
	(595, 12),
	(595, 432),
	(596, 61),
	(596, 596),
	(596, 128),
	(597, 107),
	(597, 78),
	(597, 97),
	(597, 543),
	(598, 30),
	(598, 177),
	(598, 411),
	(598, 496),
	(599, 128),
	(599, 24),
	(599, 282),
	(600, 107),
	(600, 116),
	(600, 97),
	(600, 56),
	(600, 111),
	(600, 305),
	(601, 175),
	(601, 107),
	(601, 115),
	(601, 183),
	(602, 180),
	(602, 120),
	(602, 115),
	(602, 527),
	(602, 621),
	(603, 97),
	(603, 109),
	(603, 203),
	(603, 435),
	(603, 568),
	(604, 139),
	(604, 44),
	(604, 193),
	(604, 121),
	(604, 449),
	(605, 13),
	(605, 111),
	(605, 76),
	(605, 169),
	(606, 12),
	(606, 97),
	(606, 78),
	(606, 247),
	(606, 375),
	(607, 80),
	(607, 11),
	(607, 149),
	(607, 97),
	(608, 143),
	(608, 340),
	(608, 97),
	(608, 111),
	(608, 200),
	(609, 177),
	(609, 154),
	(609, 208),
	(609, 157),
	(609, 816),
	(609, 182),
	(609, 122),
	(609, 78),
	(609, 103),
	(609, 138),
	(609, 625),
	(610, 111),
	(610, 143),
	(610, 140),
	(610, 78),
	(610, 47),
	(610, 271),
	(610, 187),
	(610, 314),
	(610, 474),
	(610, 588),
	(611, 76),
	(611, 111),
	(611, 154),
	(611, 208),
	(611, 48),
	(611, 308),
	(611, 489),
	(611, 508),
	(612, 105),
	(612, 195),
	(612, 196),
	(612, 27),
	(612, 388),
	(613, 107),
	(613, 177),
	(613, 433),
	(613, 284),
	(613, 474),
	(613, 271),
	(613, 603),
	(613, 291),
	(614, 144),
	(614, 816),
	(614, 158),
	(614, 140),
	(614, 87),
	(614, 276),
	(614, 451),
	(615, 13),
	(615, 111),
	(615, 180),
	(615, 245),
	(616, 145),
	(616, 160),
	(616, 116),
	(616, 137),
	(616, 128),
	(616, 545),
	(616, 266),
	(617, 111),
	(617, 47),
	(617, 187),
	(617, 261),
	(617, 289),
	(618, 816),
	(618, 200),
	(618, 154),
	(618, 208),
	(618, 812),
	(618, 813),
	(620, 173),
	(620, 624),
	(620, 61),
	(621, 197),
	(621, 591),
	(621, 128),
	(621, 141),
	(622, 128),
	(622, 97),
	(622, 458),
	(623, 87),
	(623, 101),
	(623, 477),
	(624, 79),
	(624, 128),
	(624, 544),
	(625, 23),
	(625, 82),
	(625, 268),
	(625, 386),
	(625, 417),
	(626, 130),
	(626, 396),
	(626, 97),
	(627, 31),
	(627, 459),
	(627, 97),
	(627, 51),
	(628, 21),
	(628, 82),
	(628, 280),
	(628, 50),
	(629, 204),
	(629, 168),
	(629, 69),
	(629, 177),
	(629, 173),
	(630, 112),
	(630, 109),
	(630, 250),
	(630, 24),
	(630, 36),
	(630, 151),
	(630, 126),
	(631, 101),
	(631, 80),
	(631, 11),
	(631, 200),
	(631, 423),
	(632, 97),
	(632, 12),
	(632, 1),
	(632, 49),
	(632, 603),
	(633, 49),
	(633, 178),
	(633, 27),
	(633, 30),
	(633, 169),
	(634, 47),
	(634, 111),
	(634, 110),
	(634, 187),
	(635, 140),
	(635, 143),
	(635, 162),
	(635, 75),
	(635, 97),
	(635, 499),
	(636, 62),
	(636, 154),
	(636, 208),
	(636, 127),
	(636, 550),
	(636, 509),
	(637, 184),
	(637, 833),
	(637, 90),
	(637, 111),
	(637, 271),
	(637, 30),
	(637, 455),
	(638, 241),
	(638, 140),
	(638, 106),
	(638, 34),
	(638, 173),
	(638, 103),
	(638, 157),
	(638, 37),
	(638, 148),
	(639, 3),
	(639, 1),
	(639, 49),
	(639, 75),
	(640, 62),
	(640, 553),
	(641, 158),
	(641, 184),
	(641, 56),
	(641, 570),
	(642, 180),
	(642, 139),
	(642, 107),
	(642, 44),
	(642, 570),
	(643, 815),
	(643, 82),
	(643, 107),
	(643, 832),
	(643, 252),
	(644, 115),
	(644, 180),
	(644, 111),
	(644, 107),
	(644, 224),
	(645, 10),
	(645, 107),
	(645, 153),
	(646, 60),
	(646, 833),
	(646, 107),
	(646, 78),
	(646, 353),
	(647, 149),
	(647, 107),
	(647, 11),
	(647, 584),
	(648, 13),
	(648, 30),
	(648, 15),
	(648, 169),
	(648, 111),
	(649, 833),
	(649, 49),
	(649, 188),
	(649, 138),
	(650, 140),
	(650, 47),
	(650, 816),
	(650, 157),
	(650, 110),
	(650, 194),
	(650, 139),
	(650, 148),
	(650, 329),
	(650, 429),
	(650, 597),
	(652, 44),
	(652, 526),
	(652, 30),
	(653, 837),
	(653, 30),
	(654, 354),
	(654, 193),
	(655, 835),
	(655, 180),
	(658, 61),
	(658, 99),
	(658, 132),
	(659, 30),
	(659, 193),
	(660, 98),
	(660, 92),
	(661, 169),
	(661, 111),
	(662, 194),
	(662, 227),
	(663, 47),
	(663, 182),
	(665, 30),
	(665, 388),
	(665, 180),
	(666, 283),
	(666, 111),
	(667, 455),
	(667, 603),
	(669, 111),
	(669, 30),
	(670, 229),
	(670, 200),
	(671, 194),
	(671, 836),
	(672, 840),
	(672, 839),
	(672, 455),
	(673, 849),
	(674, 868),
	(675, 851),
	(676, 838),
	(677, 870),
	(677, 866),
	(677, 848),
	(677, 856),
	(677, 862),
	(677, 855),
	(678, 577),
	(678, 855),
	(678, 164),
	(679, 865),
	(679, 867),
	(679, 842),
	(679, 164),
	(680, 847),
	(681, 854),
	(681, 840),
	(681, 839),
	(682, 180),
	(682, 864),
	(682, 586),
	(682, 852),
	(682, 164),
	(682, 111),
	(682, 860),
	(682, 840),
	(683, 853),
	(683, 87),
	(683, 30),
	(683, 180),
	(683, 847),
	(683, 844),
	(684, 850),
	(684, 859),
	(684, 858),
	(684, 164),
	(684, 840),
	(685, 860),
	(685, 841),
	(685, 863),
	(685, 111),
	(686, 860),
	(686, 841),
	(686, 863),
	(687, 49),
	(687, 47),
	(687, 174),
	(687, 182),
	(688, 180),
	(688, 864),
	(688, 30),
	(688, 861),
	(688, 857),
	(689, 873),
	(689, 853),
	(689, 869),
	(690, 871),
	(691, 872),
	(692, 847),
	(693, 854),
	(693, 180),
	(693, 853),
	(693, 864),
	(693, 87),
	(693, 30),
	(694, 853),
	(694, 846),
	(694, 111),
	(694, 30),
	(694, 840),
	(694, 865),
	(695, 111),
	(695, 47),
	(695, 850),
	(695, 30),
	(696, 850),
	(696, 858),
	(696, 164),
	(696, 840),
	(697, 859),
	(697, 858),
	(697, 164),
	(697, 840),
	(698, 840),
	(698, 455),
	(698, 852),
	(698, 845),
	(699, 840),
	(699, 854);

INSERT INTO dat."LifepathTraits"
	("LifepathId", "TraitId")
VALUES
	(1, 187),
	(1, 173),
	(2, 88),
	(3, 367),
	(5, 68),
	(5, 278),
	(6, 480),
	(6, 765),
	(8, 480),
	(10, 78),
	(11, 461),
	(11, 743),
	(12, 76),
	(12, 763),
	(13, 747),
	(17, 748),
	(17, 289),
	(18, 141),
	(18, 756),
	(20, 300),
	(20, 752),
	(20, 759),
	(21, 754),
	(22, 278),
	(22, 753),
	(24, 338),
	(25, 188),
	(28, 511),
	(29, 589),
	(30, 66),
	(30, 592),
	(31, 326),
	(32, 361),
	(33, 488),
	(33, 757),
	(35, 375),
	(36, 57),
	(36, 758),
	(38, 258),
	(40, 65),
	(41, 765),
	(42, 58),
	(42, 751),
	(43, 107),
	(44, 113),
	(45, 749),
	(46, 218),
	(47, 186),
	(48, 297),
	(50, 288),
	(51, 746),
	(51, 576),
	(52, 252),
	(52, 761),
	(53, 165),
	(53, 750),
	(53, 744),
	(54, 742),
	(54, 39),
	(55, 762),
	(56, 755),
	(56, 35),
	(57, 105),
	(57, 87),
	(58, 745),
	(59, 760),
	(60, 413),
	(60, 414),
	(61, 105),
	(61, 415),
	(62, 278),
	(62, 768),
	(63, 416),
	(64, 179),
	(64, 607),
	(65, 458),
	(66, 107),
	(66, 761),
	(67, 588),
	(67, 290),
	(68, 594),
	(68, 333),
	(68, 329),
	(70, 268),
	(71, 333),
	(72, 321),
	(73, 402),
	(74, 255),
	(76, 403),
	(78, 128),
	(79, 365),
	(80, 302),
	(81, 109),
	(82, 400),
	(84, 239),
	(85, 791),
	(87, 187),
	(87, 783),
	(88, 225),
	(89, 401),
	(90, 113),
	(91, 407),
	(92, 107),
	(93, 50),
	(93, 578),
	(95, 555),
	(96, 226),
	(97, 278),
	(97, 481),
	(99, 282),
	(100, 22),
	(102, 785),
	(102, 278),
	(104, 787),
	(105, 779),
	(105, 780),
	(105, 776),
	(106, 222),
	(107, 777),
	(108, 782),
	(108, 278),
	(109, 781),
	(109, 520),
	(111, 786),
	(112, 784),
	(113, 354),
	(114, 588),
	(116, 163),
	(116, 587),
	(117, 59),
	(119, 788),
	(120, 81),
	(122, 778),
	(123, 790),
	(124, 278),
	(125, 775),
	(126, 789),
	(127, 798),
	(128, 796),
	(128, 795),
	(129, 799),
	(130, 250),
	(130, 51),
	(130, 517),
	(131, 797),
	(132, 793),
	(133, 66),
	(134, 462),
	(134, 794),
	(135, 312),
	(135, 792),
	(136, 800),
	(138, 906),
	(138, 897),
	(138, 4),
	(138, 910),
	(140, 581),
	(140, 470),
	(140, 861),
	(141, 546),
	(141, 103),
	(141, 189),
	(141, 815),
	(143, 105),
	(143, 840),
	(144, 856),
	(144, 366),
	(145, 283),
	(146, 243),
	(146, 517),
	(146, 535),
	(147, 549),
	(148, 484),
	(149, 73),
	(149, 494),
	(150, 79),
	(150, 486),
	(150, 576),
	(150, 502),
	(152, 858),
	(153, 373),
	(153, 490),
	(154, 301),
	(154, 105),
	(154, 538),
	(155, 136),
	(155, 63),
	(155, 342),
	(155, 882),
	(156, 373),
	(156, 531),
	(156, 514),
	(157, 123),
	(157, 35),
	(157, 897),
	(158, 812),
	(158, 859),
	(158, 893),
	(159, 277),
	(160, 265),
	(160, 483),
	(160, 540),
	(161, 117),
	(161, 312),
	(161, 524),
	(162, 270),
	(163, 62),
	(165, 167),
	(166, 147),
	(166, 342),
	(167, 158),
	(169, 142),
	(170, 823),
	(171, 306),
	(171, 105),
	(173, 843),
	(173, 71),
	(174, 40),
	(175, 218),
	(175, 511),
	(176, 847),
	(177, 828),
	(178, 208),
	(178, 467),
	(179, 291),
	(180, 105),
	(181, 273),
	(182, 120),
	(183, 814),
	(183, 810),
	(185, 837),
	(185, 538),
	(186, 153),
	(188, 90),
	(189, 385),
	(190, 364),
	(191, 166),
	(193, 344),
	(194, 149),
	(196, 273),
	(196, 151),
	(196, 397),
	(196, 190),
	(197, 207),
	(200, 862),
	(200, 16),
	(200, 194),
	(200, 370),
	(201, 269),
	(201, 573),
	(203, 339),
	(204, 18),
	(204, 462),
	(205, 179),
	(206, 340),
	(206, 162),
	(206, 808),
	(208, 812),
	(208, 896),
	(209, 814),
	(209, 897),
	(209, 580),
	(209, 536),
	(210, 900),
	(211, 898),
	(211, 881),
	(212, 273),
	(212, 469),
	(213, 912),
	(213, 583),
	(214, 481),
	(214, 571),
	(215, 532),
	(215, 535),
	(215, 564),
	(216, 842),
	(216, 511),
	(216, 357),
	(217, 886),
	(217, 831),
	(218, 588),
	(218, 905),
	(218, 823),
	(219, 939),
	(220, 866),
	(220, 911),
	(221, 230),
	(222, 652),
	(222, 556),
	(223, 909),
	(223, 891),
	(223, 588),
	(224, 890),
	(224, 555),
	(225, 887),
	(225, 902),
	(225, 543),
	(225, 888),
	(226, 79),
	(226, 558),
	(226, 562),
	(226, 566),
	(226, 480),
	(226, 885),
	(227, 839),
	(227, 865),
	(227, 863),
	(227, 864),
	(228, 878),
	(228, 35),
	(228, 79),
	(228, 172),
	(232, 29),
	(232, 897),
	(233, 859),
	(233, 893),
	(235, 854),
	(239, 844),
	(239, 309),
	(239, 287),
	(239, 342),
	(239, 51),
	(240, 844),
	(240, 309),
	(240, 287),
	(240, 342),
	(240, 51),
	(241, 844),
	(241, 309),
	(241, 287),
	(241, 342),
	(241, 51),
	(242, 844),
	(242, 309),
	(242, 287),
	(242, 342),
	(242, 51),
	(243, 844),
	(243, 309),
	(243, 287),
	(243, 342),
	(243, 51),
	(244, 879),
	(244, 844),
	(244, 309),
	(244, 287),
	(244, 342),
	(244, 51),
	(245, 812),
	(245, 897),
	(245, 591),
	(246, 305),
	(247, 328),
	(247, 460),
	(248, 320),
	(249, 398),
	(249, 834),
	(249, 40),
	(250, 238),
	(252, 110),
	(252, 326),
	(252, 824),
	(252, 499),
	(253, 395),
	(255, 80),
	(255, 538),
	(258, 39),
	(258, 405),
	(258, 813),
	(260, 145),
	(260, 576),
	(260, 529),
	(262, 290),
	(262, 600),
	(262, 88),
	(264, 854),
	(264, 341),
	(265, 850),
	(266, 94),
	(266, 411),
	(266, 35),
	(268, 202),
	(268, 897),
	(268, 580),
	(269, 317),
	(269, 119),
	(270, 832),
	(271, 296),
	(271, 137),
	(271, 85),
	(271, 79),
	(271, 318),
	(272, 297),
	(273, 293),
	(274, 322),
	(274, 893),
	(276, 228),
	(276, 554),
	(276, 809),
	(277, 99),
	(277, 284),
	(277, 115),
	(277, 476),
	(278, 181),
	(278, 40),
	(278, 522),
	(279, 259),
	(280, 365),
	(280, 19),
	(281, 828),
	(281, 337),
	(282, 404),
	(283, 280),
	(283, 220),
	(284, 570),
	(286, 903),
	(286, 899),
	(287, 94),
	(287, 909),
	(287, 25),
	(287, 149),
	(287, 894),
	(288, 812),
	(288, 897),
	(288, 591),
	(289, 8),
	(289, 858),
	(290, 876),
	(291, 820),
	(292, 828),
	(295, 546),
	(295, 562),
	(297, 345),
	(297, 568),
	(297, 230),
	(297, 478),
	(297, 848),
	(298, 908),
	(299, 344),
	(300, 35),
	(301, 822),
	(301, 851),
	(302, 858),
	(303, 223),
	(303, 390),
	(303, 408),
	(304, 384),
	(306, 265),
	(307, 866),
	(308, 866),
	(308, 301),
	(308, 357),
	(309, 267),
	(310, 517),
	(310, 544),
	(311, 86),
	(311, 250),
	(311, 820),
	(311, 828),
	(313, 292),
	(313, 332),
	(313, 838),
	(313, 821),
	(313, 546),
	(314, 275),
	(315, 517),
	(315, 245),
	(316, 224),
	(317, 232),
	(317, 129),
	(317, 130),
	(317, 13),
	(318, 360),
	(318, 505),
	(318, 564),
	(319, 0),
	(319, 897),
	(319, 237),
	(320, 230),
	(320, 271),
	(320, 827),
	(322, 889),
	(322, 763),
	(323, 885),
	(323, 892),
	(324, 449),
	(324, 35),
	(324, 897),
	(325, 868),
	(325, 450),
	(325, 869),
	(325, 232),
	(326, 451),
	(327, 452),
	(327, 569),
	(327, 604),
	(328, 604),
	(329, 46),
	(329, 324),
	(329, 35),
	(329, 579),
	(330, 248),
	(330, 330),
	(330, 263),
	(330, 448),
	(331, 97),
	(331, 535),
	(331, 549),
	(331, 447),
	(331, 232),
	(332, 867),
	(332, 275),
	(332, 453),
	(332, 505),
	(333, 454),
	(333, 230),
	(333, 455),
	(333, 567),
	(335, 906),
	(335, 897),
	(335, 4),
	(335, 910),
	(336, 178),
	(338, 31),
	(339, 1),
	(340, 139),
	(341, 319),
	(341, 15),
	(342, 227),
	(343, 373),
	(344, 74),
	(347, 146),
	(348, 509),
	(348, 472),
	(348, 529),
	(349, 72),
	(350, 96),
	(350, 526),
	(350, 55),
	(350, 597),
	(351, 106),
	(351, 893),
	(352, 30),
	(352, 897),
	(354, 914),
	(354, 880),
	(354, 536),
	(355, 812),
	(355, 897),
	(355, 591),
	(356, 350),
	(356, 470),
	(356, 587),
	(357, 825),
	(357, 810),
	(362, 476),
	(362, 490),
	(362, 500),
	(364, 182),
	(364, 46),
	(364, 10),
	(367, 589),
	(367, 838),
	(372, 192),
	(372, 298),
	(373, 353),
	(373, 853),
	(374, 25),
	(375, 549),
	(376, 852),
	(377, 812),
	(377, 897),
	(377, 591),
	(378, 118),
	(378, 482),
	(378, 278),
	(378, 579),
	(379, 846),
	(379, 70),
	(380, 200),
	(380, 318),
	(380, 134),
	(380, 84),
	(381, 93),
	(381, 125),
	(381, 855),
	(382, 373),
	(382, 819),
	(383, 833),
	(383, 469),
	(385, 368),
	(385, 116),
	(385, 263),
	(385, 24),
	(386, 201),
	(386, 67),
	(387, 842),
	(387, 498),
	(388, 859),
	(389, 859),
	(389, 315),
	(389, 40),
	(389, 841),
	(390, 859),
	(390, 260),
	(390, 893),
	(391, 862),
	(392, 348),
	(392, 175),
	(392, 848),
	(392, 835),
	(392, 893),
	(392, 826),
	(393, 374),
	(393, 245),
	(393, 517),
	(393, 318),
	(394, 222),
	(394, 203),
	(394, 511),
	(394, 5),
	(395, 831),
	(396, 26),
	(398, 823),
	(399, 859),
	(399, 18),
	(399, 579),
	(401, 843),
	(401, 71),
	(402, 862),
	(402, 194),
	(402, 456),
	(402, 607),
	(403, 831),
	(404, 823),
	(405, 490),
	(406, 906),
	(406, 897),
	(406, 4),
	(406, 910),
	(407, 398),
	(407, 77),
	(407, 587),
	(408, 857),
	(408, 111),
	(408, 143),
	(408, 476),
	(408, 512),
	(408, 156),
	(409, 34),
	(409, 851),
	(409, 132),
	(410, 78),
	(410, 7),
	(411, 196),
	(412, 105),
	(413, 373),
	(413, 246),
	(413, 176),
	(414, 156),
	(414, 35),
	(415, 75),
	(416, 37),
	(416, 549),
	(416, 40),
	(416, 274),
	(417, 816),
	(417, 490),
	(418, 241),
	(418, 260),
	(420, 832),
	(420, 860),
	(421, 821),
	(421, 69),
	(421, 233),
	(422, 797),
	(422, 818),
	(422, 335),
	(423, 604),
	(425, 78),
	(425, 834),
	(425, 817),
	(426, 830),
	(427, 97),
	(428, 213),
	(429, 77),
	(432, 365),
	(433, 815),
	(433, 329),
	(433, 838),
	(433, 546),
	(434, 906),
	(434, 897),
	(434, 4),
	(434, 910),
	(435, 37),
	(435, 810),
	(436, 840),
	(436, 262),
	(437, 183),
	(438, 515),
	(438, 313),
	(439, 211),
	(440, 845),
	(440, 409),
	(441, 836),
	(442, 873),
	(442, 589),
	(442, 600),
	(443, 857),
	(443, 419),
	(443, 420),
	(445, 417),
	(445, 4),
	(445, 418),
	(446, 260),
	(446, 421),
	(446, 31),
	(447, 398),
	(447, 483),
	(448, 35),
	(448, 528),
	(449, 510),
	(449, 546),
	(449, 482),
	(450, 843),
	(450, 71),
	(450, 840),
	(451, 857),
	(451, 167),
	(451, 838),
	(451, 546),
	(452, 422),
	(452, 423),
	(452, 461),
	(452, 469),
	(453, 815),
	(453, 86),
	(453, 329),
	(453, 838),
	(454, 424),
	(454, 105),
	(454, 539),
	(455, 425),
	(455, 1),
	(455, 586),
	(456, 420),
	(456, 810),
	(456, 426),
	(456, 427),
	(457, 815),
	(457, 838),
	(457, 596),
	(457, 428),
	(457, 845),
	(457, 595),
	(458, 106),
	(458, 429),
	(459, 431),
	(459, 560),
	(459, 249),
	(459, 838),
	(459, 430),
	(459, 554),
	(460, 363),
	(460, 51),
	(460, 829),
	(460, 810),
	(461, 178),
	(462, 74),
	(463, 316),
	(463, 828),
	(463, 73),
	(464, 398),
	(464, 432),
	(464, 433),
	(466, 906),
	(466, 897),
	(466, 4),
	(466, 910),
	(467, 27),
	(467, 157),
	(467, 470),
	(468, 849),
	(468, 14),
	(468, 4),
	(468, 170),
	(469, 60),
	(470, 177),
	(472, 350),
	(472, 470),
	(473, 265),
	(475, 71),
	(475, 247),
	(476, 373),
	(476, 490),
	(477, 52),
	(477, 363),
	(477, 815),
	(477, 829),
	(477, 845),
	(478, 926),
	(478, 105),
	(478, 373),
	(479, 828),
	(479, 241),
	(479, 28),
	(479, 461),
	(480, 40),
	(480, 35),
	(480, 63),
	(481, 135),
	(481, 159),
	(482, 380),
	(483, 273),
	(483, 392),
	(484, 291),
	(485, 148),
	(486, 828),
	(486, 556),
	(487, 64),
	(488, 807),
	(489, 295),
	(489, 594),
	(489, 366),
	(489, 252),
	(490, 12),
	(490, 336),
	(491, 308),
	(491, 323),
	(492, 859),
	(492, 108),
	(492, 815),
	(492, 482),
	(493, 35),
	(494, 862),
	(494, 89),
	(494, 893),
	(495, 397),
	(495, 862),
	(496, 814),
	(496, 810),
	(497, 837),
	(497, 538),
	(498, 236),
	(500, 282),
	(500, 108),
	(500, 589),
	(500, 474),
	(501, 278),
	(501, 229),
	(502, 371),
	(502, 811),
	(503, 164),
	(503, 11),
	(503, 747),
	(504, 290),
	(505, 95),
	(507, 875),
	(507, 504),
	(507, 897),
	(507, 877),
	(508, 904),
	(508, 901),
	(508, 907),
	(509, 434),
	(509, 491),
	(510, 178),
	(511, 435),
	(512, 810),
	(513, 436),
	(514, 552),
	(514, 602),
	(514, 437),
	(515, 368),
	(515, 849),
	(515, 480),
	(515, 526),
	(515, 580),
	(515, 608),
	(517, 373),
	(517, 856),
	(518, 296),
	(518, 472),
	(519, 438),
	(519, 576),
	(520, 837),
	(520, 439),
	(521, 297),
	(522, 62),
	(522, 440),
	(523, 466),
	(524, 441),
	(525, 442),
	(525, 373),
	(525, 31),
	(527, 86),
	(527, 517),
	(527, 487),
	(527, 39),
	(528, 589),
	(528, 838),
	(529, 871),
	(529, 443),
	(529, 497),
	(530, 182),
	(530, 444),
	(531, 329),
	(531, 520),
	(531, 518),
	(532, 852),
	(533, 445),
	(533, 446),
	(533, 443),
	(534, 434),
	(534, 549),
	(534, 368),
	(536, 579),
	(536, 324),
	(536, 35),
	(537, 97),
	(537, 535),
	(537, 447),
	(537, 232),
	(538, 376),
	(538, 549),
	(538, 51),
	(539, 330),
	(539, 248),
	(539, 265),
	(539, 448),
	(540, 468),
	(540, 263),
	(540, 232),
	(540, 597),
	(541, 106),
	(541, 457),
	(545, 384),
	(545, 35),
	(545, 815),
	(546, 857),
	(546, 825),
	(546, 943),
	(546, 930),
	(546, 938),
	(547, 935),
	(547, 943),
	(548, 857),
	(550, 298),
	(550, 275),
	(550, 461),
	(551, 316),
	(552, 951),
	(553, 42),
	(553, 931),
	(554, 950),
	(555, 138),
	(555, 950),
	(555, 492),
	(556, 949),
	(556, 144),
	(556, 377),
	(557, 25),
	(557, 948),
	(559, 857),
	(559, 331),
	(559, 343),
	(559, 936),
	(560, 857),
	(560, 943),
	(560, 935),
	(560, 946),
	(560, 330),
	(561, 857),
	(561, 941),
	(561, 810),
	(561, 845),
	(562, 857),
	(562, 810),
	(562, 78),
	(562, 359),
	(562, 412),
	(563, 857),
	(563, 174),
	(563, 810),
	(564, 857),
	(564, 810),
	(564, 926),
	(565, 940),
	(568, 347),
	(569, 747),
	(570, 374),
	(571, 950),
	(572, 927),
	(572, 952),
	(573, 937),
	(573, 587),
	(574, 185),
	(574, 810),
	(575, 346),
	(576, 206),
	(576, 953),
	(577, 944),
	(578, 925),
	(578, 929),
	(579, 942),
	(580, 934),
	(580, 286),
	(581, 928),
	(581, 933),
	(581, 394),
	(582, 131),
	(582, 253),
	(583, 945),
	(583, 36),
	(583, 954),
	(586, 30),
	(586, 923),
	(587, 950),
	(592, 895),
	(593, 1043),
	(594, 981),
	(594, 989),
	(594, 976),
	(594, 1009),
	(595, 963),
	(596, 1000),
	(596, 985),
	(597, 983),
	(598, 1045),
	(599, 999),
	(600, 1032),
	(601, 1007),
	(601, 977),
	(602, 982),
	(602, 1038),
	(603, 1035),
	(604, 1028),
	(604, 980),
	(605, 1010),
	(605, 990),
	(606, 1023),
	(607, 1025),
	(607, 1003),
	(608, 974),
	(608, 998),
	(609, 996),
	(609, 979),
	(609, 995),
	(610, 964),
	(610, 1032),
	(611, 1015),
	(611, 992),
	(612, 997),
	(612, 971),
	(613, 962),
	(613, 1021),
	(614, 1041),
	(614, 1021),
	(614, 41),
	(614, 126),
	(615, 987),
	(616, 1032),
	(616, 1034),
	(617, 1033),
	(617, 984),
	(618, 966),
	(618, 897),
	(618, 1014),
	(619, 1044),
	(620, 967),
	(621, 1006),
	(622, 999),
	(624, 1001),
	(625, 1040),
	(625, 969),
	(626, 1005),
	(628, 994),
	(628, 1039),
	(629, 973),
	(630, 988),
	(631, 978),
	(631, 968),
	(632, 1019),
	(633, 965),
	(635, 1026),
	(636, 1020),
	(636, 992),
	(637, 1047),
	(637, 1031),
	(638, 1024),
	(638, 1022),
	(639, 1030),
	(640, 972),
	(641, 1047),
	(641, 986),
	(642, 975),
	(643, 1027),
	(644, 1016),
	(644, 1037),
	(645, 1029),
	(645, 970),
	(645, 1046),
	(646, 1033),
	(647, 1017),
	(648, 1013),
	(648, 1008),
	(649, 1018),
	(649, 1031),
	(650, 1012),
	(650, 1004),
	(650, 1057),
	(650, 991),
	(654, 1084),
	(656, 1088),
	(657, 1085),
	(657, 1081),
	(658, 1069),
	(658, 1085),
	(659, 1075),
	(660, 1072),
	(661, 1087),
	(662, 1091),
	(662, 1086),
	(662, 1070),
	(663, 1078),
	(663, 1089),
	(666, 1084),
	(668, 1083),
	(668, 1068),
	(668, 1082),
	(669, 1073),
	(670, 1080),
	(670, 1074),
	(670, 1090),
	(671, 1071),
	(672, 1122),
	(672, 1142),
	(676, 1135),
	(676, 1132),
	(676, 1131),
	(677, 1134),
	(677, 1146),
	(677, 1133),
	(677, 1141),
	(678, 1145),
	(678, 1138),
	(679, 330),
	(680, 1144),
	(680, 1123),
	(681, 1142),
	(681, 1143),
	(681, 1123),
	(682, 1142),
	(682, 1143),
	(684, 1142),
	(685, 1127),
	(686, 1149),
	(686, 1128),
	(686, 1125),
	(686, 1124),
	(686, 1142),
	(687, 1124),
	(687, 1126),
	(688, 1130),
	(688, 1129),
	(688, 1125),
	(690, 1121),
	(690, 1137),
	(691, 1139),
	(694, 1142),
	(695, 1124),
	(696, 1142),
	(697, 1142),
	(698, 1142),
	(699, 1142),
	(699, 1140);

INSERT INTO dat."LifepathCompanions"
	("LifepathId", "CompanionName", "GivesSkills", "GSPMultiplier", "LSPMultiplier", "RPMultiplier")
VALUES
	(207, "Husband", true, 0.0, 0.5, 0.25),
	(353, "Husband", true, 0.0, 0.5, 0.5),
	(441, "Owner", true, 0.0, 0.25, 0.0),
	(506, "Husband", true, 0.5, 0.5, 0.5);

INSERT INTO dat."LifepathCompanionSettingsLifepaths"
	("LifepathId", "CompanionSettingId", "CompanionLifepathId")
VALUES
	(207, 12, null),
	(353, 18, null),
	(441, 15, null),
	(441, 12, null),
	(441, 19, null),
	(441, 23, null),
	(506, 23, null);

INSERT INTO dat."LifepathRequirements"
	("Id", "LifepathId", "LogicTypeId", "MustFulfill", "FulfillmentAmount")
VALUES
	(0, 2, 1, true, 1),
	(1, 3, 1, true, 1),
	(2, 4, 1, true, 1),
	(3, 5, 1, true, 1),
	(4, 6, 1, true, 1),
	(5, 7, 1, true, 1),
	(6, 8, 1, true, 1),
	(7, 15, 1, true, 1),
	(8, 16, 1, true, 1),
	(9, 17, 0, true, 1),
	(10, 18, 1, true, 1),
	(11, 25, 1, true, 1),
	(12, 26, 1, true, 1),
	(13, 27, 1, true, 1),
	(14, 29, 1, true, 1),
	(15, 30, 1, true, 1),
	(16, 35, 1, true, 1),
	(17, 36, 1, false, 1),
	(18, 36, 1, false, 3),
	(19, 37, 1, true, 1),
	(20, 38, 1, true, 1),
	(21, 39, 1, true, 1),
	(22, 40, 1, false, 1),
	(23, 40, 1, false, 3),
	(24, 41, 1, true, 1),
	(25, 42, 1, true, 1),
	(26, 43, 1, true, 1),
	(27, 44, 1, true, 1),
	(28, 48, 1, true, 1),
	(29, 49, 1, true, 1),
	(30, 50, 1, true, 1),
	(31, 51, 1, true, 1),
	(32, 52, 0, true, 1),
	(33, 52, 1, true, 1),
	(34, 53, 0, true, 1),
	(35, 62, 1, true, 1),
	(36, 66, 0, true, 1),
	(37, 67, 1, true, 1),
	(38, 68, 1, true, 1),
	(39, 84, 1, true, 1),
	(40, 85, 1, true, 1),
	(41, 92, 1, true, 1),
	(42, 94, 1, true, 1),
	(43, 96, 1, true, 1),
	(44, 97, 1, true, 1),
	(45, 98, 1, true, 1),
	(46, 99, 1, true, 1),
	(47, 101, 1, true, 1),
	(48, 102, 1, true, 1),
	(49, 103, 1, true, 1),
	(50, 104, 1, true, 1),
	(51, 108, 1, true, 1),
	(52, 109, 1, true, 1),
	(53, 110, 1, true, 1),
	(54, 111, 0, true, 1),
	(55, 111, 1, true, 1),
	(56, 112, 0, true, 1),
	(57, 112, 1, true, 1),
	(58, 116, 1, true, 1),
	(59, 119, 1, true, 1),
	(60, 120, 1, true, 1),
	(61, 121, 1, true, 1),
	(62, 122, 1, false, 1),
	(63, 122, 1, false, 1),
	(64, 123, 1, false, 1),
	(65, 123, 1, false, 2),
	(66, 124, 1, true, 1),
	(67, 125, 1, true, 1),
	(68, 126, 1, true, 1),
	(69, 127, 0, true, 1),
	(70, 128, 1, true, 1),
	(71, 129, 1, true, 1),
	(72, 130, 1, true, 1),
	(73, 131, 1, true, 1),
	(74, 132, 1, true, 1),
	(75, 133, 1, true, 1),
	(76, 134, 1, true, 1),
	(77, 135, 1, true, 1),
	(78, 136, 1, false, 1),
	(79, 136, 1, false, 3),
	(80, 140, 0, true, 1),
	(81, 146, 1, true, 1),
	(82, 170, 0, true, 1),
	(83, 173, 1, true, 1),
	(84, 174, 1, true, 1),
	(85, 175, 1, true, 1),
	(86, 177, 0, true, 1),
	(87, 178, 0, true, 1),
	(88, 179, 1, true, 1),
	(89, 181, 1, true, 1),
	(90, 182, 1, true, 1),
	(91, 185, 1, true, 1),
	(92, 186, 1, true, 1),
	(93, 187, 1, true, 1),
	(94, 188, 1, true, 1),
	(95, 189, 1, true, 1),
	(96, 190, 1, true, 1),
	(97, 191, 1, true, 1),
	(98, 192, 1, true, 1),
	(99, 193, 1, true, 1),
	(100, 194, 1, true, 1),
	(101, 195, 1, true, 1),
	(102, 196, 1, true, 1),
	(103, 197, 1, true, 1),
	(104, 198, 1, true, 1),
	(105, 199, 1, true, 1),
	(106, 200, 1, true, 1),
	(107, 201, 1, true, 1),
	(108, 202, 1, true, 1),
	(109, 203, 1, true, 1),
	(110, 204, 1, true, 1),
	(111, 204, 1, true, 1),
	(112, 205, 1, true, 1),
	(113, 206, 1, true, 1),
	(114, 208, 1, true, 1),
	(115, 209, 0, true, 1),
	(116, 210, 1, true, 1),
	(117, 210, 0, true, 1),
	(118, 211, 1, true, 1),
	(119, 211, 0, true, 1),
	(120, 212, 1, true, 1),
	(121, 213, 1, true, 1),
	(122, 214, 1, true, 1),
	(123, 215, 1, true, 1),
	(124, 216, 1, false, 1),
	(125, 216, 0, false, 1),
	(126, 217, 1, true, 1),
	(127, 218, 1, true, 1),
	(128, 222, 1, true, 1),
	(129, 223, 1, true, 1),
	(130, 224, 1, true, 1),
	(131, 225, 1, true, 1),
	(132, 226, 1, true, 1),
	(133, 227, 2, true, 1),
	(134, 228, 0, true, 1),
	(135, 228, 2, true, 1),
	(136, 229, 0, true, 1),
	(137, 229, 2, true, 1),
	(138, 230, 2, true, 1),
	(139, 231, 1, true, 1),
	(140, 231, 2, true, 1),
	(141, 232, 2, true, 1),
	(142, 233, 2, true, 1),
	(143, 234, 0, true, 1),
	(144, 234, 2, true, 1),
	(145, 235, 1, true, 1),
	(146, 235, 2, true, 1),
	(147, 236, 1, true, 1),
	(148, 236, 0, true, undefined),
	(149, 236, 0, true, undefined),
	(150, 236, 2, true, 1),
	(151, 237, 1, true, 1),
	(152, 237, 2, true, 1),
	(153, 238, 1, true, 1),
	(154, 238, 0, true, undefined),
	(155, 238, 0, true, undefined),
	(156, 238, 2, true, 1),
	(157, 239, 1, false, 1),
	(158, 239, 0, false, 1),
	(159, 239, 0, false, 1),
	(160, 239, 2, true, 1),
	(161, 240, 1, false, 1),
	(162, 240, 0, false, 1),
	(163, 240, 0, false, 1),
	(164, 240, 2, true, 1),
	(165, 241, 1, false, 1),
	(166, 241, 0, false, 1),
	(167, 241, 0, false, 1),
	(168, 241, 2, true, 1),
	(169, 242, 1, false, 1),
	(170, 242, 0, false, 1),
	(171, 242, 0, false, 1),
	(172, 242, 2, true, 1),
	(173, 243, 1, false, 1),
	(174, 243, 0, false, 1),
	(175, 243, 0, false, 1),
	(176, 243, 2, true, 1),
	(177, 244, 1, true, 1),
	(178, 244, 2, true, 1),
	(179, 245, 0, true, 1),
	(180, 248, 1, true, 1),
	(181, 256, 0, true, 1),
	(182, 257, 1, true, 1),
	(183, 262, 1, true, 1),
	(184, 263, 0, true, 1),
	(185, 264, 1, true, 1),
	(186, 266, 1, true, 1),
	(187, 267, 1, true, 1),
	(188, 268, 1, true, 1),
	(189, 269, 1, true, 1),
	(190, 270, 1, true, 1),
	(191, 271, 1, true, 1),
	(192, 272, 1, true, 1),
	(193, 273, 1, true, 1),
	(194, 274, 1, true, 1),
	(195, 275, 1, true, 1),
	(196, 276, 1, true, 1),
	(197, 277, 1, true, 1),
	(198, 278, 1, true, 1),
	(199, 279, 1, true, 1),
	(200, 280, 1, true, 1),
	(201, 281, 1, true, 1),
	(202, 282, 1, true, 1),
	(203, 283, 1, true, 1),
	(204, 284, 1, true, 1),
	(205, 285, 1, true, 1),
	(206, 286, 1, true, 1),
	(207, 287, 1, true, 1),
	(208, 288, 0, true, 1),
	(209, 289, 0, true, 1),
	(210, 299, 1, true, 1),
	(211, 305, 1, true, 1),
	(212, 315, 1, true, 1),
	(213, 316, 1, true, 1),
	(214, 317, 1, true, 1),
	(215, 318, 1, true, 1),
	(216, 319, 1, true, 1),
	(217, 320, 1, true, 1),
	(218, 321, 0, true, 1),
	(219, 322, 1, true, 1),
	(220, 323, 1, true, 1),
	(221, 325, 1, true, 1),
	(222, 326, 1, true, 1),
	(223, 329, 1, true, 1),
	(224, 331, 1, true, 1),
	(225, 332, 1, true, 1),
	(226, 333, 1, true, 1),
	(227, 336, 0, true, 1),
	(228, 337, 1, false, 1),
	(229, 337, 0, false, 1),
	(230, 338, 1, true, 1),
	(231, 349, 0, true, 1),
	(232, 350, 1, false, 1),
	(233, 350, 0, false, 1),
	(234, 351, 1, true, 1),
	(235, 352, 1, true, 1),
	(236, 354, 1, true, 1),
	(237, 355, 0, true, 1),
	(238, 366, 1, true, 1),
	(239, 367, 1, true, 1),
	(240, 368, 1, true, 1),
	(241, 369, 1, true, 1),
	(242, 370, 1, true, 1),
	(243, 371, 1, true, 1),
	(244, 372, 1, true, 1),
	(245, 373, 1, true, 1),
	(246, 374, 1, true, 1),
	(247, 375, 1, true, 1),
	(248, 376, 1, false, 1),
	(249, 376, 1, false, 2),
	(250, 377, 0, true, 1),
	(251, 381, 1, true, 1),
	(252, 385, 1, true, 1),
	(253, 386, 1, true, 1),
	(254, 391, 1, true, 1),
	(255, 392, 1, true, 1),
	(256, 393, 1, true, 1),
	(257, 394, 1, true, 1),
	(258, 395, 1, true, 1),
	(259, 396, 1, true, 1),
	(260, 397, 1, true, 1),
	(261, 398, 1, false, 1),
	(262, 398, 0, false, 1),
	(263, 400, 1, true, 1),
	(264, 401, 1, true, 1),
	(265, 402, 1, true, 1),
	(266, 403, 1, true, 1),
	(267, 404, 1, true, 1),
	(268, 407, 0, true, 1),
	(269, 413, 1, true, 1),
	(270, 413, 0, true, 1),
	(271, 414, 1, true, 1),
	(272, 416, 1, true, 1),
	(273, 417, 1, true, 1),
	(274, 418, 1, true, 1),
	(275, 419, 1, true, 1),
	(276, 420, 1, true, 1),
	(277, 421, 1, true, 1),
	(278, 422, 1, true, 1),
	(279, 423, 1, true, 1),
	(280, 424, 1, true, 1),
	(281, 426, 1, true, 1),
	(282, 428, 1, true, 1),
	(283, 429, 1, true, 1),
	(284, 429, 0, true, 1),
	(285, 430, 1, true, 1),
	(286, 431, 1, false, 1),
	(287, 431, 1, false, 2),
	(288, 432, 1, false, 1),
	(289, 432, 1, false, 2),
	(290, 443, 1, true, 1),
	(291, 444, 1, true, 1),
	(292, 445, 0, true, 1),
	(293, 446, 1, true, 1),
	(294, 449, 1, true, 1),
	(295, 452, 1, true, 1),
	(296, 454, 1, true, 1),
	(297, 459, 1, true, 1),
	(298, 461, 1, true, 1),
	(299, 462, 1, true, 1),
	(300, 463, 1, true, 2),
	(301, 464, 1, true, 1),
	(302, 467, 0, true, 1),
	(303, 478, 1, true, 1),
	(304, 479, 1, true, 1),
	(305, 481, 0, true, 1),
	(306, 483, 1, true, 1),
	(307, 484, 1, true, 1),
	(308, 486, 0, true, 1),
	(309, 487, 1, true, 1),
	(310, 488, 1, true, 1),
	(311, 494, 1, true, 1),
	(312, 495, 1, true, 1),
	(313, 497, 1, true, 1),
	(314, 498, 1, true, 1),
	(315, 499, 1, true, 1),
	(316, 500, 1, true, 1),
	(317, 501, 0, true, 1),
	(318, 503, 1, true, 1),
	(319, 504, 1, true, 1),
	(320, 505, 1, true, 1),
	(321, 508, 1, true, 1),
	(322, 508, 2, true, 1),
	(323, 516, 1, true, 1),
	(324, 517, 0, true, 1),
	(325, 518, 1, true, 1),
	(326, 519, 1, true, 1),
	(327, 520, 1, true, 1),
	(328, 521, 1, true, 1),
	(329, 522, 0, true, 1),
	(330, 523, 1, true, 1),
	(331, 524, 0, true, 1),
	(332, 525, 1, true, 1),
	(333, 526, 1, true, 1),
	(334, 527, 1, true, 1),
	(335, 528, 1, true, 1),
	(336, 529, 1, true, 1),
	(337, 530, 1, true, 1),
	(338, 531, 1, true, 1),
	(339, 532, 1, true, 1),
	(340, 533, 0, true, 1),
	(341, 536, 1, true, 1),
	(342, 537, 1, true, 1),
	(343, 540, 1, true, 1),
	(344, 542, 1, true, 1),
	(345, 543, 1, true, 1),
	(346, 544, 1, true, 1),
	(347, 546, 2, true, 1),
	(348, 547, 2, true, 1),
	(349, 548, 2, true, 1),
	(350, 549, 2, true, 1),
	(351, 550, 1, true, 1),
	(352, 551, 1, true, 1),
	(353, 552, 1, true, 1),
	(354, 553, 1, true, 1),
	(355, 554, 1, true, 1),
	(356, 555, 1, true, 1),
	(357, 556, 1, true, 1),
	(358, 557, 1, true, 1),
	(359, 566, 1, true, 1),
	(360, 567, 1, true, 1),
	(361, 568, 1, true, 1),
	(362, 569, 1, true, 1),
	(363, 570, 1, true, 1),
	(364, 571, 1, false, 1),
	(365, 571, 1, false, 4),
	(366, 573, 0, true, 1),
	(367, 575, 1, true, 1),
	(368, 576, 1, true, 1),
	(369, 577, 1, true, 1),
	(370, 578, 1, true, 1),
	(371, 579, 1, true, 1),
	(372, 580, 1, true, 1),
	(373, 581, 0, true, 1),
	(374, 583, 1, true, 1),
	(375, 584, 1, true, 1),
	(376, 585, 1, true, 1),
	(377, 586, 1, true, 1),
	(378, 587, 1, true, 1),
	(379, 588, 1, true, 1),
	(380, 589, 1, true, 1),
	(381, 590, 1, true, 1),
	(382, 591, 1, true, 1),
	(383, 591, 1, true, 1),
	(384, 592, 1, true, 1),
	(385, 599, 1, true, 1),
	(386, 600, 1, true, 1),
	(387, 601, 1, true, 1),
	(388, 602, 1, true, 1),
	(389, 603, 1, true, 1),
	(390, 604, 1, true, 1),
	(391, 605, 1, true, 1),
	(392, 606, 1, true, 1),
	(393, 607, 1, true, 1),
	(394, 608, 1, true, 1),
	(395, 609, 1, false, 1),
	(396, 609, 2, false, 1),
	(397, 610, 1, true, 1),
	(398, 611, 1, true, 1),
	(399, 612, 1, true, 1),
	(400, 613, 1, true, 1),
	(401, 616, 1, true, 1),
	(402, 617, 1, true, 1),
	(403, 625, 1, true, 1),
	(404, 626, 1, true, 1),
	(405, 627, 1, true, 1),
	(406, 628, 1, true, 1),
	(407, 629, 1, true, 1),
	(408, 630, 1, true, 1),
	(409, 631, 1, true, 1),
	(410, 632, 0, true, 1),
	(411, 633, 0, true, 1),
	(412, 634, 1, true, 1),
	(413, 635, 1, true, 1),
	(414, 637, 1, true, 1),
	(415, 638, 1, true, 1),
	(416, 639, 1, true, 1),
	(417, 641, 1, true, 1),
	(418, 642, 1, true, 1),
	(419, 643, 1, true, 1),
	(420, 644, 1, true, 1),
	(421, 645, 1, true, 1),
	(422, 646, 1, true, 1),
	(423, 647, 1, true, 1),
	(424, 648, 1, true, 1),
	(425, 649, 1, true, 1),
	(426, 650, 1, true, 1),
	(427, 655, 1, true, 1),
	(428, 660, 1, true, 1),
	(429, 661, 1, true, 1),
	(430, 662, 1, true, 1),
	(431, 663, 1, true, 1),
	(432, 669, 1, true, 1),
	(433, 670, 1, true, 1),
	(434, 671, 1, true, 1),
	(435, 673, 0, true, 1),
	(436, 674, 1, true, 1),
	(437, 675, 1, true, 1),
	(438, 676, 1, true, 1),
	(439, 677, 0, true, 1),
	(440, 678, 1, true, 1),
	(441, 679, 1, true, 1),
	(442, 681, 0, true, 1),
	(443, 683, 1, true, 1),
	(444, 684, 0, true, 1),
	(445, 685, 1, true, 1),
	(446, 686, 1, true, 1),
	(447, 687, 1, true, 1),
	(448, 688, 1, true, 1),
	(449, 689, 0, true, 1),
	(450, 690, 1, true, 1),
	(451, 691, 1, true, 1),
	(452, 693, 0, true, 1),
	(453, 695, 1, true, 1),
	(454, 698, 0, true, 1),
	(455, 699, 0, true, 1);

INSERT INTO dat."LifepathRequirementItems"
	("RequirementId", "RequirementTypeId", "ForCompanion", "Min", "Max", "SettingId", "LifepathId", "SkillId", "TraitId", "AttributeId")
VALUES
	(0, 8, false, null, null, null, 1, null, null, null),
	(0, 8, false, null, null, null, 25, null, null, null),
	(1, 8, false, null, null, null, 2, null, null, null),
	(1, 8, false, null, null, null, 26, null, null, null),
	(2, 8, false, null, null, null, 3, null, null, null),
	(3, 8, false, null, null, null, 3, null, null, null),
	(4, 8, false, null, null, null, 4, null, null, null),
	(5, 8, false, null, null, null, 5, null, null, null),
	(6, 8, false, null, null, null, 3, null, null, null),
	(6, 8, false, null, null, null, 2, null, null, null),
	(7, 8, false, null, null, null, 14, null, null, null),
	(7, 8, false, null, null, null, 18, null, null, null),
	(7, 8, false, null, null, null, 50, null, null, null),
	(7, 8, false, null, null, null, 39, null, null, null),
	(7, 8, false, null, null, null, 57, null, null, null),
	(8, 8, false, null, null, null, 13, null, null, null),
	(8, 8, false, null, null, null, 1, null, null, null),
	(8, 8, false, null, null, null, 41, null, null, null),
	(9, 5, false, 3, null, null, null, null, null, null),
	(10, 8, false, null, null, null, 16, null, null, null),
	(10, 8, false, null, null, null, 36, null, null, null),
	(10, 8, false, null, null, null, 3, null, null, null),
	(10, 8, false, null, null, null, 27, null, null, null),
	(10, 8, false, null, null, null, 50, null, null, null),
	(10, 8, false, null, null, null, 54, null, null, null),
	(10, 8, false, null, null, null, 17, null, null, null),
	(11, 8, false, null, null, null, 24, null, null, null),
	(11, 8, false, null, null, null, 1, null, null, null),
	(11, 8, false, null, null, null, 47, null, null, null),
	(12, 8, false, null, null, null, 25, null, null, null),
	(12, 8, false, null, null, null, 3, null, null, null),
	(12, 8, false, null, null, null, 40, null, null, null),
	(12, 8, false, null, null, null, 41, null, null, null),
	(13, 8, false, null, null, null, 23, null, null, null),
	(13, 8, false, null, null, null, 25, null, null, null),
	(13, 8, false, null, null, null, 54, null, null, null),
	(13, 8, false, null, null, null, 17, null, null, null),
	(14, 8, false, null, null, null, 55, null, null, null),
	(14, 8, false, null, null, null, 23, null, null, null),
	(14, 8, false, null, null, null, 25, null, null, null),
	(14, 8, false, null, null, null, 54, null, null, null),
	(14, 8, false, null, null, null, 17, null, null, null),
	(15, 8, false, null, null, null, 23, null, null, null),
	(15, 8, false, null, null, null, 25, null, null, null),
	(15, 8, false, null, null, null, 54, null, null, null),
	(15, 8, false, null, null, null, 17, null, null, null),
	(16, 8, false, null, null, null, 47, null, null, null),
	(16, 8, false, null, null, null, 36, null, null, null),
	(16, 8, false, null, null, null, 33, null, null, null),
	(17, 8, false, null, null, null, 35, null, null, null),
	(17, 8, false, null, null, null, 18, null, null, null),
	(18, 7, false, null, null, 3, null, null, null, null),
	(19, 8, false, null, null, null, 46, null, null, null),
	(19, 8, false, null, null, null, 50, null, null, null),
	(19, 8, false, null, null, null, 36, null, null, null),
	(20, 8, false, null, null, null, 50, null, null, null),
	(20, 8, false, null, null, null, 51, null, null, null),
	(20, 8, false, null, null, null, 27, null, null, null),
	(20, 8, false, null, null, null, 36, null, null, null),
	(21, 8, false, null, null, null, 53, null, null, null),
	(21, 8, false, null, null, null, 36, null, null, null),
	(22, 8, false, null, null, null, 4, null, null, null),
	(22, 8, false, null, null, null, 26, null, null, null),
	(22, 8, false, null, null, null, 16, null, null, null),
	(23, 8, false, null, null, null, 32, null, null, null),
	(24, 8, false, null, null, null, 40, null, null, null),
	(24, 8, false, null, null, null, 4, null, null, null),
	(25, 8, false, null, null, null, 53, null, null, null),
	(25, 8, false, null, null, null, 39, null, null, null),
	(25, 8, false, null, null, null, 52, null, null, null),
	(26, 9, false, null, null, null, null, 212, null, null),
	(26, 9, false, null, null, null, null, 213, null, null),
	(26, 9, false, null, null, null, null, 214, null, null),
	(26, 9, false, null, null, null, null, 215, null, null),
	(26, 7, false, null, null, 3, null, null, null, null),
	(27, 9, false, null, null, null, null, 212, null, null),
	(27, 9, false, null, null, null, null, 213, null, null),
	(27, 9, false, null, null, null, null, 214, null, null),
	(27, 9, false, null, null, null, null, 215, null, null),
	(27, 7, false, null, null, 3, null, null, null, null),
	(28, 8, false, null, null, null, 47, null, null, null),
	(28, 8, false, null, null, null, 33, null, null, null),
	(29, 8, false, null, null, null, 46, null, null, null),
	(29, 8, false, null, null, null, 37, null, null, null),
	(29, 8, false, null, null, null, 36, null, null, null),
	(30, 8, false, null, null, null, 27, null, null, null),
	(30, 8, false, null, null, null, 18, null, null, null),
	(30, 8, false, null, null, null, 38, null, null, null),
	(30, 8, false, null, null, null, 49, null, null, null),
	(30, 8, false, null, null, null, 37, null, null, null),
	(30, 8, false, null, null, null, 36, null, null, null),
	(31, 8, false, null, null, null, 50, null, null, null),
	(31, 8, false, null, null, null, 3, null, null, null),
	(31, 8, false, null, null, null, 42, null, null, null),
	(32, 8, false, null, null, null, 48, null, null, null),
	(33, 8, false, null, null, null, 39, null, null, null),
	(33, 8, false, null, null, null, 42, null, null, null),
	(34, 8, false, null, null, null, 45, null, null, null),
	(34, 8, false, null, null, null, 48, null, null, null),
	(35, 9, false, null, null, null, null, 212, null, null),
	(35, 9, false, null, null, null, null, 213, null, null),
	(35, 9, false, null, null, null, null, 214, null, null),
	(35, 9, false, null, null, null, null, 215, null, null),
	(35, 7, false, null, null, 3, null, null, null, null),
	(36, 8, false, null, null, null, 64, null, null, null),
	(37, 8, false, null, null, null, 65, null, null, null),
	(37, 8, false, null, null, null, 64, null, null, null),
	(38, 8, false, null, null, null, 67, null, null, null),
	(38, 8, false, null, null, null, 66, null, null, null),
	(39, 8, false, null, null, null, 83, null, null, null),
	(40, 4, false, 600, null, null, null, null, null, null),
	(40, 6, false, null, 100, null, null, null, null, null),
	(41, 8, false, null, null, null, 88, null, null, null),
	(41, 8, false, null, null, null, 93, null, null, null),
	(41, 8, false, null, null, null, 83, null, null, null),
	(41, 8, false, null, null, null, 70, null, null, null),
	(41, 8, false, null, null, null, 76, null, null, null),
	(41, 7, false, null, null, 9, null, null, null, null),
	(41, 7, false, null, null, 10, null, null, null, null),
	(42, 8, false, null, null, null, 93, null, null, null),
	(42, 8, false, null, null, null, 102, null, null, null),
	(42, 8, false, null, null, null, 122, null, null, null),
	(42, 8, false, null, null, null, 109, null, null, null),
	(42, 8, false, null, null, null, 119, null, null, null),
	(43, 8, false, null, null, null, 95, null, null, null),
	(44, 8, false, null, null, null, 96, null, null, null),
	(45, 8, false, null, null, null, 96, null, null, null),
	(46, 8, false, null, null, null, 96, null, null, null),
	(47, 8, false, null, null, null, 109, null, null, null),
	(47, 8, false, null, null, null, 119, null, null, null),
	(48, 8, false, null, null, null, 114, null, null, null),
	(48, 8, false, null, null, null, 107, null, null, null),
	(48, 8, false, null, null, null, 106, null, null, null),
	(48, 8, false, null, null, null, 83, null, null, null),
	(49, 8, false, null, null, null, 101, null, null, null),
	(49, 8, false, null, null, null, 102, null, null, null),
	(49, 8, false, null, null, null, 110, null, null, null),
	(49, 8, false, null, null, null, 84, null, null, null),
	(50, 8, false, null, null, null, 84, null, null, null),
	(50, 8, false, null, null, null, 103, null, null, null),
	(50, 8, false, null, null, null, 110, null, null, null),
	(50, 8, false, null, null, null, 101, null, null, null),
	(50, 8, false, null, null, null, 98, null, null, null),
	(50, 8, false, null, null, null, 94, null, null, null),
	(50, 8, false, null, null, null, 123, null, null, null),
	(51, 8, false, null, null, null, 107, null, null, null),
	(51, 8, false, null, null, null, 117, null, null, null),
	(51, 8, false, null, null, null, 118, null, null, null),
	(51, 8, false, null, null, null, 93, null, null, null),
	(51, 8, false, null, null, null, 92, null, null, null),
	(52, 8, false, null, null, null, 108, null, null, null),
	(52, 8, false, null, null, null, 121, null, null, null),
	(52, 8, false, null, null, null, 122, null, null, null),
	(53, 8, false, null, null, null, 122, null, null, null),
	(53, 8, false, null, null, null, 98, null, null, null),
	(53, 8, false, null, null, null, 101, null, null, null),
	(53, 8, false, null, null, null, 103, null, null, null),
	(53, 8, false, null, null, null, 102, null, null, null),
	(53, 8, false, null, null, null, 94, null, null, null),
	(53, 8, false, null, null, null, 84, null, null, null),
	(54, 10, false, null, null, null, null, null, 780, null),
	(55, 8, false, null, null, null, 109, null, null, null),
	(55, 8, false, null, null, null, 119, null, null, null),
	(56, 10, false, null, null, null, null, null, 776, null),
	(57, 8, false, null, null, null, 103, null, null, null),
	(57, 8, false, null, null, null, 111, null, null, null),
	(58, 8, false, null, null, null, 79, null, null, null),
	(58, 8, false, null, null, null, 75, null, null, null),
	(58, 8, false, null, null, null, 117, null, null, null),
	(58, 8, false, null, null, null, 108, null, null, null),
	(59, 8, false, null, null, null, 108, null, null, null),
	(59, 8, false, null, null, null, 92, null, null, null),
	(59, 8, false, null, null, null, 115, null, null, null),
	(59, 8, false, null, null, null, 83, null, null, null),
	(59, 8, false, null, null, null, 118, null, null, null),
	(60, 8, false, null, null, null, 113, null, null, null),
	(61, 8, false, null, null, null, 120, null, null, null),
	(61, 8, false, null, null, null, 108, null, null, null),
	(62, 8, false, null, null, null, 119, null, null, null),
	(62, 8, false, null, null, null, 109, null, null, null),
	(62, 8, false, null, null, null, 121, null, null, null),
	(62, 8, false, null, null, null, 94, null, null, null),
	(63, 8, false, null, null, null, 117, null, null, null),
	(63, 8, false, null, null, null, 118, null, null, null),
	(64, 8, false, null, null, null, 122, null, null, null),
	(64, 8, false, null, null, null, 111, null, null, null),
	(64, 8, false, null, null, null, 94, null, null, null),
	(64, 8, false, null, null, null, 110, null, null, null),
	(65, 8, false, null, null, null, 119, null, null, null),
	(65, 8, false, null, null, null, 109, null, null, null),
	(66, 8, false, null, null, null, 96, null, null, null),
	(66, 8, false, null, null, null, 125, null, null, null),
	(67, 8, false, null, null, null, 124, null, null, null),
	(67, 8, false, null, null, null, 96, null, null, null),
	(67, 8, false, null, null, null, 117, null, null, null),
	(67, 8, false, null, null, null, 118, null, null, null),
	(68, 8, false, null, null, null, 123, null, null, null),
	(68, 8, false, null, null, null, 111, null, null, null),
	(69, 11, false, 3, null, null, null, null, null, 13),
	(70, 8, false, null, null, null, 127, null, null, null),
	(71, 8, false, null, null, null, 127, null, null, null),
	(72, 8, false, null, null, null, 127, null, null, null),
	(73, 8, false, null, null, null, 127, null, null, null),
	(74, 8, false, null, null, null, 127, null, null, null),
	(75, 8, false, null, null, null, 127, null, null, null),
	(76, 8, false, null, null, null, 130, null, null, null),
	(76, 8, false, null, null, null, 132, null, null, null),
	(76, 8, false, null, null, null, 133, null, null, null),
	(77, 8, false, null, null, null, 134, null, null, null),
	(77, 8, false, null, null, null, 128, null, null, null),
	(77, 8, false, null, null, null, 131, null, null, null),
	(78, 8, false, null, null, null, 135, null, null, null),
	(79, 7, false, null, null, 11, null, null, null, null),
	(80, 5, false, null, 3, null, null, null, null, null),
	(81, 8, false, null, null, null, 231, null, null, null),
	(81, 8, false, null, null, null, 262, null, null, null),
	(81, 8, false, null, null, null, 180, null, null, null),
	(81, 8, false, null, null, null, 182, null, null, null),
	(81, 8, false, null, null, null, 454, null, null, null),
	(81, 7, false, null, null, 17, null, null, null, null),
	(81, 7, false, null, null, 19, null, null, null, null),
	(82, 2, false, null, null, null, null, null, null, null),
	(83, 8, false, null, null, null, 154, null, null, null),
	(83, 8, false, null, null, null, 230, null, null, null),
	(83, 8, false, null, null, null, 255, null, null, null),
	(83, 8, false, null, null, null, 390, null, null, null),
	(83, 8, false, null, null, null, 492, null, null, null),
	(83, 8, false, null, null, null, 172, null, null, null),
	(83, 8, false, null, null, null, 475, null, null, null),
	(84, 8, false, null, null, null, 172, null, null, null),
	(84, 8, false, null, null, null, 475, null, null, null),
	(84, 8, false, null, null, null, 234, null, null, null),
	(84, 8, false, null, null, null, 263, null, null, null),
	(84, 8, false, null, null, null, 154, null, null, null),
	(84, 8, false, null, null, null, 230, null, null, null),
	(84, 8, false, null, null, null, 255, null, null, null),
	(85, 8, false, null, null, null, 173, null, null, null),
	(85, 8, false, null, null, null, 321, null, null, null),
	(85, 8, false, null, null, null, 387, null, null, null),
	(85, 8, false, null, null, null, 386, null, null, null),
	(85, 8, false, null, null, null, 385, null, null, null),
	(85, 8, false, null, null, null, 205, null, null, null),
	(85, 8, false, null, null, null, 398, null, null, null),
	(85, 9, false, null, null, null, null, 812, null, null),
	(85, 9, false, null, null, null, null, 811, null, null),
	(85, 9, false, null, null, null, null, 814, null, null),
	(86, 5, false, 3, null, null, null, null, null, null),
	(87, 5, false, 3, null, null, null, null, null, null),
	(88, 8, false, null, null, null, 153, null, null, null),
	(88, 8, false, null, null, null, 362, null, null, null),
	(88, 8, false, null, null, null, 412, null, null, null),
	(88, 8, false, null, null, null, 476, null, null, null),
	(88, 8, false, null, null, null, 313, null, null, null),
	(88, 8, false, null, null, null, 235, null, null, null),
	(88, 8, false, null, null, null, 264, null, null, null),
	(89, 8, false, null, null, null, 180, null, null, null),
	(89, 8, false, null, null, null, 182, null, null, null),
	(89, 8, false, null, null, null, 417, null, null, null),
	(89, 8, false, null, null, null, 431, null, null, null),
	(89, 8, false, null, null, null, 359, null, null, null),
	(89, 8, false, null, null, null, 315, null, null, null),
	(89, 8, false, null, null, null, 231, null, null, null),
	(89, 8, false, null, null, null, 262, null, null, null),
	(89, 8, false, null, null, null, 257, null, null, null),
	(89, 8, false, null, null, null, 368, null, null, null),
	(90, 8, false, null, null, null, 235, null, null, null),
	(90, 8, false, null, null, null, 264, null, null, null),
	(90, 8, false, null, null, null, 376, null, null, null),
	(90, 8, false, null, null, null, 483, null, null, null),
	(90, 8, false, null, null, null, 484, null, null, null),
	(90, 8, false, null, null, null, 366, null, null, null),
	(91, 8, false, null, null, null, 183, null, null, null),
	(91, 8, false, null, null, null, 357, null, null, null),
	(91, 8, false, null, null, null, 496, null, null, null),
	(92, 8, false, null, null, null, 185, null, null, null),
	(92, 8, false, null, null, null, 369, null, null, null),
	(92, 8, false, null, null, null, 497, null, null, null),
	(93, 8, false, null, null, null, 185, null, null, null),
	(93, 8, false, null, null, null, 369, null, null, null),
	(93, 8, false, null, null, null, 497, null, null, null),
	(94, 8, false, null, null, null, 185, null, null, null),
	(94, 8, false, null, null, null, 369, null, null, null),
	(94, 8, false, null, null, null, 497, null, null, null),
	(95, 8, false, null, null, null, 185, null, null, null),
	(95, 8, false, null, null, null, 369, null, null, null),
	(95, 8, false, null, null, null, 497, null, null, null),
	(96, 8, false, null, null, null, 185, null, null, null),
	(96, 8, false, null, null, null, 369, null, null, null),
	(96, 8, false, null, null, null, 497, null, null, null),
	(97, 8, false, null, null, null, 185, null, null, null),
	(97, 8, false, null, null, null, 369, null, null, null),
	(97, 8, false, null, null, null, 497, null, null, null),
	(98, 8, false, null, null, null, 227, null, null, null),
	(98, 8, false, null, null, null, 198, null, null, null),
	(98, 8, false, null, null, null, 505, null, null, null),
	(98, 8, false, null, null, null, 366, null, null, null),
	(98, 8, false, null, null, null, 257, null, null, null),
	(98, 8, false, null, null, null, 201, null, null, null),
	(99, 8, false, null, null, null, 154, null, null, null),
	(99, 8, false, null, null, null, 230, null, null, null),
	(99, 8, false, null, null, null, 255, null, null, null),
	(99, 8, false, null, null, null, 234, null, null, null),
	(99, 8, false, null, null, null, 263, null, null, null),
	(100, 8, false, null, null, null, 154, null, null, null),
	(100, 8, false, null, null, null, 230, null, null, null),
	(100, 8, false, null, null, null, 255, null, null, null),
	(100, 8, false, null, null, null, 234, null, null, null),
	(100, 8, false, null, null, null, 263, null, null, null),
	(101, 8, false, null, null, null, 338, null, null, null),
	(101, 8, false, null, null, null, 154, null, null, null),
	(101, 8, false, null, null, null, 230, null, null, null),
	(101, 8, false, null, null, null, 255, null, null, null),
	(101, 8, false, null, null, null, 234, null, null, null),
	(101, 8, false, null, null, null, 263, null, null, null),
	(102, 7, false, null, null, 15, null, null, null, null),
	(102, 7, false, null, null, 16, null, null, null, null),
	(102, 7, false, null, null, 20, null, null, null, null),
	(103, 8, false, null, null, null, 198, null, null, null),
	(103, 8, false, null, null, null, 505, null, null, null),
	(103, 8, false, null, null, null, 176, null, null, null),
	(103, 8, false, null, null, null, 275, null, null, null),
	(103, 8, false, null, null, null, 430, null, null, null),
	(103, 8, false, null, null, null, 174, null, null, null),
	(103, 8, false, null, null, null, 284, null, null, null),
	(104, 8, false, null, null, null, 204, null, null, null),
	(104, 8, false, null, null, null, 500, null, null, null),
	(104, 8, false, null, null, null, 276, null, null, null),
	(104, 8, false, null, null, null, 277, null, null, null),
	(104, 8, false, null, null, null, 176, null, null, null),
	(104, 8, false, null, null, null, 275, null, null, null),
	(104, 8, false, null, null, null, 430, null, null, null),
	(104, 8, false, null, null, null, 191, null, null, null),
	(104, 8, false, null, null, null, 187, null, null, null),
	(104, 8, false, null, null, null, 188, null, null, null),
	(104, 8, false, null, null, null, 272, null, null, null),
	(104, 8, false, null, null, null, 370, null, null, null),
	(104, 8, false, null, null, null, 487, null, null, null),
	(104, 8, false, null, null, null, 265, null, null, null),
	(104, 8, false, null, null, null, 284, null, null, null),
	(105, 8, false, null, null, null, 507, null, null, null),
	(105, 8, false, null, null, null, 157, null, null, null),
	(105, 8, false, null, null, null, 232, null, null, null),
	(105, 8, false, null, null, null, 423, null, null, null),
	(106, 8, false, null, null, null, 233, null, null, null),
	(106, 8, false, null, null, null, 158, null, null, null),
	(106, 8, false, null, null, null, 390, null, null, null),
	(106, 8, false, null, null, null, 381, null, null, null),
	(107, 8, false, null, null, null, 504, null, null, null),
	(107, 8, false, null, null, null, 177, null, null, null),
	(107, 8, false, null, null, null, 486, null, null, null),
	(107, 8, false, null, null, null, 279, null, null, null),
	(107, 8, false, null, null, null, 280, null, null, null),
	(108, 8, false, null, null, null, 504, null, null, null),
	(108, 8, false, null, null, null, 175, null, null, null),
	(108, 8, false, null, null, null, 391, null, null, null),
	(108, 8, false, null, null, null, 402, null, null, null),
	(108, 8, false, null, null, null, 205, null, null, null),
	(108, 8, false, null, null, null, 398, null, null, null),
	(108, 8, false, null, null, null, 376, null, null, null),
	(108, 8, false, null, null, null, 432, null, null, null),
	(108, 8, false, null, null, null, 203, null, null, null),
	(108, 8, false, null, null, null, 204, null, null, null),
	(108, 8, false, null, null, null, 500, null, null, null),
	(108, 8, false, null, null, null, 235, null, null, null),
	(108, 8, false, null, null, null, 264, null, null, null),
	(108, 8, false, null, null, null, 265, null, null, null),
	(108, 8, false, null, null, null, 276, null, null, null),
	(109, 8, false, null, null, null, 184, null, null, null),
	(109, 8, false, null, null, null, 373, null, null, null),
	(109, 8, false, null, null, null, 428, null, null, null),
	(109, 8, false, null, null, null, 204, null, null, null),
	(109, 8, false, null, null, null, 500, null, null, null),
	(110, 8, false, null, null, null, 185, null, null, null),
	(110, 8, false, null, null, null, 369, null, null, null),
	(110, 8, false, null, null, null, 497, null, null, null),
	(111, 8, false, null, null, null, 190, null, null, null),
	(111, 8, false, null, null, null, 189, null, null, null),
	(111, 8, false, null, null, null, 186, null, null, null),
	(111, 8, false, null, null, null, 187, null, null, null),
	(111, 8, false, null, null, null, 188, null, null, null),
	(111, 8, false, null, null, null, 272, null, null, null),
	(111, 8, false, null, null, null, 370, null, null, null),
	(111, 8, false, null, null, null, 273, null, null, null),
	(111, 8, false, null, null, null, 371, null, null, null),
	(111, 8, false, null, null, null, 487, null, null, null),
	(111, 8, false, null, null, null, 499, null, null, null),
	(111, 8, false, null, null, null, 178, null, null, null),
	(111, 8, false, null, null, null, 479, null, null, null),
	(112, 8, false, null, null, null, 395, null, null, null),
	(112, 8, false, null, null, null, 396, null, null, null),
	(112, 8, false, null, null, null, 275, null, null, null),
	(112, 8, false, null, null, null, 430, null, null, null),
	(112, 8, false, null, null, null, 284, null, null, null),
	(112, 10, false, null, null, null, null, null, 864, null),
	(113, 8, false, null, null, null, 198, null, null, null),
	(113, 8, false, null, null, null, 505, null, null, null),
	(113, 8, false, null, null, null, 276, null, null, null),
	(114, 8, false, null, null, null, 156, null, null, null),
	(114, 8, false, null, null, null, 287, null, null, null),
	(114, 8, false, null, null, null, 215, null, null, null),
	(114, 8, false, null, null, null, 317, null, null, null),
	(114, 8, false, null, null, null, 319, null, null, null),
	(114, 8, false, null, null, null, 328, null, null, null),
	(114, 8, false, null, null, null, 423, null, null, null),
	(114, 7, false, null, null, 20, null, null, null, null),
	(115, 5, false, null, 2, null, null, null, null, null),
	(115, 0, false, null, null, null, null, null, null, null),
	(116, 8, false, null, null, null, 209, null, null, null),
	(116, 8, false, null, null, null, 232, null, null, null),
	(116, 8, false, null, null, null, 245, null, null, null),
	(116, 8, false, null, null, null, 288, null, null, null),
	(116, 8, false, null, null, null, 355, null, null, null),
	(116, 8, false, null, null, null, 377, null, null, null),
	(116, 8, false, null, null, null, 157, null, null, null),
	(117, 0, false, null, null, null, null, null, null, null),
	(118, 8, false, null, null, null, 210, null, null, null),
	(118, 8, false, null, null, null, 199, null, null, null),
	(119, 0, false, null, null, null, null, null, null, null),
	(120, 8, false, null, null, null, 211, null, null, null),
	(121, 8, false, null, null, null, 212, null, null, null),
	(121, 8, false, null, null, null, 268, null, null, null),
	(122, 8, false, null, null, null, 212, null, null, null),
	(122, 8, false, null, null, null, 286, null, null, null),
	(123, 8, false, null, null, null, 212, null, null, null),
	(123, 8, false, null, null, null, 287, null, null, null),
	(124, 8, false, null, null, null, 212, null, null, null),
	(124, 8, false, null, null, null, 175, null, null, null),
	(125, 0, false, null, null, null, null, null, null, null),
	(126, 8, false, null, null, null, 213, null, null, null),
	(126, 8, false, null, null, null, 214, null, null, null),
	(126, 8, false, null, null, null, 215, null, null, null),
	(127, 8, false, null, null, null, 217, null, null, null),
	(128, 8, false, null, null, null, 308, null, null, null),
	(128, 8, false, null, null, null, 307, null, null, null),
	(129, 8, false, null, null, null, 222, null, null, null),
	(129, 8, false, null, null, null, 224, null, null, null),
	(129, 8, false, null, null, null, 297, null, null, null),
	(129, 8, false, null, null, null, 208, null, null, null),
	(129, 8, false, null, null, null, 307, null, null, null),
	(130, 8, false, null, null, null, 308, null, null, null),
	(130, 8, false, null, null, null, 300, null, null, null),
	(130, 8, false, null, null, null, 315, null, null, null),
	(130, 7, false, null, null, 19, null, null, null, null),
	(131, 8, false, null, null, null, 495, null, null, null),
	(131, 8, false, null, null, null, 320, null, null, null),
	(132, 8, false, null, null, null, 323, null, null, null),
	(132, 8, false, null, null, null, 245, null, null, null),
	(132, 8, false, null, null, null, 288, null, null, null),
	(132, 8, false, null, null, null, 355, null, null, null),
	(132, 8, false, null, null, null, 377, null, null, null),
	(132, 8, false, null, null, null, 318, null, null, null),
	(133, 8, false, null, null, null, 442, null, null, null),
	(134, 5, false, null, 2, null, null, null, null, null),
	(134, 0, false, null, null, null, null, null, null, null),
	(135, 8, false, null, null, null, 442, null, null, null),
	(136, 5, false, null, 2, null, null, null, null, null),
	(136, 0, false, null, null, null, null, null, null, null),
	(137, 8, false, null, null, null, 442, null, null, null),
	(138, 8, false, null, null, null, 442, null, null, null),
	(139, 8, false, null, null, null, 229, null, null, null),
	(139, 8, false, null, null, null, 256, null, null, null),
	(139, 7, false, null, null, 19, null, null, null, null),
	(140, 8, false, null, null, null, 442, null, null, null),
	(141, 8, false, null, null, null, 442, null, null, null),
	(142, 8, false, null, null, null, 442, null, null, null),
	(143, 5, false, null, 3, null, null, null, null, null),
	(143, 0, false, null, null, null, null, null, null, null),
	(144, 8, false, null, null, null, 442, null, null, null),
	(145, 8, false, null, null, null, 231, null, null, null),
	(145, 8, false, null, null, null, 262, null, null, null),
	(145, 8, false, null, null, null, 368, null, null, null),
	(146, 8, false, null, null, null, 442, null, null, null),
	(147, 8, false, null, null, null, 234, null, null, null),
	(147, 8, false, null, null, null, 263, null, null, null),
	(147, 8, false, null, null, null, 265, null, null, null),
	(147, 8, false, null, null, null, 235, null, null, null),
	(147, 8, false, null, null, null, 264, null, null, null),
	(148, 8, false, null, null, null, 207, null, null, null),
	(148, 8, true, null, null, null, 206, null, null, null),
	(149, 8, false, null, null, null, 207, null, null, null),
	(149, 8, true, null, null, null, 205, null, null, null),
	(150, 8, false, null, null, null, 442, null, null, null),
	(151, 8, false, null, null, null, 235, null, null, null),
	(151, 8, false, null, null, null, 264, null, null, null),
	(151, 10, false, null, null, null, null, null, 865, null),
	(152, 8, false, null, null, null, 442, null, null, null),
	(153, 8, false, null, null, null, 236, null, null, null),
	(153, 10, false, null, null, null, null, null, 865, null),
	(154, 8, false, null, null, null, 207, null, null, null),
	(154, 8, true, null, null, null, 206, null, null, null),
	(155, 8, false, null, null, null, 207, null, null, null),
	(155, 8, true, null, null, null, 205, null, null, null),
	(156, 8, false, null, null, null, 442, null, null, null),
	(157, 8, false, null, null, null, 206, null, null, null),
	(157, 8, false, null, null, null, 276, null, null, null),
	(157, 8, false, null, null, null, 275, null, null, null),
	(157, 8, false, null, null, null, 430, null, null, null),
	(157, 8, false, null, null, null, 237, null, null, null),
	(157, 8, false, null, null, null, 282, null, null, null),
	(157, 8, false, null, null, null, 280, null, null, null),
	(158, 8, false, null, null, null, 235, null, null, null),
	(158, 10, false, null, null, null, null, null, 865, null),
	(159, 8, false, null, null, null, 264, null, null, null),
	(159, 10, false, null, null, null, null, null, 865, null),
	(160, 8, false, null, null, null, 442, null, null, null),
	(161, 8, false, null, null, null, 206, null, null, null),
	(161, 8, false, null, null, null, 282, null, null, null),
	(161, 8, false, null, null, null, 280, null, null, null),
	(161, 8, false, null, null, null, 239, null, null, null),
	(162, 8, false, null, null, null, 235, null, null, null),
	(162, 10, false, null, null, null, null, null, 863, null),
	(163, 8, false, null, null, null, 264, null, null, null),
	(163, 10, false, null, null, null, null, null, 863, null),
	(164, 8, false, null, null, null, 442, null, null, null),
	(165, 8, false, null, null, null, 206, null, null, null),
	(165, 8, false, null, null, null, 282, null, null, null),
	(165, 8, false, null, null, null, 280, null, null, null),
	(166, 8, false, null, null, null, 235, null, null, null),
	(166, 10, false, null, null, null, null, null, 863, null),
	(167, 8, false, null, null, null, 264, null, null, null),
	(167, 10, false, null, null, null, null, null, 863, null),
	(168, 8, false, null, null, null, 442, null, null, null),
	(169, 8, false, null, null, null, 241, null, null, null),
	(170, 8, false, null, null, null, 235, null, null, null),
	(170, 10, false, null, null, null, null, null, 864, null),
	(171, 8, false, null, null, null, 264, null, null, null),
	(171, 10, false, null, null, null, null, null, 864, null),
	(172, 8, false, null, null, null, 442, null, null, null),
	(173, 8, false, null, null, null, 242, null, null, null),
	(174, 8, false, null, null, null, 235, null, null, null),
	(174, 10, false, null, null, null, null, null, 864, null),
	(175, 8, false, null, null, null, 264, null, null, null),
	(175, 10, false, null, null, null, null, null, 864, null),
	(176, 8, false, null, null, null, 442, null, null, null),
	(177, 10, false, null, null, null, null, null, 864, null),
	(178, 8, false, null, null, null, 442, null, null, null),
	(179, 5, false, null, 3, null, null, null, null, null),
	(179, 0, false, null, null, null, null, null, null, null),
	(180, 8, false, null, null, null, 247, null, null, null),
	(180, 8, false, null, null, null, 160, null, null, null),
	(180, 8, false, null, null, null, 321, null, null, null),
	(180, 8, false, null, null, null, 175, null, null, null),
	(180, 8, false, null, null, null, 159, null, null, null),
	(181, 5, false, null, 2, null, null, null, null, null),
	(181, 0, false, null, null, null, null, null, null, null),
	(182, 8, false, null, null, null, 229, null, null, null),
	(182, 8, false, null, null, null, 256, null, null, null),
	(182, 8, false, null, null, null, 231, null, null, null),
	(182, 8, false, null, null, null, 262, null, null, null),
	(182, 7, false, null, null, 19, null, null, null, null),
	(183, 8, false, null, null, null, 484, null, null, null),
	(183, 8, false, null, null, null, 483, null, null, null),
	(183, 8, false, null, null, null, 366, null, null, null),
	(183, 8, false, null, null, null, 367, null, null, null),
	(183, 8, false, null, null, null, 229, null, null, null),
	(183, 8, false, null, null, null, 256, null, null, null),
	(183, 8, false, null, null, null, 257, null, null, null),
	(184, 5, false, null, 3, null, null, null, null, null),
	(184, 0, false, null, null, null, null, null, null, null),
	(185, 8, false, null, null, null, 231, null, null, null),
	(185, 8, false, null, null, null, 262, null, null, null),
	(185, 8, false, null, null, null, 368, null, null, null),
	(186, 8, false, null, null, null, 250, null, null, null),
	(186, 8, false, null, null, null, 338, null, null, null),
	(186, 8, false, null, null, null, 236, null, null, null),
	(186, 8, false, null, null, null, 506, null, null, null),
	(186, 8, false, null, null, null, 353, null, null, null),
	(186, 8, false, null, null, null, 207, null, null, null),
	(187, 8, false, null, null, null, 381, null, null, null),
	(187, 8, false, null, null, null, 391, null, null, null),
	(187, 8, false, null, null, null, 402, null, null, null),
	(187, 8, false, null, null, null, 395, null, null, null),
	(187, 8, false, null, null, null, 200, null, null, null),
	(187, 8, false, null, null, null, 320, null, null, null),
	(187, 8, false, null, null, null, 225, null, null, null),
	(187, 8, false, null, null, null, 351, null, null, null),
	(187, 8, false, null, null, null, 494, null, null, null),
	(187, 8, false, null, null, null, 495, null, null, null),
	(187, 8, false, null, null, null, 274, null, null, null),
	(188, 8, false, null, null, null, 232, null, null, null),
	(188, 8, false, null, null, null, 318, null, null, null),
	(188, 8, false, null, null, null, 199, null, null, null),
	(189, 8, false, null, null, null, 154, null, null, null),
	(189, 8, false, null, null, null, 230, null, null, null),
	(189, 8, false, null, null, null, 255, null, null, null),
	(189, 8, false, null, null, null, 193, null, null, null),
	(190, 8, false, null, null, null, 154, null, null, null),
	(190, 8, false, null, null, null, 230, null, null, null),
	(190, 8, false, null, null, null, 255, null, null, null),
	(190, 8, false, null, null, null, 388, null, null, null),
	(190, 8, false, null, null, null, 389, null, null, null),
	(190, 8, false, null, null, null, 391, null, null, null),
	(190, 8, false, null, null, null, 402, null, null, null),
	(191, 8, false, null, null, null, 154, null, null, null),
	(191, 8, false, null, null, null, 230, null, null, null),
	(191, 8, false, null, null, null, 255, null, null, null),
	(191, 8, false, null, null, null, 385, null, null, null),
	(191, 8, false, null, null, null, 386, null, null, null),
	(191, 8, false, null, null, null, 387, null, null, null),
	(191, 8, false, null, null, null, 234, null, null, null),
	(191, 8, false, null, null, null, 263, null, null, null),
	(192, 8, false, null, null, null, 185, null, null, null),
	(192, 8, false, null, null, null, 369, null, null, null),
	(192, 8, false, null, null, null, 497, null, null, null),
	(193, 8, false, null, null, null, 185, null, null, null),
	(193, 8, false, null, null, null, 369, null, null, null),
	(193, 8, false, null, null, null, 497, null, null, null),
	(194, 8, false, null, null, null, 267, null, null, null),
	(194, 8, false, null, null, null, 372, null, null, null),
	(194, 8, false, null, null, null, 391, null, null, null),
	(194, 8, false, null, null, null, 402, null, null, null),
	(194, 8, false, null, null, null, 233, null, null, null),
	(195, 8, false, null, null, null, 504, null, null, null),
	(195, 8, false, null, null, null, 202, null, null, null),
	(195, 8, false, null, null, null, 201, null, null, null),
	(195, 8, false, null, null, null, 269, null, null, null),
	(195, 8, false, null, null, null, 270, null, null, null),
	(195, 8, false, null, null, null, 266, null, null, null),
	(195, 8, false, null, null, null, 234, null, null, null),
	(195, 8, false, null, null, null, 263, null, null, null),
	(195, 8, false, null, null, null, 206, null, null, null),
	(195, 8, false, null, null, null, 237, null, null, null),
	(196, 8, false, null, null, null, 376, null, null, null),
	(196, 8, false, null, null, null, 239, null, null, null),
	(196, 8, false, null, null, null, 187, null, null, null),
	(196, 8, false, null, null, null, 198, null, null, null),
	(196, 8, false, null, null, null, 505, null, null, null),
	(196, 8, false, null, null, null, 206, null, null, null),
	(197, 8, false, null, null, null, 376, null, null, null),
	(197, 8, false, null, null, null, 239, null, null, null),
	(197, 8, false, null, null, null, 187, null, null, null),
	(197, 8, false, null, null, null, 198, null, null, null),
	(197, 8, false, null, null, null, 505, null, null, null),
	(197, 8, false, null, null, null, 206, null, null, null),
	(198, 7, false, null, null, 15, null, null, null, null),
	(199, 8, false, null, null, null, 235, null, null, null),
	(199, 8, false, null, null, null, 264, null, null, null),
	(199, 10, false, null, null, null, null, null, 865, null),
	(200, 8, false, null, null, null, 201, null, null, null),
	(200, 8, false, null, null, null, 376, null, null, null),
	(200, 8, false, null, null, null, 279, null, null, null),
	(200, 8, false, null, null, null, 237, null, null, null),
	(201, 8, false, null, null, null, 275, null, null, null),
	(201, 8, false, null, null, null, 430, null, null, null),
	(201, 8, false, null, null, null, 504, null, null, null),
	(201, 8, false, null, null, null, 202, null, null, null),
	(201, 8, false, null, null, null, 201, null, null, null),
	(201, 8, false, null, null, null, 269, null, null, null),
	(201, 8, false, null, null, null, 270, null, null, null),
	(201, 8, false, null, null, null, 206, null, null, null),
	(201, 8, false, null, null, null, 237, null, null, null),
	(202, 8, false, null, null, null, 376, null, null, null),
	(202, 8, false, null, null, null, 239, null, null, null),
	(202, 8, false, null, null, null, 240, null, null, null),
	(202, 8, false, null, null, null, 241, null, null, null),
	(202, 8, false, null, null, null, 242, null, null, null),
	(203, 8, false, null, null, null, 275, null, null, null),
	(203, 8, false, null, null, null, 430, null, null, null),
	(203, 8, false, null, null, null, 504, null, null, null),
	(203, 8, false, null, null, null, 202, null, null, null),
	(203, 8, false, null, null, null, 201, null, null, null),
	(203, 8, false, null, null, null, 269, null, null, null),
	(203, 8, false, null, null, null, 270, null, null, null),
	(203, 8, false, null, null, null, 206, null, null, null),
	(203, 8, false, null, null, null, 239, null, null, null),
	(203, 8, false, null, null, null, 205, null, null, null),
	(203, 8, false, null, null, null, 398, null, null, null),
	(203, 8, false, null, null, null, 240, null, null, null),
	(203, 8, false, null, null, null, 241, null, null, null),
	(203, 8, false, null, null, null, 242, null, null, null),
	(204, 8, false, null, null, null, 175, null, null, null),
	(204, 8, false, null, null, null, 275, null, null, null),
	(204, 8, false, null, null, null, 430, null, null, null),
	(204, 8, false, null, null, null, 504, null, null, null),
	(204, 8, false, null, null, null, 202, null, null, null),
	(204, 8, false, null, null, null, 201, null, null, null),
	(204, 8, false, null, null, null, 269, null, null, null),
	(204, 8, false, null, null, null, 270, null, null, null),
	(204, 8, false, null, null, null, 206, null, null, null),
	(204, 8, false, null, null, null, 239, null, null, null),
	(204, 8, false, null, null, null, 205, null, null, null),
	(204, 8, false, null, null, null, 398, null, null, null),
	(204, 8, false, null, null, null, 240, null, null, null),
	(204, 8, false, null, null, null, 241, null, null, null),
	(204, 8, false, null, null, null, 242, null, null, null),
	(205, 8, false, null, null, null, 321, null, null, null),
	(205, 8, false, null, null, null, 376, null, null, null),
	(205, 8, false, null, null, null, 206, null, null, null),
	(205, 8, false, null, null, null, 204, null, null, null),
	(205, 8, false, null, null, null, 500, null, null, null),
	(205, 8, false, null, null, null, 203, null, null, null),
	(205, 8, false, null, null, null, 205, null, null, null),
	(205, 8, false, null, null, null, 398, null, null, null),
	(205, 8, false, null, null, null, 318, null, null, null),
	(205, 8, false, null, null, null, 317, null, null, null),
	(205, 8, false, null, null, null, 320, null, null, null),
	(205, 8, false, null, null, null, 238, null, null, null),
	(205, 8, false, null, null, null, 239, null, null, null),
	(205, 8, false, null, null, null, 240, null, null, null),
	(205, 8, false, null, null, null, 241, null, null, null),
	(205, 8, false, null, null, null, 242, null, null, null),
	(205, 8, false, null, null, null, 244, null, null, null),
	(205, 8, false, null, null, null, 243, null, null, null),
	(206, 8, false, null, null, null, 211, null, null, null),
	(206, 8, false, null, null, null, 157, null, null, null),
	(206, 8, false, null, null, null, 245, null, null, null),
	(206, 8, false, null, null, null, 288, null, null, null),
	(206, 8, false, null, null, null, 355, null, null, null),
	(206, 8, false, null, null, null, 377, null, null, null),
	(206, 8, false, null, null, null, 507, null, null, null),
	(207, 8, false, null, null, null, 211, null, null, null),
	(207, 8, false, null, null, null, 317, null, null, null),
	(207, 8, false, null, null, null, 245, null, null, null),
	(207, 8, false, null, null, null, 288, null, null, null),
	(207, 8, false, null, null, null, 355, null, null, null),
	(207, 8, false, null, null, null, 377, null, null, null),
	(207, 8, false, null, null, null, 507, null, null, null),
	(208, 5, false, null, 2, null, null, null, null, null),
	(208, 0, false, null, null, null, null, null, null, null),
	(209, 5, false, null, 2, null, null, null, null, null),
	(209, 0, false, null, null, null, null, null, null, null),
	(210, 8, false, null, null, null, 168, null, null, null),
	(210, 8, false, null, null, null, 474, null, null, null),
	(210, 8, false, null, null, null, 167, null, null, null),
	(210, 8, false, null, null, null, 176, null, null, null),
	(210, 8, false, null, null, null, 147, null, null, null),
	(210, 8, false, null, null, null, 148, null, null, null),
	(210, 8, false, null, null, null, 149, null, null, null),
	(210, 8, false, null, null, null, 150, null, null, null),
	(210, 8, false, null, null, null, 151, null, null, null),
	(210, 7, false, null, null, 17, null, null, null, null),
	(211, 8, false, null, null, null, 495, null, null, null),
	(211, 8, false, null, null, null, 168, null, null, null),
	(211, 8, false, null, null, null, 474, null, null, null),
	(211, 8, false, null, null, null, 167, null, null, null),
	(211, 8, false, null, null, null, 176, null, null, null),
	(211, 8, false, null, null, null, 147, null, null, null),
	(211, 8, false, null, null, null, 148, null, null, null),
	(211, 8, false, null, null, null, 149, null, null, null),
	(211, 8, false, null, null, null, 150, null, null, null),
	(211, 8, false, null, null, null, 151, null, null, null),
	(211, 7, false, null, null, 17, null, null, null, null),
	(212, 8, false, null, null, null, 312, null, null, null),
	(212, 8, false, null, null, null, 314, null, null, null),
	(212, 8, false, null, null, null, 231, null, null, null),
	(212, 8, false, null, null, null, 262, null, null, null),
	(212, 8, false, null, null, null, 235, null, null, null),
	(212, 8, false, null, null, null, 264, null, null, null),
	(212, 8, false, null, null, null, 180, null, null, null),
	(212, 8, false, null, null, null, 482, null, null, null),
	(212, 8, false, null, null, null, 417, null, null, null),
	(212, 7, false, null, null, 19, null, null, null, null),
	(213, 8, false, null, null, null, 227, null, null, null),
	(213, 8, false, null, null, null, 346, null, null, null),
	(213, 8, false, null, null, null, 347, null, null, null),
	(213, 8, false, null, null, null, 259, null, null, null),
	(213, 8, false, null, null, null, 365, null, null, null),
	(214, 8, false, null, null, null, 308, null, null, null),
	(214, 8, false, null, null, null, 350, null, null, null),
	(214, 8, false, null, null, null, 507, null, null, null),
	(214, 8, false, null, null, null, 157, null, null, null),
	(214, 8, false, null, null, null, 232, null, null, null),
	(215, 8, false, null, null, null, 308, null, null, null),
	(215, 8, false, null, null, null, 350, null, null, null),
	(215, 8, false, null, null, null, 507, null, null, null),
	(215, 8, false, null, null, null, 157, null, null, null),
	(215, 8, false, null, null, null, 232, null, null, null),
	(216, 8, false, null, null, null, 423, null, null, null),
	(216, 8, false, null, null, null, 234, null, null, null),
	(216, 8, false, null, null, null, 263, null, null, null),
	(216, 8, false, null, null, null, 350, null, null, null),
	(216, 8, false, null, null, null, 338, null, null, null),
	(217, 8, false, null, null, null, 390, null, null, null),
	(217, 8, false, null, null, null, 492, null, null, null),
	(217, 8, false, null, null, null, 308, null, null, null),
	(217, 8, false, null, null, null, 290, null, null, null),
	(217, 8, false, null, null, null, 394, null, null, null),
	(217, 8, false, null, null, null, 495, null, null, null),
	(217, 8, false, null, null, null, 386, null, null, null),
	(217, 8, false, null, null, null, 387, null, null, null),
	(218, 4, false, 36, null, null, null, null, null, null),
	(219, 8, false, null, null, null, 318, null, null, null),
	(219, 8, false, null, null, null, 245, null, null, null),
	(219, 8, false, null, null, null, 288, null, null, null),
	(219, 8, false, null, null, null, 355, null, null, null),
	(219, 8, false, null, null, null, 377, null, null, null),
	(219, 8, false, null, null, null, 507, null, null, null),
	(220, 8, false, null, null, null, 281, null, null, null),
	(220, 8, false, null, null, null, 220, null, null, null),
	(220, 8, false, null, null, null, 308, null, null, null),
	(220, 8, false, null, null, null, 245, null, null, null),
	(220, 8, false, null, null, null, 288, null, null, null),
	(220, 8, false, null, null, null, 355, null, null, null),
	(220, 8, false, null, null, null, 377, null, null, null),
	(221, 8, false, null, null, null, 324, null, null, null),
	(222, 8, false, null, null, null, 324, null, null, null),
	(223, 8, false, null, null, null, 315, null, null, null),
	(223, 8, false, null, null, null, 332, null, null, null),
	(223, 8, false, null, null, null, 312, null, null, null),
	(223, 8, false, null, null, null, 535, null, null, null),
	(223, 8, false, null, null, null, 235, null, null, null),
	(223, 8, false, null, null, null, 264, null, null, null),
	(223, 8, false, null, null, null, 376, null, null, null),
	(223, 8, false, null, null, null, 483, null, null, null),
	(223, 8, false, null, null, null, 484, null, null, null),
	(223, 8, false, null, null, null, 366, null, null, null),
	(224, 8, false, null, null, null, 538, null, null, null),
	(224, 8, false, null, null, null, 346, null, null, null),
	(224, 8, false, null, null, null, 346, null, null, null),
	(224, 8, false, null, null, null, 511, null, null, null),
	(224, 8, false, null, null, null, 455, null, null, null),
	(224, 8, false, null, null, null, 235, null, null, null),
	(224, 8, false, null, null, null, 264, null, null, null),
	(224, 7, false, null, null, 19, null, null, null, null),
	(225, 8, false, null, null, null, 325, null, null, null),
	(226, 8, false, null, null, null, 318, null, null, null),
	(226, 8, false, null, null, null, 529, null, null, null),
	(227, 5, false, 3, null, null, null, null, null, null),
	(228, 8, false, null, null, null, 336, null, null, null),
	(228, 8, false, null, null, null, 351, null, null, null),
	(229, 2, false, null, null, null, null, null, null, null),
	(230, 8, false, null, null, null, 350, null, null, null),
	(230, 8, false, null, null, null, 338, null, null, null),
	(230, 8, false, null, null, null, 353, null, null, null),
	(230, 8, false, null, null, null, 480, null, null, null),
	(230, 8, false, null, null, null, 506, null, null, null),
	(230, 8, false, null, null, null, 170, null, null, null),
	(230, 8, false, null, null, null, 207, null, null, null),
	(230, 8, false, null, null, null, 234, null, null, null),
	(230, 8, false, null, null, null, 236, null, null, null),
	(230, 8, false, null, null, null, 238, null, null, null),
	(230, 8, false, null, null, null, 250, null, null, null),
	(230, 8, false, null, null, null, 263, null, null, null),
	(230, 8, false, null, null, null, 266, null, null, null),
	(230, 8, false, null, null, null, 389, null, null, null),
	(230, 8, false, null, null, null, 397, null, null, null),
	(230, 8, false, null, null, null, 319, null, null, null),
	(230, 8, false, null, null, null, 328, null, null, null),
	(230, 8, false, null, null, null, 336, null, null, null),
	(230, 8, false, null, null, null, 351, null, null, null),
	(231, 4, false, 50, null, null, null, null, null, null),
	(232, 8, false, null, null, null, 338, null, null, null),
	(232, 8, false, null, null, null, 353, null, null, null),
	(233, 2, false, null, null, null, null, null, null, null),
	(233, 5, false, null, 4, null, null, null, null, null),
	(234, 8, false, null, null, null, 492, null, null, null),
	(234, 8, false, null, null, null, 493, null, null, null),
	(234, 8, false, null, null, null, 158, null, null, null),
	(234, 8, false, null, null, null, 233, null, null, null),
	(234, 8, false, null, null, null, 390, null, null, null),
	(235, 9, false, null, null, null, null, 812, null, null),
	(236, 8, false, null, null, null, 350, null, null, null),
	(236, 8, false, null, null, null, 319, null, null, null),
	(236, 8, false, null, null, null, 328, null, null, null),
	(236, 8, false, null, null, null, 157, null, null, null),
	(236, 8, false, null, null, null, 507, null, null, null),
	(236, 8, false, null, null, null, 349, null, null, null),
	(237, 5, false, null, 3, null, null, null, null, null),
	(237, 0, false, null, null, null, null, null, null, null),
	(238, 8, false, null, null, null, 402, null, null, null),
	(238, 8, false, null, null, null, 231, null, null, null),
	(238, 8, false, null, null, null, 262, null, null, null),
	(238, 8, false, null, null, null, 482, null, null, null),
	(238, 8, false, null, null, null, 180, null, null, null),
	(238, 8, false, null, null, null, 359, null, null, null),
	(239, 8, false, null, null, null, 366, null, null, null),
	(239, 8, false, null, null, null, 181, null, null, null),
	(239, 8, false, null, null, null, 235, null, null, null),
	(239, 8, false, null, null, null, 264, null, null, null),
	(239, 8, false, null, null, null, 381, null, null, null),
	(239, 8, false, null, null, null, 315, null, null, null),
	(240, 8, false, null, null, null, 471, null, null, null),
	(240, 8, false, null, null, null, 488, null, null, null),
	(240, 8, false, null, null, null, 142, null, null, null),
	(240, 8, false, null, null, null, 145, null, null, null),
	(240, 8, false, null, null, null, 182, null, null, null),
	(240, 8, false, null, null, null, 187, null, null, null),
	(240, 8, false, null, null, null, 229, null, null, null),
	(240, 8, false, null, null, null, 231, null, null, null),
	(240, 8, false, null, null, null, 235, null, null, null),
	(240, 8, false, null, null, null, 251, null, null, null),
	(240, 8, false, null, null, null, 256, null, null, null),
	(240, 8, false, null, null, null, 257, null, null, null),
	(240, 8, false, null, null, null, 262, null, null, null),
	(240, 8, false, null, null, null, 276, null, null, null),
	(240, 8, false, null, null, null, 381, null, null, null),
	(240, 8, false, null, null, null, 364, null, null, null),
	(240, 8, false, null, null, null, 368, null, null, null),
	(240, 8, false, null, null, null, 372, null, null, null),
	(240, 8, false, null, null, null, 376, null, null, null),
	(241, 8, false, null, null, null, 183, null, null, null),
	(241, 8, false, null, null, null, 357, null, null, null),
	(241, 8, false, null, null, null, 496, null, null, null),
	(242, 8, false, null, null, null, 185, null, null, null),
	(242, 8, false, null, null, null, 369, null, null, null),
	(242, 8, false, null, null, null, 497, null, null, null),
	(243, 8, false, null, null, null, 185, null, null, null),
	(243, 8, false, null, null, null, 369, null, null, null),
	(243, 8, false, null, null, null, 497, null, null, null),
	(244, 8, false, null, null, null, 391, null, null, null),
	(244, 8, false, null, null, null, 402, null, null, null),
	(244, 8, false, null, null, null, 395, null, null, null),
	(244, 8, false, null, null, null, 403, null, null, null),
	(244, 8, false, null, null, null, 200, null, null, null),
	(244, 8, false, null, null, null, 320, null, null, null),
	(244, 8, false, null, null, null, 225, null, null, null),
	(244, 8, false, null, null, null, 351, null, null, null),
	(244, 8, false, null, null, null, 494, null, null, null),
	(244, 8, false, null, null, null, 495, null, null, null),
	(244, 8, false, null, null, null, 274, null, null, null),
	(244, 8, false, null, null, null, 381, null, null, null),
	(245, 8, false, null, null, null, 154, null, null, null),
	(245, 8, false, null, null, null, 230, null, null, null),
	(245, 8, false, null, null, null, 255, null, null, null),
	(245, 8, false, null, null, null, 373, null, null, null),
	(245, 8, false, null, null, null, 428, null, null, null),
	(245, 8, false, null, null, null, 503, null, null, null),
	(246, 8, false, null, null, null, 507, null, null, null),
	(246, 8, false, null, null, null, 157, null, null, null),
	(246, 8, false, null, null, null, 232, null, null, null),
	(246, 8, false, null, null, null, 423, null, null, null),
	(246, 8, false, null, null, null, 318, null, null, null),
	(246, 8, false, null, null, null, 317, null, null, null),
	(247, 8, false, null, null, null, 366, null, null, null),
	(247, 8, false, null, null, null, 367, null, null, null),
	(247, 8, false, null, null, null, 275, null, null, null),
	(247, 8, false, null, null, null, 430, null, null, null),
	(247, 8, false, null, null, null, 432, null, null, null),
	(247, 8, false, null, null, null, 198, null, null, null),
	(247, 8, false, null, null, null, 505, null, null, null),
	(247, 8, false, null, null, null, 257, null, null, null),
	(247, 8, false, null, null, null, 314, null, null, null),
	(247, 8, false, null, null, null, 282, null, null, null),
	(247, 8, false, null, null, null, 237, null, null, null),
	(248, 8, false, null, null, null, 403, null, null, null),
	(248, 8, false, null, null, null, 235, null, null, null),
	(248, 8, false, null, null, null, 264, null, null, null),
	(248, 8, false, null, null, null, 237, null, null, null),
	(248, 8, false, null, null, null, 282, null, null, null),
	(249, 8, false, null, null, null, 315, null, null, null),
	(250, 5, false, null, 3, null, null, null, null, null),
	(250, 0, false, null, null, null, null, null, null, null),
	(251, 8, false, null, null, null, 231, null, null, null),
	(251, 8, false, null, null, null, 262, null, null, null),
	(251, 8, false, null, null, null, 235, null, null, null),
	(251, 8, false, null, null, null, 264, null, null, null),
	(251, 7, false, null, null, 19, null, null, null, null),
	(252, 8, false, null, null, null, 154, null, null, null),
	(252, 8, false, null, null, null, 230, null, null, null),
	(252, 8, false, null, null, null, 255, null, null, null),
	(252, 8, false, null, null, null, 234, null, null, null),
	(252, 8, false, null, null, null, 263, null, null, null),
	(252, 8, false, null, null, null, 388, null, null, null),
	(252, 8, false, null, null, null, 389, null, null, null),
	(252, 8, false, null, null, null, 158, null, null, null),
	(252, 8, false, null, null, null, 390, null, null, null),
	(252, 8, false, null, null, null, 393, null, null, null),
	(252, 8, false, null, null, null, 392, null, null, null),
	(252, 8, false, null, null, null, 394, null, null, null),
	(253, 8, false, null, null, null, 154, null, null, null),
	(253, 8, false, null, null, null, 230, null, null, null),
	(253, 8, false, null, null, null, 255, null, null, null),
	(253, 8, false, null, null, null, 234, null, null, null),
	(253, 8, false, null, null, null, 263, null, null, null),
	(253, 8, false, null, null, null, 158, null, null, null),
	(253, 8, false, null, null, null, 390, null, null, null),
	(253, 8, false, null, null, null, 392, null, null, null),
	(253, 8, false, null, null, null, 394, null, null, null),
	(254, 8, false, null, null, null, 158, null, null, null),
	(254, 8, false, null, null, null, 390, null, null, null),
	(254, 8, false, null, null, null, 233, null, null, null),
	(255, 8, false, null, null, null, 200, null, null, null),
	(255, 8, false, null, null, null, 351, null, null, null),
	(255, 8, false, null, null, null, 391, null, null, null),
	(255, 8, false, null, null, null, 402, null, null, null),
	(255, 8, false, null, null, null, 274, null, null, null),
	(255, 8, false, null, null, null, 387, null, null, null),
	(256, 8, false, null, null, null, 200, null, null, null),
	(256, 8, false, null, null, null, 351, null, null, null),
	(256, 8, false, null, null, null, 391, null, null, null),
	(256, 8, false, null, null, null, 402, null, null, null),
	(256, 8, false, null, null, null, 274, null, null, null),
	(256, 8, false, null, null, null, 201, null, null, null),
	(256, 8, false, null, null, null, 280, null, null, null),
	(257, 8, false, null, null, null, 173, null, null, null),
	(257, 8, false, null, null, null, 387, null, null, null),
	(257, 8, false, null, null, null, 269, null, null, null),
	(257, 8, false, null, null, null, 193, null, null, null),
	(257, 8, false, null, null, null, 385, null, null, null),
	(257, 8, false, null, null, null, 386, null, null, null),
	(257, 8, false, null, null, null, 391, null, null, null),
	(257, 8, false, null, null, null, 402, null, null, null),
	(257, 8, false, null, null, null, 205, null, null, null),
	(257, 8, false, null, null, null, 398, null, null, null),
	(258, 8, false, null, null, null, 200, null, null, null),
	(258, 8, false, null, null, null, 351, null, null, null),
	(258, 8, false, null, null, null, 391, null, null, null),
	(258, 8, false, null, null, null, 402, null, null, null),
	(258, 8, false, null, null, null, 274, null, null, null),
	(258, 8, false, null, null, null, 267, null, null, null),
	(258, 8, false, null, null, null, 372, null, null, null),
	(259, 8, false, null, null, null, 395, null, null, null),
	(259, 8, false, null, null, null, 394, null, null, null),
	(259, 8, false, null, null, null, 397, null, null, null),
	(260, 8, false, null, null, null, 388, null, null, null),
	(260, 8, false, null, null, null, 389, null, null, null),
	(260, 8, false, null, null, null, 394, null, null, null),
	(260, 8, false, null, null, null, 501, null, null, null),
	(261, 8, false, null, null, null, 395, null, null, null),
	(261, 8, false, null, null, null, 239, null, null, null),
	(261, 8, false, null, null, null, 240, null, null, null),
	(261, 8, false, null, null, null, 241, null, null, null),
	(261, 8, false, null, null, null, 242, null, null, null),
	(262, 8, false, null, null, null, 237, null, null, null),
	(262, 10, false, null, null, null, null, null, 864, null),
	(263, 8, false, null, null, null, 399, null, null, null),
	(264, 8, false, null, null, null, 399, null, null, null),
	(265, 8, false, null, null, null, 399, null, null, null),
	(266, 8, false, null, null, null, 200, null, null, null),
	(266, 8, false, null, null, null, 351, null, null, null),
	(266, 8, false, null, null, null, 402, null, null, null),
	(266, 8, false, null, null, null, 274, null, null, null),
	(266, 8, false, null, null, null, 267, null, null, null),
	(266, 8, false, null, null, null, 372, null, null, null),
	(267, 8, false, null, null, null, 200, null, null, null),
	(267, 8, false, null, null, null, 351, null, null, null),
	(267, 8, false, null, null, null, 403, null, null, null),
	(267, 8, false, null, null, null, 239, null, null, null),
	(267, 8, false, null, null, null, 240, null, null, null),
	(267, 8, false, null, null, null, 241, null, null, null),
	(267, 8, false, null, null, null, 242, null, null, null),
	(268, 5, false, null, 2, null, null, null, null, null),
	(268, 0, false, null, null, null, null, null, null, null),
	(269, 8, false, null, null, null, 153, null, null, null),
	(269, 8, false, null, null, null, 362, null, null, null),
	(269, 8, false, null, null, null, 412, null, null, null),
	(269, 8, false, null, null, null, 476, null, null, null),
	(269, 8, false, null, null, null, 313, null, null, null),
	(269, 8, false, null, null, null, 179, null, null, null),
	(270, 4, false, 40, null, null, null, null, null, null),
	(270, 4, false, null, 50, null, null, null, null, null),
	(271, 8, false, null, null, null, 172, null, null, null),
	(271, 8, false, null, null, null, 475, null, null, null),
	(271, 8, false, null, null, null, 154, null, null, null),
	(271, 8, false, null, null, null, 230, null, null, null),
	(271, 8, false, null, null, null, 255, null, null, null),
	(271, 8, false, null, null, null, 153, null, null, null),
	(271, 8, false, null, null, null, 362, null, null, null),
	(271, 8, false, null, null, null, 412, null, null, null),
	(271, 8, false, null, null, null, 476, null, null, null),
	(272, 8, false, null, null, null, 153, null, null, null),
	(272, 8, false, null, null, null, 362, null, null, null),
	(272, 8, false, null, null, null, 412, null, null, null),
	(272, 8, false, null, null, null, 476, null, null, null),
	(272, 8, false, null, null, null, 313, null, null, null),
	(272, 8, false, null, null, null, 179, null, null, null),
	(273, 8, false, null, null, null, 153, null, null, null),
	(273, 8, false, null, null, null, 362, null, null, null),
	(273, 8, false, null, null, null, 412, null, null, null),
	(273, 8, false, null, null, null, 476, null, null, null),
	(273, 8, false, null, null, null, 313, null, null, null),
	(273, 8, false, null, null, null, 179, null, null, null),
	(274, 8, false, null, null, null, 153, null, null, null),
	(274, 8, false, null, null, null, 362, null, null, null),
	(274, 8, false, null, null, null, 412, null, null, null),
	(274, 8, false, null, null, null, 476, null, null, null),
	(274, 8, false, null, null, null, 313, null, null, null),
	(274, 8, false, null, null, null, 179, null, null, null),
	(275, 8, false, null, null, null, 153, null, null, null),
	(275, 8, false, null, null, null, 362, null, null, null),
	(275, 8, false, null, null, null, 412, null, null, null),
	(275, 8, false, null, null, null, 476, null, null, null),
	(275, 8, false, null, null, null, 313, null, null, null),
	(275, 8, false, null, null, null, 166, null, null, null),
	(276, 8, false, null, null, null, 194, null, null, null),
	(276, 8, false, null, null, null, 270, null, null, null),
	(276, 8, false, null, null, null, 195, null, null, null),
	(276, 8, false, null, null, null, 490, null, null, null),
	(276, 8, false, null, null, null, 154, null, null, null),
	(276, 8, false, null, null, null, 230, null, null, null),
	(276, 8, false, null, null, null, 255, null, null, null),
	(277, 8, false, null, null, null, 153, null, null, null),
	(277, 8, false, null, null, null, 362, null, null, null),
	(277, 8, false, null, null, null, 412, null, null, null),
	(277, 8, false, null, null, null, 476, null, null, null),
	(277, 8, false, null, null, null, 313, null, null, null),
	(278, 8, false, null, null, null, 267, null, null, null),
	(278, 8, false, null, null, null, 372, null, null, null),
	(278, 8, false, null, null, null, 381, null, null, null),
	(278, 8, false, null, null, null, 158, null, null, null),
	(278, 8, false, null, null, null, 390, null, null, null),
	(278, 8, false, null, null, null, 233, null, null, null),
	(279, 8, false, null, null, null, 350, null, null, null),
	(279, 8, false, null, null, null, 507, null, null, null),
	(279, 8, false, null, null, null, 157, null, null, null),
	(279, 8, false, null, null, null, 232, null, null, null),
	(279, 8, false, null, null, null, 318, null, null, null),
	(280, 8, false, null, null, null, 416, null, null, null),
	(280, 8, false, null, null, null, 179, null, null, null),
	(280, 8, false, null, null, null, 153, null, null, null),
	(280, 8, false, null, null, null, 362, null, null, null),
	(280, 8, false, null, null, null, 412, null, null, null),
	(280, 8, false, null, null, null, 476, null, null, null),
	(280, 8, false, null, null, null, 154, null, null, null),
	(280, 8, false, null, null, null, 230, null, null, null),
	(280, 8, false, null, null, null, 255, null, null, null),
	(281, 8, false, null, null, null, 183, null, null, null),
	(281, 8, false, null, null, null, 357, null, null, null),
	(281, 8, false, null, null, null, 496, null, null, null),
	(281, 8, false, null, null, null, 425, null, null, null),
	(282, 8, false, null, null, null, 427, null, null, null),
	(282, 8, false, null, null, null, 154, null, null, null),
	(282, 8, false, null, null, null, 230, null, null, null),
	(282, 8, false, null, null, null, 255, null, null, null),
	(282, 8, false, null, null, null, 426, null, null, null),
	(282, 8, false, null, null, null, 373, null, null, null),
	(282, 8, false, null, null, null, 428, null, null, null),
	(282, 8, false, null, null, null, 185, null, null, null),
	(282, 8, false, null, null, null, 369, null, null, null),
	(282, 8, false, null, null, null, 497, null, null, null),
	(283, 8, false, null, null, null, 227, null, null, null),
	(283, 8, false, null, null, null, 229, null, null, null),
	(283, 8, false, null, null, null, 256, null, null, null),
	(283, 8, false, null, null, null, 405, null, null, null),
	(284, 4, false, 40, null, null, null, null, null, null),
	(284, 4, false, null, 50, null, null, null, null, null),
	(285, 8, false, null, null, null, 414, null, null, null),
	(285, 8, false, null, null, null, 198, null, null, null),
	(285, 8, false, null, null, null, 505, null, null, null),
	(285, 8, false, null, null, null, 275, null, null, null),
	(285, 8, false, null, null, null, 430, null, null, null),
	(285, 8, false, null, null, null, 174, null, null, null),
	(286, 8, false, null, null, null, 235, null, null, null),
	(286, 8, false, null, null, null, 264, null, null, null),
	(287, 8, false, null, null, null, 153, null, null, null),
	(287, 8, false, null, null, null, 362, null, null, null),
	(287, 8, false, null, null, null, 476, null, null, null),
	(287, 7, false, null, null, 21, null, null, null, null),
	(288, 8, false, null, null, null, 431, null, null, null),
	(288, 8, false, null, null, null, 235, null, null, null),
	(288, 8, false, null, null, null, 264, null, null, null),
	(289, 8, false, null, null, null, 179, null, null, null),
	(290, 7, false, null, null, 22, null, null, null, null),
	(291, 8, false, null, null, null, 441, null, null, null),
	(291, 8, false, null, null, null, 443, null, null, null),
	(292, 5, false, null, 2, null, null, null, null, null),
	(293, 8, false, null, null, null, 378, null, null, null),
	(293, 8, false, null, null, null, 459, null, null, null),
	(294, 9, false, null, null, null, null, 173, null, null),
	(295, 8, false, null, null, null, 463, null, null, null),
	(295, 8, false, null, null, null, 459, null, null, null),
	(296, 8, false, null, null, null, 453, null, null, null),
	(296, 8, false, null, null, null, 443, null, null, null),
	(297, 8, false, null, null, null, 453, null, null, null),
	(297, 8, false, null, null, null, 458, null, null, null),
	(298, 8, false, null, null, null, 437, null, null, null),
	(299, 8, false, null, null, null, 437, null, null, null),
	(300, 7, false, null, null, 22, null, null, null, null),
	(301, 8, false, null, null, null, 440, null, null, null),
	(302, 5, false, null, 2, null, null, null, null, null),
	(302, 0, false, null, null, null, null, null, null, null),
	(303, 8, false, null, null, null, 143, null, null, null),
	(303, 8, false, null, null, null, 477, null, null, null),
	(303, 8, false, null, null, null, 437, null, null, null),
	(303, 8, false, null, null, null, 340, null, null, null),
	(303, 8, false, null, null, null, 470, null, null, null),
	(303, 8, false, null, null, null, 336, null, null, null),
	(303, 8, false, null, null, null, 359, null, null, null),
	(304, 8, false, null, null, null, 483, null, null, null),
	(304, 7, false, null, null, 19, null, null, null, null),
	(305, 5, false, null, 2, null, null, null, null, null),
	(306, 8, false, null, null, null, 482, null, null, null),
	(306, 8, false, null, null, null, 231, null, null, null),
	(306, 8, false, null, null, null, 262, null, null, null),
	(306, 8, false, null, null, null, 315, null, null, null),
	(306, 8, false, null, null, null, 181, null, null, null),
	(306, 8, false, null, null, null, 257, null, null, null),
	(307, 8, false, null, null, null, 482, null, null, null),
	(307, 8, false, null, null, null, 231, null, null, null),
	(307, 8, false, null, null, null, 262, null, null, null),
	(307, 8, false, null, null, null, 315, null, null, null),
	(307, 8, false, null, null, null, 181, null, null, null),
	(307, 8, false, null, null, null, 257, null, null, null),
	(308, 5, false, 3, null, null, null, null, null, null),
	(309, 8, false, null, null, null, 496, null, null, null),
	(309, 8, false, null, null, null, 357, null, null, null),
	(310, 8, false, null, null, null, 496, null, null, null),
	(310, 8, false, null, null, null, 357, null, null, null),
	(311, 8, false, null, null, null, 492, null, null, null),
	(312, 8, false, null, null, null, 492, null, null, null),
	(312, 8, false, null, null, null, 475, null, null, null),
	(312, 8, false, null, null, null, 172, null, null, null),
	(312, 8, false, null, null, null, 154, null, null, null),
	(312, 8, false, null, null, null, 230, null, null, null),
	(312, 8, false, null, null, null, 255, null, null, null),
	(312, 7, false, null, null, 20, null, null, null, null),
	(313, 8, false, null, null, null, 496, null, null, null),
	(313, 8, false, null, null, null, 357, null, null, null),
	(314, 8, false, null, null, null, 496, null, null, null),
	(314, 8, false, null, null, null, 357, null, null, null),
	(315, 8, false, null, null, null, 496, null, null, null),
	(315, 8, false, null, null, null, 357, null, null, null),
	(315, 8, false, null, null, null, 259, null, null, null),
	(315, 8, false, null, null, null, 254, null, null, null),
	(315, 8, false, null, null, null, 360, null, null, null),
	(316, 8, false, null, null, null, 185, null, null, null),
	(316, 8, false, null, null, null, 369, null, null, null),
	(316, 8, false, null, null, null, 497, null, null, null),
	(317, 5, false, 3, null, null, null, null, null, null),
	(318, 8, false, null, null, null, 496, null, null, null),
	(318, 8, false, null, null, null, 357, null, null, null),
	(318, 8, false, null, null, null, 478, null, null, null),
	(318, 8, false, null, null, null, 154, null, null, null),
	(318, 8, false, null, null, null, 230, null, null, null),
	(318, 8, false, null, null, null, 255, null, null, null),
	(318, 8, false, null, null, null, 185, null, null, null),
	(318, 8, false, null, null, null, 369, null, null, null),
	(318, 8, false, null, null, null, 497, null, null, null),
	(319, 8, false, null, null, null, 172, null, null, null),
	(319, 8, false, null, null, null, 475, null, null, null),
	(319, 8, false, null, null, null, 391, null, null, null),
	(319, 8, false, null, null, null, 402, null, null, null),
	(319, 8, false, null, null, null, 154, null, null, null),
	(319, 8, false, null, null, null, 230, null, null, null),
	(319, 8, false, null, null, null, 255, null, null, null),
	(320, 8, false, null, null, null, 174, null, null, null),
	(320, 8, false, null, null, null, 432, null, null, null),
	(320, 8, false, null, null, null, 168, null, null, null),
	(320, 8, false, null, null, null, 474, null, null, null),
	(320, 8, false, null, null, null, 314, null, null, null),
	(320, 8, false, null, null, null, 299, null, null, null),
	(320, 8, false, null, null, null, 501, null, null, null),
	(320, 8, false, null, null, null, 284, null, null, null),
	(321, 8, false, null, null, null, 507, null, null, null),
	(321, 8, false, null, null, null, 157, null, null, null),
	(321, 8, false, null, null, null, 245, null, null, null),
	(321, 8, false, null, null, null, 288, null, null, null),
	(321, 8, false, null, null, null, 355, null, null, null),
	(321, 8, false, null, null, null, 377, null, null, null),
	(321, 8, false, null, null, null, 210, null, null, null),
	(322, 10, false, null, null, null, null, null, 839, null),
	(323, 8, false, null, null, null, 510, null, null, null),
	(323, 8, false, null, null, null, 346, null, null, null),
	(323, 8, false, null, null, null, 511, null, null, null),
	(324, 5, false, 3, null, null, null, null, null, null),
	(325, 8, false, null, null, null, 183, null, null, null),
	(325, 8, false, null, null, null, 496, null, null, null),
	(325, 8, false, null, null, null, 183, null, null, null),
	(325, 8, false, null, null, null, 512, null, null, null),
	(325, 8, false, null, null, null, 510, null, null, null),
	(325, 8, false, null, null, null, 513, null, null, null),
	(326, 8, false, null, null, null, 513, null, null, null),
	(327, 8, false, null, null, null, 183, null, null, null),
	(327, 8, false, null, null, null, 496, null, null, null),
	(327, 8, false, null, null, null, 183, null, null, null),
	(327, 8, false, null, null, null, 512, null, null, null),
	(328, 8, false, null, null, null, 346, null, null, null),
	(328, 8, false, null, null, null, 511, null, null, null),
	(328, 8, false, null, null, null, 513, null, null, null),
	(328, 8, false, null, null, null, 330, null, null, null),
	(328, 8, false, null, null, null, 539, null, null, null),
	(329, 5, false, 3, null, null, null, null, null, null),
	(330, 8, false, null, null, null, 522, null, null, null),
	(330, 8, false, null, null, null, 448, null, null, null),
	(330, 8, false, null, null, null, 306, null, null, null),
	(330, 8, false, null, null, null, 163, null, null, null),
	(330, 8, false, null, null, null, 528, null, null, null),
	(330, 8, false, null, null, null, 367, null, null, null),
	(330, 8, false, null, null, null, 533, null, null, null),
	(330, 8, false, null, null, null, 349, null, null, null),
	(331, 5, false, 3, null, null, null, null, null, null),
	(332, 8, false, null, null, null, 513, null, null, null),
	(332, 8, false, null, null, null, 529, null, null, null),
	(332, 8, false, null, null, null, 367, null, null, null),
	(332, 8, false, null, null, null, 528, null, null, null),
	(333, 8, false, null, null, null, 519, null, null, null),
	(333, 8, false, null, null, null, 520, null, null, null),
	(333, 8, false, null, null, null, 203, null, null, null),
	(333, 8, false, null, null, null, 527, null, null, null),
	(333, 8, false, null, null, null, 152, null, null, null),
	(333, 8, false, null, null, null, 348, null, null, null),
	(333, 8, false, null, null, null, 473, null, null, null),
	(334, 8, false, null, null, null, 521, null, null, null),
	(334, 8, false, null, null, null, 365, null, null, null),
	(334, 8, false, null, null, null, 526, null, null, null),
	(335, 8, false, null, null, null, 521, null, null, null),
	(335, 8, false, null, null, null, 527, null, null, null),
	(336, 7, false, null, null, 20, null, null, null, null),
	(336, 8, false, null, null, null, 515, null, null, null),
	(337, 8, false, null, null, null, 519, null, null, null),
	(337, 8, false, null, null, null, 367, null, null, null),
	(337, 8, false, null, null, null, 528, null, null, null),
	(337, 8, false, null, null, null, 520, null, null, null),
	(337, 8, false, null, null, null, 203, null, null, null),
	(338, 8, false, null, null, null, 532, null, null, null),
	(338, 8, false, null, null, null, 367, null, null, null),
	(338, 8, false, null, null, null, 528, null, null, null),
	(339, 8, false, null, null, null, 530, null, null, null),
	(339, 8, false, null, null, null, 526, null, null, null),
	(339, 8, false, null, null, null, 531, null, null, null),
	(339, 8, false, null, null, null, 332, null, null, null),
	(340, 4, false, 45, null, null, null, null, null, null),
	(341, 8, false, null, null, null, 312, null, null, null),
	(341, 8, false, null, null, null, 535, null, null, null),
	(341, 8, false, null, null, null, 483, null, null, null),
	(341, 8, false, null, null, null, 484, null, null, null),
	(341, 8, false, null, null, null, 366, null, null, null),
	(341, 8, false, null, null, null, 235, null, null, null),
	(341, 8, false, null, null, null, 264, null, null, null),
	(341, 8, false, null, null, null, 376, null, null, null),
	(342, 7, false, null, null, 17, null, null, null, null),
	(343, 8, false, null, null, null, 330, null, null, null),
	(343, 8, false, null, null, null, 539, null, null, null),
	(344, 8, false, null, null, null, 180, null, null, null),
	(344, 7, false, null, null, 19, null, null, null, null),
	(344, 8, false, null, null, null, 312, null, null, null),
	(344, 8, false, null, null, null, 535, null, null, null),
	(345, 9, false, null, null, null, null, 159, null, null),
	(345, 8, false, null, null, null, 542, null, null, null),
	(346, 9, false, null, null, null, null, 159, null, null),
	(346, 8, false, null, null, null, 542, null, null, null),
	(347, 8, false, null, null, null, 572, null, null, null),
	(348, 8, false, null, null, null, 572, null, null, null),
	(349, 8, false, null, null, null, 572, null, null, null),
	(350, 8, false, null, null, null, 572, null, null, null),
	(351, 8, false, null, null, null, 573, null, null, null),
	(351, 8, false, null, null, null, 549, null, null, null),
	(351, 8, false, null, null, null, 571, null, null, null),
	(352, 8, false, null, null, null, 573, null, null, null),
	(352, 8, false, null, null, null, 549, null, null, null),
	(352, 8, false, null, null, null, 571, null, null, null),
	(353, 8, false, null, null, null, 575, null, null, null),
	(353, 8, false, null, null, null, 565, null, null, null),
	(353, 8, false, null, null, null, 548, null, null, null),
	(354, 8, false, null, null, null, 552, null, null, null),
	(354, 8, false, null, null, null, 575, null, null, null),
	(355, 8, false, null, null, null, 571, null, null, null),
	(355, 8, false, null, null, null, 552, null, null, null),
	(355, 8, false, null, null, null, 553, null, null, null),
	(355, 8, false, null, null, null, 573, null, null, null),
	(356, 8, false, null, null, null, 554, null, null, null),
	(356, 8, false, null, null, null, 575, null, null, null),
	(356, 8, false, null, null, null, 571, null, null, null),
	(356, 8, false, null, null, null, 586, null, null, null),
	(356, 8, false, null, null, null, 585, null, null, null),
	(357, 8, false, null, null, null, 554, null, null, null),
	(357, 8, false, null, null, null, 576, null, null, null),
	(357, 8, false, null, null, null, 577, null, null, null),
	(358, 8, false, null, null, null, 554, null, null, null),
	(358, 8, false, null, null, null, 555, null, null, null),
	(358, 8, false, null, null, null, 577, null, null, null),
	(359, 8, false, null, null, null, 563, null, null, null),
	(360, 8, false, null, null, null, 559, null, null, null),
	(361, 8, false, null, null, null, 561, null, null, null),
	(362, 8, false, null, null, null, 564, null, null, null),
	(363, 8, false, null, null, null, 568, null, null, null),
	(364, 8, false, null, null, null, 569, null, null, null),
	(364, 8, false, null, null, null, 568, null, null, null),
	(364, 7, false, null, null, 28, null, null, null, null),
	(364, 7, false, null, null, 26, null, null, null, null),
	(365, 7, false, null, null, 27, null, null, null, null),
	(366, 0, false, null, null, null, null, null, null, null),
	(366, 5, false, null, 2, null, null, null, null, null),
	(367, 8, false, null, null, null, 573, null, null, null),
	(367, 8, false, null, null, null, 553, null, null, null),
	(368, 8, false, null, null, null, 575, null, null, null),
	(368, 8, false, null, null, null, 553, null, null, null),
	(368, 8, false, null, null, null, 556, null, null, null),
	(369, 8, false, null, null, null, 576, null, null, null),
	(369, 8, false, null, null, null, 557, null, null, null),
	(369, 8, false, null, null, null, 556, null, null, null),
	(370, 8, false, null, null, null, 574, null, null, null),
	(371, 8, false, null, null, null, 578, null, null, null),
	(372, 8, false, null, null, null, 582, null, null, null),
	(372, 8, false, null, null, null, 571, null, null, null),
	(372, 8, false, null, null, null, 579, null, null, null),
	(372, 8, false, null, null, null, 554, null, null, null),
	(373, 8, false, null, null, null, 577, null, null, null),
	(373, 10, false, null, null, null, null, null, 927, null),
	(374, 8, false, null, null, null, 582, null, null, null),
	(375, 8, false, null, null, null, 583, null, null, null),
	(376, 8, false, null, null, null, 583, null, null, null),
	(377, 8, false, null, null, null, 585, null, null, null),
	(378, 8, false, null, null, null, 584, null, null, null),
	(379, 8, false, null, null, null, 585, null, null, null),
	(380, 8, false, null, null, null, 588, null, null, null),
	(381, 8, false, null, null, null, 587, null, null, null),
	(382, 10, false, null, null, null, null, null, 927, null),
	(383, 8, false, null, null, null, 589, null, null, null),
	(383, 8, false, null, null, null, 590, null, null, null),
	(384, 8, false, null, null, null, 585, null, null, null),
	(385, 8, false, null, null, null, 598, null, null, null),
	(386, 8, false, null, null, null, 598, null, null, null),
	(387, 8, false, null, null, null, 598, null, null, null),
	(388, 8, false, null, null, null, 598, null, null, null),
	(389, 8, false, null, null, null, 599, null, null, null),
	(389, 8, false, null, null, null, 622, null, null, null),
	(390, 8, false, null, null, null, 601, null, null, null),
	(390, 8, false, null, null, null, 602, null, null, null),
	(390, 8, false, null, null, null, 642, null, null, null),
	(390, 8, false, null, null, null, 616, null, null, null),
	(390, 8, false, null, null, null, 615, null, null, null),
	(391, 8, false, null, null, null, 598, null, null, null),
	(392, 8, false, null, null, null, 595, null, null, null),
	(392, 8, false, null, null, null, 597, null, null, null),
	(392, 8, false, null, null, null, 602, null, null, null),
	(393, 8, false, null, null, null, 647, null, null, null),
	(393, 8, false, null, null, null, 618, null, null, null),
	(393, 8, false, null, null, null, 631, null, null, null),
	(393, 8, false, null, null, null, 594, null, null, null),
	(394, 8, false, null, null, null, 600, null, null, null),
	(394, 8, false, null, null, null, 633, null, null, null),
	(394, 8, false, null, null, null, 616, null, null, null),
	(394, 8, false, null, null, null, 637, null, null, null),
	(394, 8, false, null, null, null, 606, null, null, null),
	(394, 8, false, null, null, null, 646, null, null, null),
	(395, 8, false, null, null, null, 614, null, null, null),
	(395, 8, false, null, null, null, 635, null, null, null),
	(395, 8, false, null, null, null, 596, null, null, null),
	(396, 8, false, null, null, null, 594, null, null, null),
	(397, 8, false, null, null, null, 608, null, null, null),
	(397, 8, false, null, null, null, 609, null, null, null),
	(397, 8, false, null, null, null, 617, null, null, null),
	(397, 8, false, null, null, null, 639, null, null, null),
	(398, 8, false, null, null, null, 638, null, null, null),
	(398, 8, false, null, null, null, 650, null, null, null),
	(399, 8, false, null, null, null, 619, null, null, null),
	(400, 8, false, null, null, null, 593, null, null, null),
	(401, 8, false, null, null, null, 615, null, null, null),
	(401, 8, false, null, null, null, 634, null, null, null),
	(401, 8, false, null, null, null, 617, null, null, null),
	(401, 8, false, null, null, null, 632, null, null, null),
	(401, 8, false, null, null, null, 608, null, null, null),
	(401, 8, false, null, null, null, 605, null, null, null),
	(402, 8, false, null, null, null, 615, null, null, null),
	(402, 8, false, null, null, null, 634, null, null, null),
	(402, 8, false, null, null, null, 605, null, null, null),
	(403, 8, false, null, null, null, 621, null, null, null),
	(403, 8, false, null, null, null, 623, null, null, null),
	(403, 8, false, null, null, null, 624, null, null, null),
	(403, 8, false, null, null, null, 599, null, null, null),
	(403, 8, false, null, null, null, 622, null, null, null),
	(403, 8, false, null, null, null, 620, null, null, null),
	(404, 8, false, null, null, null, 621, null, null, null),
	(404, 8, false, null, null, null, 623, null, null, null),
	(404, 8, false, null, null, null, 624, null, null, null),
	(404, 8, false, null, null, null, 599, null, null, null),
	(404, 8, false, null, null, null, 622, null, null, null),
	(404, 8, false, null, null, null, 620, null, null, null),
	(405, 8, false, null, null, null, 625, null, null, null),
	(406, 8, false, null, null, null, 620, null, null, null),
	(406, 8, false, null, null, null, 626, null, null, null),
	(406, 8, false, null, null, null, 625, null, null, null),
	(407, 8, false, null, null, null, 599, null, null, null),
	(407, 8, false, null, null, null, 622, null, null, null),
	(408, 8, false, null, null, null, 599, null, null, null),
	(408, 8, false, null, null, null, 622, null, null, null),
	(409, 8, false, null, null, null, 618, null, null, null),
	(409, 8, false, null, null, null, 607, null, null, null),
	(409, 8, false, null, null, null, 620, null, null, null),
	(409, 8, false, null, null, null, 621, null, null, null),
	(409, 8, false, null, null, null, 624, null, null, null),
	(409, 8, false, null, null, null, 625, null, null, null),
	(410, 5, false, null, 2, null, null, null, null, null),
	(411, 5, false, 3, null, null, null, null, null, null),
	(412, 8, false, null, null, null, 633, null, null, null),
	(412, 8, false, null, null, null, 617, null, null, null),
	(412, 8, false, null, null, null, 605, null, null, null),
	(412, 8, false, null, null, null, 610, null, null, null),
	(413, 8, false, null, null, null, 634, null, null, null),
	(413, 8, false, null, null, null, 631, null, null, null),
	(413, 8, false, null, null, null, 628, null, null, null),
	(413, 8, false, null, null, null, 627, null, null, null),
	(413, 8, false, null, null, null, 608, null, null, null),
	(414, 8, false, null, null, null, 636, null, null, null),
	(415, 8, false, null, null, null, 636, null, null, null),
	(416, 8, false, null, null, null, 638, null, null, null),
	(417, 8, false, null, null, null, 640, null, null, null),
	(418, 8, false, null, null, null, 640, null, null, null),
	(419, 8, false, null, null, null, 640, null, null, null),
	(420, 8, false, null, null, null, 640, null, null, null),
	(421, 8, false, null, null, null, 640, null, null, null),
	(422, 8, false, null, null, null, 609, null, null, null),
	(422, 8, false, null, null, null, 641, null, null, null),
	(422, 8, false, null, null, null, 637, null, null, null),
	(423, 8, false, null, null, null, 640, null, null, null),
	(424, 8, false, null, null, null, 644, null, null, null),
	(424, 8, false, null, null, null, 645, null, null, null),
	(424, 8, false, null, null, null, 646, null, null, null),
	(425, 8, false, null, null, null, 641, null, null, null),
	(425, 8, false, null, null, null, 637, null, null, null),
	(426, 8, false, null, null, null, 618, null, null, null),
	(426, 8, false, null, null, null, 649, null, null, null),
	(426, 8, false, null, null, null, 639, null, null, null),
	(426, 8, false, null, null, null, 610, null, null, null),
	(427, 8, false, null, null, null, 653, null, null, null),
	(427, 8, false, null, null, null, 654, null, null, null),
	(428, 8, false, null, null, null, 658, null, null, null),
	(428, 8, false, null, null, null, 659, null, null, null),
	(428, 8, false, null, null, null, 654, null, null, null),
	(428, 8, false, null, null, null, 667, null, null, null),
	(428, 8, false, null, null, null, 669, null, null, null),
	(429, 8, false, null, null, null, 660, null, null, null),
	(429, 8, false, null, null, null, 669, null, null, null),
	(430, 8, false, null, null, null, 671, null, null, null),
	(430, 8, false, null, null, null, 661, null, null, null),
	(431, 8, false, null, null, null, 662, null, null, null),
	(432, 8, false, null, null, null, 666, null, null, null),
	(432, 8, false, null, null, null, 653, null, null, null),
	(432, 8, false, null, null, null, 667, null, null, null),
	(432, 8, false, null, null, null, 654, null, null, null),
	(432, 8, false, null, null, null, 659, null, null, null),
	(432, 8, false, null, null, null, 660, null, null, null),
	(433, 8, false, null, null, null, 669, null, null, null),
	(433, 8, false, null, null, null, 655, null, null, null),
	(433, 8, false, null, null, null, 662, null, null, null),
	(434, 8, false, null, null, null, 669, null, null, null),
	(434, 8, false, null, null, null, 661, null, null, null),
	(435, 8, false, null, null, null, 699, null, null, null),
	(435, 8, false, null, null, null, 678, null, null, null),
	(436, 8, false, null, null, null, 673, null, null, null),
	(437, 8, false, null, null, null, 673, null, null, null),
	(438, 8, false, null, null, null, 675, null, null, null),
	(439, 8, false, null, null, null, 674, null, null, null),
	(439, 8, false, null, null, null, 676, null, null, null),
	(440, 8, false, null, null, null, 693, null, null, null),
	(440, 8, false, null, null, null, 699, null, null, null),
	(440, 8, false, null, null, null, 672, null, null, null),
	(440, 8, false, null, null, null, 673, null, null, null),
	(440, 8, false, null, null, null, 675, null, null, null),
	(440, 8, false, null, null, null, 683, null, null, null),
	(440, 8, false, null, null, null, 688, null, null, null),
	(441, 8, false, null, null, null, 678, null, null, null),
	(441, 8, false, null, null, null, 672, null, null, null),
	(441, 8, false, null, null, null, 681, null, null, null),
	(442, 3, false, null, null, null, null, null, null, null),
	(443, 8, false, null, null, null, 682, null, null, null),
	(443, 8, false, null, null, null, 681, null, null, null),
	(444, 4, false, 2, null, null, null, null, null, null),
	(445, 8, false, null, null, null, 682, null, null, null),
	(446, 8, false, null, null, null, 685, null, null, null),
	(446, 8, false, null, null, null, 687, null, null, null),
	(447, 8, false, null, null, null, 682, null, null, null),
	(447, 8, false, null, null, null, 686, null, null, null),
	(448, 8, false, null, null, null, 681, null, null, null),
	(449, 8, false, null, null, null, 678, null, null, null),
	(449, 10, false, null, null, null, null, null, 1138, null),
	(450, 8, false, null, null, null, 689, null, null, null),
	(451, 8, false, null, null, null, 690, null, null, null),
	(452, 5, false, null, 2, null, null, null, null, null),
	(452, 0, false, null, null, null, null, null, null, null),
	(453, 8, false, null, null, null, 693, null, null, null),
	(453, 8, false, null, null, null, 696, null, null, null),
	(453, 8, false, null, null, null, 697, null, null, null),
	(453, 8, false, null, null, null, 699, null, null, null),
	(454, 4, false, 7, null, null, null, null, null, null),
	(455, 3, false, null, null, null, null, null, null, null);

INSERT INTO dat."DuelOfWitsActions"
	("Id", "Name", "SpeakingThePart", "Special", "Effect")
VALUES
	(0, 'Avoid the Topic', 'The speaking player must veer off topic, even to the point of sounding desperate or ridiculous.', null, 'Avoid successes are subtracted from your opponent''s Point, Obfuscate or Incite successes. This reduces the effectiveness of an opposed action. If Obfuscate or Incite successes aren''t reduced to zero, then the incoming action wins and takes effect. Avoid never suffers a double obstacle penalty for stat versus skill. It''s special.'),
	(1, 'Dismiss', 'This maneuver is used for the cataclysmic and undeniable conclusion of an argument. Loudly declare that your opponent knows nothing about the topic at hand and, furthermore, he''s a fool and a dullard and shouldn''t be listened to any further!', 'If a character fails to win the duel via his Dismiss action, he must hesitate for his next volley. Either cross off the next action, or skip the first volley of the coming exchange.', 'Scripting a Dismiss adds +2D to the character''s skill. In a standard test, subtract each success rolled from your opponent''s body of argument. Against Rebuttal, subtract your margin of success over your opponent''s defense from the body of argument. If you win against Obfuscate, all Dismiss successes are subtracted from the body of argument —not just your margin of success.'),
	(2, 'Feint', 'Using a Feint, the speaker leads his opponent on into a trap. He lures him to think he is discussing one point, until the hidden barb is revealed.', null, 'Feint can be used to bypass Rebuttal and to attack Feint, Incite and Obfuscate. In a standard test, each success subtracts from your opponent''s body of argument. In a versus test, margin of success is subtracted from your opponent''s body of argument.'),
	(3, 'Incite', 'With an acid tongue and biting wit, a character may attempt to distract or dismay his opponent. The speaking player must pronounce an outright insult to his opponent.', null, 'In a standard test, the obstacle is equal to the victim''s Will exponent. If the In citing player passes the standard test or wins the versus test, the victim must make a Steel test. If the victim hesit ates, he misses his next action. However, if the Incite fails, the margin of failure is added as advantage dice to the opponent''s next test.'),
	(4, 'Obfuscate', 'Obfuscate is a verbal block . The player attempting to Obfuscate must present some non sequitur or bizarre, unrelated point in an attempt to confuse or distract his opponent. Obfuscate is spoken while your opponent is speaking.', null, 'Obfuscate is tested versus everything, even itself. If the Obfuscator wins, the victim of this tactic loses his current action. If the Obfuscator exceeds his obstacle, his opponent also suffers a +1 Ob to his next action. If the Obfuscator loses the versus test, his opponent''s current action goes off and his successes are applied as per his action description. Furthermore, he gain +1D to his next action.'),
	(5, 'Point', 'The Point action is the main attack of the verbal duelist. Hammer away using your statement of purpose and related points!', null, 'In a standard test, subtract your Point successes from your opponent''s body of argument. In a versus test, subtract the margin of success from your opponent''s body of argument. This is the way to win debates!'),
	(6, 'Rebuttal', 'The player first lets his opponent make his attack. He then refutes the arguments made while making a fresh point himself.', 'When making a Rebuttal, you must divide your dice between attack and defense. This division happens before his opponent roll s. You must put at least one die in each pool. Any penalties to the action are applied to both pools. Any bonuses to the action are only applied to either attack or defense. If you only have one die, you can choose whether you attack or defend.', 'Successes from the defense roll are subtracted from the opponent''s successes. To fully defend against an Obfuscate action, you must get more defense successes than your opponent''s Obfuscate successes. Each success on the attacking portion of a Rebuttal reduces your opponent''s body of argument.'),
	(7, 'Pray/Cast/etc', null, null, null),
	(8, 'Hesitate', null, null, null);

INSERT INTO dat."DuelOfWitsActionTests"
	("ActionId", "SkillId", "AbilityId")
VALUES
	(0, null, 0),
	(1, 688, null),
	(1, 47, null),
	(1, 111, null),
	(1, 140, null),
	(1, 155, null),
	(1, 158, null),
	(1, 699, null),
	(1, 200, null),
	(2, 76, null),
	(2, 78, null),
	(2, 110, null),
	(2, 143, null),
	(2, 823, null),
	(2, 155, null),
	(2, 158, null),
	(2, 177, null),
	(2, 167, null),
	(3, 688, null),
	(3, 47, null),
	(3, 76, null),
	(3, 78, null),
	(3, 111, null),
	(3, 167, null),
	(3, 200, null),
	(4, 78, null),
	(4, 140, null),
	(4, 823, null),
	(4, 158, null),
	(4, 155, null),
	(4, 177, null),
	(4, 699, null),
	(4, 184, null),
	(4, 200, null),
	(5, 688, null),
	(5, 110, null),
	(5, 140, null),
	(5, 143, null),
	(5, 823, null),
	(5, 158, null),
	(5, 699, null),
	(6, 76, null),
	(6, 110, null),
	(6, 140, null),
	(6, 143, null),
	(6, 823, null),
	(6, 158, null),
	(6, 699, null),
	(6, 184, null);

INSERT INTO dat."DuelOfWitsActionResolutions"
	("Id", "ActionId", "OpposingActionId", "ResolutionTypeId", "IsAgainstSkill", "Obstacle", "SkillId", "AbilityId", "OpposingSkillId", "OpposingAbilityId", "OpposingModifier")
VALUES
	(0, 0, 3, 3, null, null, null, null, null, null, null),
	(1, 0, 4, 3, null, null, null, null, null, null, null),
	(2, 0, 5, 3, null, null, null, null, null, null, null),
	(3, 1, 0, 2, null, null, null, null, null, null, null),
	(4, 1, 1, 2, null, null, null, null, null, null, null),
	(5, 1, 2, 2, null, null, null, null, null, null, null),
	(6, 1, 3, 2, null, null, null, null, null, null, null),
	(7, 1, 4, 3, null, null, null, null, null, null, null),
	(8, 1, 5, 2, null, null, null, null, null, null, null),
	(9, 1, 6, 3, null, null, null, null, null, null, null),
	(10, 2, 2, 3, null, null, null, null, null, null, null),
	(11, 2, 3, 3, null, null, null, null, null, null, null),
	(12, 2, 4, 3, null, null, null, null, null, null, null),
	(13, 2, 6, 2, null, null, null, null, null, null, null),
	(14, 3, 0, 3, null, null, null, null, null, null, null),
	(15, 3, 1, 2, null, null, null, null, null, null, null),
	(16, 3, 2, 3, null, null, null, null, null, null, null),
	(17, 3, 3, 2, null, null, null, null, null, null, null),
	(18, 3, 4, 3, null, null, null, null, null, null, null),
	(19, 3, 5, 2, null, null, null, null, null, null, null),
	(20, 3, 6, 2, null, null, null, null, null, null, null),
	(21, 4, 0, 3, null, null, null, null, null, null, null),
	(22, 4, 1, 3, null, null, null, null, null, null, null),
	(23, 4, 2, 3, null, null, null, null, null, null, null),
	(24, 4, 3, 3, null, null, null, null, null, null, null),
	(25, 4, 4, 3, null, null, null, null, null, null, null),
	(26, 4, 5, 3, null, null, null, null, null, null, null),
	(27, 4, 6, 3, null, null, null, null, null, null, null),
	(28, 5, 0, 3, null, null, null, null, null, null, null),
	(29, 5, 1, 2, null, null, null, null, null, null, null),
	(30, 5, 2, 2, null, null, null, null, null, null, null),
	(31, 5, 3, 2, null, null, null, null, null, null, null),
	(32, 5, 4, 3, null, null, null, null, null, null, null),
	(33, 5, 5, 2, null, null, null, null, null, null, null),
	(34, 5, 6, 3, null, null, null, null, null, null, null),
	(35, 6, 1, 3, null, null, null, null, null, null, null),
	(36, 6, 4, 3, null, null, null, null, null, null, null),
	(37, 6, 5, 3, null, null, null, null, null, null, null),
	(38, 7, 1, 1, null, 1, null, null, null, null, null),
	(39, 7, 2, 1, null, 1, null, null, null, null, null),
	(40, 7, 3, 1, null, null, null, null, null, 0, null),
	(41, 7, 4, 1, null, 1, null, null, null, null, null),
	(42, 7, 5, 1, null, 1, null, null, null, null, null),
	(43, 8, 1, 1, null, 1, null, null, null, null, null),
	(44, 8, 2, 1, null, 1, null, null, null, null, null),
	(45, 8, 3, 1, null, null, null, null, null, 0, null),
	(46, 8, 4, 1, null, 1, null, null, null, null, null),
	(47, 8, 5, 1, null, 1, null, null, null, null, null);

INSERT INTO dat."RangeAndCoverActionGroups"
	("Id", "Name")
VALUES
	(0, 'Closing'),
	(1, 'Maintaining'),
	(2, 'Withdrawal');

INSERT INTO dat."RangeAndCoverActions"
	("Id", "Name", "GroupId", "Modifier", "UseFoRKs", "UseWeaponRangeAdvantage", "UsePositionAdvantage", "UseStrideAdvantage", "IsOpenEnded", "Effect", "SpecialRestriction", "SpecialAction", "However")
VALUES
	(0, 'Close', 0, 0, false, true, true, true, false, 'Using Close, the character attempts to dash into position quickly. If successful, the character advances one range category for his weapon.', null, null, null),
	(1, 'Sneak In', 0, 0, true, true, true, true, false, 'Using camouflage and stealth, you move unseen toward your opponent''s position. If successful, the character advances one range category.', null, null, null),
	(2, 'Flank', 0, 0, true, true, true, true, false, 'Using your knowledge of battle, you outmaneuver your opponent. If successful, the character advances one range category.', null, null, null),
	(3, 'Charge', 0, 0, false, true, true, true, true, 'A player may choose to press on using his character''s Steel rather than Speed, Stealth or Tactics. He pricks up his nerve, dashes from cover and charges screaming at his opponent. This is a difficult and dangerous maneuver. If he wins the versus test, then he closes one range.', null, null, 'Your opponents may always shoot —even if they lose the positioning test. If your Charge is successful, your opponent gets one free shot before you close in. If the Charge is tied, everyone on both teams gets to shoot. Very ugly. If the Charge is failed, your opponent gets two free shots plus whatever successes he spends on shooting.'),
	(4, 'Maintain', 1, 0, false, true, true, true, false, 'Using his footwork and reflexes, the character attempts to get the better of his opponent. If your opponent moves forward, you move back. If he moves back, you move forward. If the character is successful, he''s held his opponent at the current range.', null, null, null),
	(5, 'Hold', 1, 0, false, true, true, false, false, 'When using the Hold action, the team does not move. Feet planted, they hold their ground and let fly for all they''re worth.', null, 'There are three special effects for the Hold action. First, your opponent always moves in with a close-type maneuver or away with a withdraw-type. Second, you always shoot, even if you lose the maneuver test. If you win the maneuver test, you get a free shot in addition to your other actions. Finally, advantage dice from a position are carried over from Hold into your next maneuver.', null),
	(6, 'Withdraw', 2, 2, false, true, true, true, false, 'Using Speed to Withdraw you beat a hasty retreat. If successful, you withdraw one range category. Position dice are not carried to the next volley. You abandon your position. You may allocate margin of success to finding a new position in this maneuver if appropriate.', 'While this maneuver grants a +2D advant age, any actions taken while using Withdraw cost two successes. Taking a shot, shrugging off a wound or bolting a door closed requires that you win by at least two.', 'For two successes from a successful Withdraw action, you can remain at your current range but then consult your range chart to find your opponent''s adjusted range. You rerange your weapons!', null),
	(7, 'Sneak Out', 2, 0, true, true, true, true, false, 'Using guile and subterfuge, you move unseen away from your opponent''s position. If successful, the character withdraws one range category. Position dice are not carried to the next volley. You abandon your position. You may allocate margin of success to finding a new position in this maneuver if appropriate.', null, null, null),
	(8, 'Fall Back', 2, 0, true, true, true, true, false, 'Using sound tactics, you abandon your position to take up another, better rearward one. If successful, the character withdraws one range category. Position dice are not carried to the next volley. You abandon your position. You may allocate margin of success to finding a new position in this maneuver if appropriate.', null, 'For two successes from a successful Fall Back action, you can set your range to your current range but then consult your range chart to find your opponent''s range. You rerang e your weapons!', null),
	(9, 'Retreat', 2, 1, false, true, true, true, true, 'Sometimes you''ve had quite enough. Screw this position, it''s time to beat a retreat. This takes nerves! A player may choose to make tracks using his character''s Steel rather than Speed, Stealth or Tactics. He pricks up his nerve, dashes from cover and makes a hasty advance to the rear. If successful, the character withdraws one range category. Position dice are not carried to the next volley. You abandon your position. You may allocate margin of success to finding a new position in this maneuver if appropriate.', null, null, 'Your opponents may always, shoot —even if they lose the positioning test. If the Retreat is successful, your opponent gets one free shot before you move out. If the Retreat is tied, your opponent gets two free shots. If the Retreat is failed, your opponents gets two free shots plus whatever he spends on his margin of success. Lastly, if you fail a Retreat, you hesitate in the next volley.');

INSERT INTO dat."RangeAndCoverActionResolutions"
	("Id", "ActionId", "OpposingActionId", "ResolutionTypeId", "IsAgainstSkill", "Obstacle", "SkillId", "AbilityId", "OpposingSkillId", "OpposingAbilityId", "OpposingModifier")
VALUES
	(0, 0, 0, 3, null, null, null, 5, null, 5, null),
	(1, 0, 1, 3, null, null, null, 5, 180, null, null),
	(2, 0, 2, 3, null, null, null, 5, 189, null, null),
	(3, 0, 3, 3, null, null, null, 5, null, 7, null),
	(4, 0, 4, 3, null, null, null, 5, null, 5, null),
	(5, 0, 5, 3, null, null, null, 5, null, 1, null),
	(6, 0, 6, 3, null, null, null, 5, null, 5, 2),
	(7, 0, 7, 3, null, null, null, 5, 180, null, null),
	(8, 0, 8, 3, null, null, null, 5, 189, null, null),
	(9, 0, 9, 3, null, null, null, 5, null, 7, 1),
	(10, 1, 0, 3, null, null, 180, null, null, 5, null),
	(11, 1, 1, 3, null, null, 180, null, 180, null, null),
	(12, 1, 2, 3, null, null, 180, null, 189, null, null),
	(13, 1, 3, 3, null, null, 180, null, null, 7, null),
	(14, 1, 4, 3, null, null, 180, null, null, 5, null),
	(15, 1, 5, 3, null, null, 180, null, 139, null, null),
	(16, 1, 6, 3, null, null, 180, null, null, 5, 2),
	(17, 1, 7, 3, null, null, 180, null, 180, null, null),
	(18, 1, 8, 3, null, null, 180, null, 189, null, null),
	(19, 1, 9, 3, null, null, 180, null, null, 7, 1),
	(20, 2, 0, 3, null, null, 189, null, null, 5, null),
	(21, 2, 1, 3, null, null, 189, null, 180, null, null),
	(22, 2, 2, 3, null, null, 189, null, 189, null, null),
	(23, 2, 3, 3, null, null, 189, null, null, 7, null),
	(24, 2, 4, 3, null, null, 189, null, null, 5, null),
	(25, 2, 5, 3, null, null, 189, null, 139, null, null),
	(26, 2, 6, 3, null, null, 189, null, null, 5, 2),
	(27, 2, 7, 3, null, null, 189, null, 180, null, null),
	(28, 2, 8, 3, null, null, 189, null, 189, null, null),
	(29, 2, 9, 3, null, null, 189, null, null, 7, 1),
	(30, 3, 0, 3, null, null, null, 7, null, 5, null),
	(31, 3, 1, 3, null, null, null, 7, 180, null, null),
	(32, 3, 2, 3, null, null, null, 7, 189, null, null),
	(33, 3, 3, 3, null, null, null, 7, null, 7, null),
	(34, 3, 4, 3, null, null, null, 7, null, 5, null),
	(35, 3, 5, 3, null, null, null, 7, null, 1, null),
	(36, 3, 6, 3, null, null, null, 7, null, 5, 2),
	(37, 3, 7, 3, null, null, null, 7, 180, null, null),
	(38, 3, 8, 3, null, null, null, 7, 189, null, null),
	(39, 3, 9, 3, null, null, null, 7, null, 7, 1),
	(40, 4, 0, 3, null, null, null, 5, null, 5, null),
	(41, 4, 1, 3, null, null, null, 5, 180, null, null),
	(42, 4, 2, 3, null, null, null, 5, 189, null, null),
	(43, 4, 3, 3, null, null, null, 5, null, 7, null),
	(44, 4, 4, 3, null, null, null, 5, null, 5, null),
	(45, 4, 5, 3, null, null, null, 5, null, 1, null),
	(46, 4, 6, 3, null, null, null, 5, null, 5, 2),
	(47, 4, 7, 3, null, null, null, 5, 180, null, null),
	(48, 4, 8, 3, null, null, null, 5, 189, null, null),
	(49, 4, 9, 3, null, null, null, 5, null, 7, 1),
	(50, 5, 0, 3, null, null, null, 1, null, 5, null),
	(51, 5, 1, 3, null, null, 139, null, 180, null, null),
	(52, 5, 2, 3, null, null, 139, null, 189, null, null),
	(53, 5, 3, 3, null, null, null, 1, null, 7, null),
	(54, 5, 4, 3, null, null, null, 1, null, 5, null),
	(55, 5, 5, 3, null, null, null, 1, null, 1, null),
	(56, 5, 6, 3, null, null, null, 1, null, 5, 2),
	(57, 5, 7, 3, null, null, 139, null, 180, null, null),
	(58, 5, 8, 3, null, null, 139, null, 189, null, null),
	(59, 5, 9, 3, null, null, null, 1, null, 7, 1),
	(60, 6, 0, 3, null, null, null, 5, null, 5, null),
	(61, 6, 1, 3, null, null, null, 5, 180, null, null),
	(62, 6, 2, 3, null, null, null, 5, 189, null, null),
	(63, 6, 3, 3, null, null, null, 5, null, 7, null),
	(64, 6, 4, 3, null, null, null, 5, null, 5, null),
	(65, 6, 5, 3, null, null, null, 5, null, 1, null),
	(66, 6, 6, 3, null, null, null, 5, null, 5, 2),
	(67, 6, 7, 3, null, null, null, 5, 180, null, null),
	(68, 6, 8, 3, null, null, null, 5, 189, null, null),
	(69, 6, 9, 3, null, null, null, 5, null, 7, 1),
	(70, 7, 0, 3, null, null, 180, null, null, 5, null),
	(71, 7, 1, 3, null, null, 180, null, 180, null, null),
	(72, 7, 2, 3, null, null, 180, null, 189, null, null),
	(73, 7, 3, 3, null, null, 180, null, null, 7, null),
	(74, 7, 4, 3, null, null, 180, null, null, 5, null),
	(75, 7, 5, 3, null, null, 180, null, 139, null, null),
	(76, 7, 6, 3, null, null, 180, null, null, 5, 2),
	(77, 7, 7, 3, null, null, 180, null, 180, null, null),
	(78, 7, 8, 3, null, null, 180, null, 189, null, null),
	(79, 7, 9, 3, null, null, 180, null, null, 7, 1),
	(80, 8, 0, 3, null, null, 189, null, null, 5, null),
	(81, 8, 1, 3, null, null, 189, null, 180, null, null),
	(82, 8, 2, 3, null, null, 189, null, 189, null, null),
	(83, 8, 3, 3, null, null, 189, null, null, 7, null),
	(84, 8, 4, 3, null, null, 189, null, null, 5, null),
	(85, 8, 5, 3, null, null, 189, null, 139, null, null),
	(86, 8, 6, 3, null, null, 189, null, null, 5, 2),
	(87, 8, 7, 3, null, null, 189, null, 180, null, null),
	(88, 8, 8, 3, null, null, 189, null, 189, null, null),
	(89, 8, 9, 3, null, null, 189, null, null, 7, 1),
	(90, 9, 0, 3, null, null, null, 7, null, 5, null),
	(91, 9, 1, 3, null, null, null, 7, 180, null, null),
	(92, 9, 2, 3, null, null, null, 7, 189, null, null),
	(93, 9, 3, 3, null, null, null, 7, null, 7, null),
	(94, 9, 4, 3, null, null, null, 7, null, 5, null),
	(95, 9, 5, 3, null, null, null, 7, null, 1, null),
	(96, 9, 6, 3, null, null, null, 7, null, 5, 2),
	(97, 9, 7, 3, null, null, null, 7, 180, null, null),
	(98, 9, 8, 3, null, null, null, 7, 189, null, null),
	(99, 9, 9, 3, null, null, null, 7, null, 7, 1);

INSERT INTO dat."FightActionGroups"
	("Id", "Name")
VALUES
	(0, 'No Action'),
	(1, 'Attack'),
	(2, 'Defense'),
	(3, 'Basic'),
	(4, 'Special'),
	(5, 'Shooting & Throwing'),
	(6, 'Magic'),
	(7, 'Social'),
	(8, 'Hesitation');

INSERT INTO dat."FightActions"
	("Id", "Name", "GroupId", "ActionCost", "TestExtra", "Restrictions", "Effect", "Special", "CountsAsNoAction")
VALUES
	(0, 'No Action', 0, null, null, 'If your Reflexes allows you to play an action, but your opponent doesn''t have anything scripted because he''s slower than you, consult the following table for your obstacle.', null, false),
	(1, 'Strike', 1, null, null, 'Successes over the obstacle or margin of success in versus tests are used to increase damage and target a specific location. See the Weapons chapter for in structions on doing damage. You can only Strike consecutively a number of times equal to your weapon speed. If you''re alternating between different weapons, use the lower weapon speed.', null, false),
	(2, 'Great Strike', 1, null, 'On the first action, you take a breath to set up your attack. You are effectively defenseless on this action; you count as performing a Physical Action. Also, while any weapon can perform a Great Strike, you must be able to put two hands on the weapon to do so. A Great Strike counts as one action against your weapon speed limitation.', 'A Great Strike, is a lunging thrust, an overhand strike or a half-sword technique. On the second action, Great Strike acts like a Strike but with two exceptions: It bypasses the Block action (but not shields) and it grants a bonus to damage or armor penetration. Choose before you roll: +1 to your Incidental, Mark and Superb damage results or +1 to your weapon''s versus armor rating.', null, false),
	(3, 'Block & Strike', 1, 'Divide your dice into two pools before rolling-one for defense, one for attack.', 'Block and Strike is a special action reserved for characters with Shield Training who are fighting with a shield or parrying blade, or with Two-Fisted Fighting Training and two weapons.', 'Add any shield dice to the defense portion, less the versus armor rating of your opponent''s weapon. Successes from the Block portion reduce the successes of your opponent''s action. The Strike dice act like a Strike action. Apply penalties from wounds, light, weather and knock down to both parts of the actions. Any advantages are only applied to one side. You don''t have to allocate any skill dice to defense, you can rely solely on your shield to protect you. Disadvantage from weapon length or vying for position only applies to the Strike portion.', 'Block and Strike counts as Block and a Strike for the purposes of interactions. Test your divided pool against the possible interactions for both of those actions. Against Counterstrike, both characters defend and both attack according to their action.', false),
	(4, 'Lock & Strike', 1, null, 'This action requires a special trait like Crushing Jaws', 'Successes over the obstacle count as damage as per the standard IMS damage rules and as a Lock as per the Lock action.', null, false),
	(5, 'Avoid', 2, null, null, 'Successes from the Avoid action reduce the effectiveness of the opposing action. If you roll one success on an Avoid, and your opponent rolls two, you''ve reduced his effective total to one. If you roll two and he rolls two, you have stopped his action altogether.', 'Avoid defends against all incoming attack, basic and special actions. Test once; let Avoid successes ride for the action. Avoid is special: it never suffers a double-obstacle penalty for being unskilled. It does not protect against Shooting, Throwing or Magical Actions.', false),
	(6, 'Block', 2, 'Add shield or off-hand weapon dice.', null, 'Block deflects and redirects the incoming attack. Like Avoid, your successes reduce the effectiveness of the opposed action. Each Block success reduces your opponent''s total. If you roll successes equal to your opponent, you''ve stopped his action completely. Spend your margin of success as follows:<br>• One extra success: +1D to your next action or, to vying for position if Block is your last action of the exchange).<br>• Two extra successes: +1 Ob to the blocked character''s next action.<br>• Three extra successes: Blocked character loses his next action. He hesitates, but may only Stand and Drool as a result.', 'These effects can only be generated through the use of the Block action, Counterstrike, Change Stance, and the Block & Strike actions do not gain these extra effects.', false),
	(7, 'Counterstrike', 2, 'After actions are revealed, but before your opponent rolls, divide your fighting skill and any advantages into two pools-one for defense and one for attack.', null, 'In versus tests, use the defensive portion to oppose your opponent''s action. Successes from your defense reduce his successes. The attack portion counts as a Strike action. However, the Strike portion of Counterstrike doesn''t suffer disadvantages from weapon length or vying for position.', null, false),
	(8, 'Assess', 3, null, null, 'Assessing allows a player to look for specific details —easy exits, the sources of that burning smell and unarmored locations on his opponent.', 'This is a quick, over the shoulder glance. Additional actions may be spent on an assess in order to gain advantage dice to the Perception test; +1D for a second action and +2D for a third.', false),
	(9, 'Change Stance', 3, 'It does not require a test to change stances. There are three fighting stances: neutral, defensive and aggressive. Decide which stance you''re changing to when you select this action.', 'You keep your stance until you change stance, disengage, are incapacitated, hesitate or use the Charge/Tackle action. Any of these conditions automatically drops the character back to neutral stance. You may be Locked (but not incapacitated), on top of your opponent, on your back, riding a horse or unskilled and still take a stance.', '• Neutral Stance: Neutral stance is the default. You start a fight in neutral stance unless otherwise noted. It grants no advantage and suffers no disadvantages. The Change Stance: Neutral action counts as a Feint.<br>• Defensive stance: Defensive stance grants +2D to Avoid, Block and Counterstrike. Strike and Great Strike suffer a +2 Ob penalty when performed from defensive stance. The Change Stance: Defensive action counts as a Block.<br>• Aggressive stance: Aggressive stance grants +2D to Strike and Great Strike. Block and Counterstrike suffer +2 Ob penalty. You may not Avoid. If you accidently script Avoid while in aggressive stance, you hesitate for an action. The Change Stance: Aggressive action counts as the first action of Intimidate (found in the Social Actions section). If you wish to complete the action, script one more action of Intimidate. See Social Actions for rules on Intimidate.', 'Instead of using the stance dice as a bonus to actions in the script, a player may use his +2D bonus to aid in vying for position. Obviously, this must be declared at the top of the exchange. Stance dice used to position cannot then be used as a bonus to actions, but all other action/stance penalties apply.', false),
	(10, 'Charge/Tackle', 3, '+1D advantage plus stride advantage.', 'Charge/Tackle must be your first action in the volley. Your stance reverts to neutral stance if you Charge/Tackle. If you fail trus action, you give your opponent the advantage and you Stand and Drool for your next action.', 'When performing this action, choose whether you''re charging your opponent or tackling him. If you charge, you attempt to knock him down but you remain on your feet yourself. If you tackle, you take your opponent down with you. If you win the versus test by one or meet your obstacle in a standard test, you stagger your opponent. He''s at +1 Ob to his next test, whatever it may be. If you win the versus test by two or exceed your obstacle in the standard test, you knock your opponent down. He is off his feet and suffers the appropriate penalties until he rights himself.<br>• Charge: If you successfully charge, you also take the advantage for your hands or for whatever weapon you''re holding except spears and missiles-your choice.<br>• Tackle: If you tackle your opponent, you take the advantage at the Hands fighting distance. If you successfully tackle your opponent, he may not use the Shooting and Throwing or Magic actions. There is one exception: He may discharge a pistol at this range.', 'When you use this action you change weapons to your hands, unless you''re charging specifically with a shield, which uses the short weapon length.', false),
	(11, 'Draw Weapon', 3, null, null, 'Two actions are required to unsheathe/unsling a handheld weapon. This includes sheathed swords, throwing knives, slung crossbows, etc. Readying a weapon before a fight —on a strap or in an off hand— decreases draw time to one action. Counts as Physical Action for action interaction.', null, false),
	(12, 'Physical Action', 3, null, null, 'Physical actions typically use Power (to rip something open), Agility (to grab something) or Speed (to vault something). This category of actions covers everything from overturning tables to opening doors and climbing through windows.', null, false),
	(13, 'Push', 3, 'Push uses the Hands weapon length.', null, 'If you win the versus test by one or meet your obstacle in a standard test, you stagger your opponent: He''s at+1 Ob to his next test, whatever it may be. If you win the versus test by two or exceed your obstacle in a standard test, you stagger your opponent and take the advantage so long as your weapon length is long or shorter. If you win the versus test by three or exceed your obstacle by two a standard test, you knock your opponent down. He is off his feet and suffers the appropriate penalties until he rights himself.', 'When you use this action you change weapons to your hands, unless you''re using a shield which uses the short weapon length.', false),
	(14, 'Lock', 3, 'Lock uses the Hands weapon length.', 'You must have at least one hand free to perform this action. If you do not, you drop one item that you''re holding as you go for the grab. You cannot vie for position, engage or disengage until you''ve broken or let go of any locks.', 'If you win the versus test by one or meet your obstacle in a standard test, you grab your opponent: His Agility, Speed, Power and Forte and his fighting, shooting and magical skills are all reduced by one die. Each additional success reduces your opponent''s abilities by another point. (Reflexes is not reduced.)<br>• Pulled In: If you manage to grab your opponent with a Lock, you pull him in. You have the advantage at the Hands fighting distance.<br>• In Your Face: If you successfully Lock your opponent, he may not use the Shooting and Throwing or Magic Actions with one exception: He may shoot if he''s using a pistol.<br>• Increase the Pressure: You can script multiple Lock actions and increase the value of your Lock on your opponent. You maintain your grip so long as your opponent fails to escape, you don''t hesitate or voluntarily let go. Each additional successful Lock test further reduces your opponent''s abilities by your margin of success.<br>• Incapacitation: If you reduce your opponent''s Agility, Speed, Power or Forte to zero dice, he is incapacitated. He may not resist or act in any fashion until you release him. Skills cannot be used at all.<br>• Escaping Locks: If you''re in a Lock and wish to escape, use the Avoid action but replace Speed with Agility, Power or Forte (your choice). If scripted against a Dash interaction, test Avoid against Ob 0, otherwise use the results of the versus test. Margin of success for the action reduces any standing Lock penalty. The dice are regained and may be used on the next action.', 'When you use this action you change weapons to your hands.', false),
	(15, 'Get Up', 3, null, null, 'Characters are always getting knocked down. It requires two actions to get up from being laid flat. See the Knocked Down rules.', null, false),
	(16, 'Beat', 4, null, null, 'If you meet the obstacle or win the versus test, you steal the advantage from your opponent. He now suffers the appropriate disadvantage according to your weapons and you gain an advantage to the positioning test at the start of the next exchange (provided you maintain advantage). If you already have the advantage, you can give your opponent a +1 Ob penalty to his next action or you can take +1D to your next action. You choose.', 'Gain a +1D advantage to the Beat test if you''re using two hands on your weapon. You cannot hold anything in your off hand!', false),
	(17, 'Disarm', 4, null, null, 'Disarm is a difficult action to pull off, but if successful its results are spectacular. If successful, you knock your opponent''s weapon away. A successful Disarm also grants you the advantage for your weapon.', 'Versus Test Rules: In order to Disarm someone in a versus test, you must win by a margin of success equal to his weapon skill —except in the case of Disarm vs Feint. Hence the + sign in the interactions tables for Disarm.', false),
	(18, 'Feint', 4, null, null, 'Feint is a special attack designed to defeat defenses. Feint does damage like a Strike. See the Weapons chapter for the damage rules.', null, false),
	(19, 'Throw Person', 4, null, 'You must have a hand free to perform this action. If you do not, you drop your weapon as you go for the grab.', 'If you win the versus test by one or meet your obstacle in a standard test, you successfully throw your opponent off his feet and he suffers the appropriate penalties until he rights himself. You can choose how to spend additional successes: One additional success can be spent to do an Incidental bare-fisted hit or cause a Steel test. Two additional successes can be spent to cause a Mark hit or an Incidental and a Steel test. Four additional successes can be spent to deliver a Superb hit.', null, false),
	(20, 'Throw Object/Weapon', 5, 'It''s an Ob 2 test to hit plus disadvantages from vying for position, weather and light.', 'Once you throw, you cede advantage to your target.', 'Shooting and Throwing actions don''t interact with the fighting actions like other fighting actions.', null, true),
	(21, 'Aim', 5, null, null, 'Shooting and Throwing actions don''t interact with the fighting actions like other fighting actions.', 'A player may spend actions aiming a loaded and ready weapon —a knife in the hand, nocked and drawn bow, a loaded gun, etc. Each action spent gives a +1D advantage. Characters may aim for as many actions as half their Perception exponent rounded up. When aiming with a crossbow, gun or thrown weapon, script your Aim actions first, then script your Throw or Fire actions. When aiming a bow, put your Aim actions after your Nock and Draw actions, before you script Release.', true),
	(22, 'Nock Arrow and Draw Bow', 5, null, null, 'This extended action readies your bow to shoot. To hit your target, script the Release action after Nock and Draw. Shooting and Throwing actions don''t interact with the fighting actions like other fighting actions.', 'You can prep a bow and keep it ready by spending three actions to nock the arrow. Then when you wa nt to get down to business, you can pay the remainder of the Nock and Draw action to finish readying it. ''Always keep an arrow nocked'' is a good Instinct.', true),
	(23, 'Nock Arrow and Draw Great Bow', 5, null, null, 'This extended action readies your bow to shoot. To hit your target, script the Release action after Nock and Draw. Shooting and Throwing actions don''t interact with the fighting actions like other fighting actions.', 'You can prep a bow and keep it ready by spending three actions to nock the arrow. Then when you wa nt to get down to business, you can pay the remainder of the Nock and Draw action to finish readying it. ''Always keep an arrow nocked'' is a good Instinct.', true),
	(24, 'Reload Crossbow or Pistol', 5, null, null, 'Shooting and Throwing actions don''t interact with the fighting actions like other fighting actions.', null, true),
	(25, 'Reload Heavy Crossbow or Musket', 5, null, null, 'Shooting and Throwing actions don''t interact with the fighting actions like other fighting actions.', null, true),
	(26, 'Fire Crossbow or Gun', 5, 'It''s an Ob 2 test to hit with a gun plus disadvantages for vying for position, light, and weather.', 'Once you fire, you cede advantage to your target.', 'Shooting and Throwing actions don''t interact with the fighting actions like other fighting actions.', null, true),
	(27, 'Release Bow', 5, 'It''s an Ob 1 test to hit with a gun plus disadvantages for vying for position, light, and weather.', 'Once your arrow is released you cede advantage to your target.', 'Shooting and Throwing actions don''t interact with the fighting actions like other fighting actions.', null, true),
	(28, 'Snapshot', 5, 'Snapshot is a base Ob 4 test.', 'You can use a snapshot with a bow, crossbow, gun or thrown weapon. You may not aim a Snapshot, and once you snap that shot off, you cede advantage to your opponent.', 'For a crossbow, gun or thrown weapon, a snapshot costs one action. For a bow of any type, a snapshot reduces your draw and nock time by one action. It allows you to release one action sooner. Shooting and Throwing actions don''t interact with the fighting actions like other fighting actions.', null, true),
	(29, 'Cast Spell', 6, null, null, 'Spells have effects listed in their individual descriptions.', 'Spells take a number of actions to perform. Spell actions must be performed continuously and without interruption (otherwise bad things happen). Spells have weapon lengths. See the Sorcery chapter for details. Spell casting suffers from weapon length and vying for position disadvantage penalties at the time of its release. If you have the advantage, there''s no worry. If you''ve lost (or never gained) the advantage, apply the appropriate obstacle penalties.', true),
	(30, 'Drop Spell', 6, null, null, null, 'If a caster no longer wishes to concentrate on a spell being sustained, it costs one action to drop it.', true),
	(31, 'Command Spirit', 6, null, null, 'It only costs one action, but it''s very risky. These rules are described in detail in the Burning Wheel Codex.', null, true),
	(32, 'Command', 7, null, null, 'Command can help reduce hesitation. Commanding another character to get back into the fight costs two actions. See the Command skill description for the rules.', null, true),
	(33, 'Intimidate', 7, 'Ob=Will.', null, 'If successful, target must test Steel. Using the Intimidation skill on another character in a melee costs two actions. Your target hesitates for one action per point of margin of failure.', null, true),
	(34, 'Stand and Drool', 8, null, null, 'The character is stunned. He does nothing while hesitating.', 'If you hesitate for a complete volley, you give up your advantage in positioning (if you had any). This hesitation option count as Let ''Em Come.', false),
	(35, 'Fall Prone (and beg for mercy)', 8, null, null, 'The character falls to his knees or stomach and pleads for his life in the name of compassion, honor, mercy or the gods.', 'If you hesitate for a complete volley, you give up your advantage in positioning (if you had any). This hesitation option count as Let ''Em Come.', false),
	(36, 'Run Screaming', 8, null, null, 'The character drops what he is holding, turns about and bolts for the exit. If the hesitation crosses the top of the exchange, the player must choose to disengage. He does not have access to weapon length dice.', 'If you hesitate for a complete volley, you give up your advantage in positioning (if you had any). If you are hesitating at the start of an exchange, you can only disengage.', false),
	(37, 'Swoon', 8, null, null, 'The character passes out. He''s out of the fight. If appropriate, he appears dead! He cannot be acted against unless another character pays special attention to him —to finish him, slit his throat, check his pulse or whatever.', 'If you hesitate for a complete volley, you give up your advantage in positioning (if you had any). This hesitation option count as Let ''Em Come.', false);

INSERT INTO dat."FightActionTests"
	("ActionId", "SkillId", "AbilityId")
VALUES
	(1, 20, null),
	(1, 29, null),
	(1, 30, null),
	(1, 56, null),
	(1, 98, null),
	(1, 115, null),
	(1, 117, null),
	(1, 124, null),
	(1, 125, null),
	(1, 178, null),
	(1, 179, null),
	(1, 187, null),
	(2, 20, null),
	(2, 29, null),
	(2, 30, null),
	(2, 56, null),
	(2, 98, null),
	(2, 115, null),
	(2, 117, null),
	(2, 124, null),
	(2, 125, null),
	(2, 178, null),
	(2, 179, null),
	(2, 187, null),
	(3, 20, null),
	(3, 29, null),
	(3, 30, null),
	(3, 56, null),
	(3, 98, null),
	(3, 115, null),
	(3, 117, null),
	(3, 124, null),
	(3, 125, null),
	(3, 178, null),
	(3, 179, null),
	(3, 187, null),
	(4, 235, null),
	(4, 863, null),
	(5, null, 5),
	(6, 20, null),
	(6, 29, null),
	(6, 30, null),
	(6, 56, null),
	(6, 98, null),
	(6, 115, null),
	(6, 117, null),
	(6, 124, null),
	(6, 125, null),
	(6, 178, null),
	(6, 179, null),
	(6, 187, null),
	(7, 20, null),
	(7, 29, null),
	(7, 30, null),
	(7, 56, null),
	(7, 98, null),
	(7, 115, null),
	(7, 117, null),
	(7, 124, null),
	(7, 125, null),
	(7, 178, null),
	(7, 179, null),
	(7, 187, null),
	(8, null, 1),
	(10, null, 2),
	(12, null, 2),
	(12, null, 3),
	(12, null, 5),
	(13, null, 2),
	(14, null, 2),
	(16, 20, null),
	(16, 29, null),
	(16, 30, null),
	(16, 56, null),
	(16, 98, null),
	(16, 115, null),
	(16, 117, null),
	(16, 124, null),
	(16, 125, null),
	(16, 178, null),
	(16, 179, null),
	(16, 187, null),
	(17, 20, null),
	(17, 29, null),
	(17, 30, null),
	(17, 56, null),
	(17, 98, null),
	(17, 115, null),
	(17, 117, null),
	(17, 124, null),
	(17, 125, null),
	(17, 178, null),
	(17, 179, null),
	(17, 187, null),
	(18, 20, null),
	(18, 29, null),
	(18, 30, null),
	(18, 56, null),
	(18, 98, null),
	(18, 115, null),
	(18, 117, null),
	(18, 124, null),
	(18, 125, null),
	(18, 178, null),
	(18, 179, null),
	(18, 187, null),
	(19, 29, null),
	(20, 193, null),
	(26, 54, null),
	(26, 81, null),
	(27, 27, null),
	(28, 27, null),
	(28, 54, null),
	(28, 81, null),
	(28, 193, null),
	(29, 812, null),
	(31, 813, null),
	(32, 47, null),
	(33, 111, null);

INSERT INTO dat."FightActionResolutions"
	("Id", "ActionId", "OpposingActionId", "ResolutionTypeId", "IsAgainstSkill", "Obstacle", "SkillId", "AbilityId", "OpposingSkillId", "OpposingAbilityId", "OpposingModifier")
VALUES
	(0, 1, 0, 1, null, 1, null, null, null, null, null),
	(1, 1, 2, 1, null, 1, null, null, null, null, null),
	(2, 1, 1, 1, null, 1, null, null, null, null, null),
	(3, 1, 5, 3, null, null, null, null, null, 5, null),
	(4, 1, 6, 3, null, null, null, null, null, null, null),
	(5, 1, 7, 3, null, null, null, null, null, null, null),
	(6, 1, 16, 1, null, 1, null, null, null, null, null),
	(7, 1, 17, 1, null, 1, null, null, null, null, null),
	(8, 1, 18, 1, null, 1, null, null, null, null, null),
	(9, 1, 10, 1, null, 1, null, null, null, null, null),
	(10, 1, 14, 1, null, 1, null, null, null, null, null),
	(11, 1, 13, 1, null, 1, null, null, null, null, null),
	(12, 1, 19, 1, null, 1, null, null, null, null, null),
	(13, 1, 20, 1, null, 1, null, null, null, null, null),
	(14, 1, 35, 1, null, 1, null, null, null, null, null),
	(15, 1, 36, 6, null, null, null, null, null, 5, null),
	(16, 1, 34, 1, null, 1, null, null, null, null, null),
	(17, 2, 0, 1, null, 1, null, null, null, null, null),
	(18, 2, 2, 1, null, 1, null, null, null, null, null),
	(19, 2, 1, 1, null, 1, null, null, null, null, null),
	(20, 2, 5, 3, null, null, null, null, null, 5, null),
	(21, 2, 6, 1, null, 1, null, null, null, null, null),
	(22, 2, 7, 3, null, null, null, null, null, null, null),
	(23, 2, 16, 1, null, 1, null, null, null, null, null),
	(24, 2, 17, 1, null, 1, null, null, null, null, null),
	(25, 2, 18, 1, null, 1, null, null, null, null, null),
	(26, 2, 10, 1, null, 1, null, null, null, null, null),
	(27, 2, 14, 1, null, 1, null, null, null, null, null),
	(28, 2, 13, 1, null, 1, null, null, null, null, null),
	(29, 2, 19, 1, null, 1, null, null, null, null, null),
	(30, 2, 20, 1, null, 1, null, null, null, null, null),
	(31, 2, 35, 1, null, 1, null, null, null, null, null),
	(32, 2, 36, 6, null, null, null, null, null, 5, null),
	(33, 2, 34, 1, null, 1, null, null, null, null, null),
	(34, 4, 2, 1, null, 1, null, null, null, null, null),
	(35, 4, 1, 1, null, 1, null, null, null, null, null),
	(36, 4, 5, 3, null, null, null, null, null, 5, null),
	(37, 4, 6, 3, null, null, null, null, null, null, null),
	(38, 4, 7, 3, null, null, null, null, null, null, null),
	(39, 4, 16, 1, null, 1, null, null, null, null, null),
	(40, 4, 17, 1, null, 1, null, null, null, null, null),
	(41, 4, 18, 1, null, 1, null, null, null, null, null),
	(42, 4, 10, 1, null, 1, null, null, null, null, null),
	(43, 4, 14, 1, null, 1, null, null, null, null, null),
	(44, 4, 13, 1, null, 1, null, null, null, null, null),
	(45, 4, 19, 1, null, 1, null, null, null, null, null),
	(46, 4, 20, 1, null, 1, null, null, null, null, null),
	(47, 5, 2, 3, null, null, null, null, null, null, null),
	(48, 5, 1, 3, null, null, null, null, null, null, null),
	(49, 5, 16, 3, null, null, null, null, null, null, null),
	(50, 5, 17, 5, true, null, null, null, null, null, null),
	(51, 5, 10, 3, null, null, null, null, null, 2, null),
	(52, 5, 14, 3, null, null, null, null, null, 2, null),
	(53, 5, 13, 3, null, null, null, null, null, 2, null),
	(54, 5, 19, 3, null, null, null, null, null, null, null),
	(55, 5, 20, 3, null, null, null, null, null, null, null),
	(56, 6, 1, 3, null, null, null, null, null, null, null),
	(57, 6, 16, 3, null, null, null, null, null, null, null),
	(58, 6, 17, 5, true, null, null, null, null, null, null),
	(59, 6, 14, 3, null, null, null, null, null, 2, null),
	(60, 6, 13, 3, null, null, null, null, null, 2, null),
	(61, 7, 2, 3, null, null, null, null, null, null, null),
	(62, 7, 1, 3, null, null, null, null, null, null, null),
	(63, 7, 16, 3, null, null, null, null, null, null, null),
	(64, 7, 17, 5, true, null, null, null, null, null, null),
	(65, 7, 14, 3, null, null, null, null, null, 2, null),
	(66, 7, 13, 3, null, null, null, null, null, 2, null),
	(67, 8, 2, 1, null, 1, null, null, null, null, null),
	(68, 8, 1, 1, null, 1, null, null, null, null, null),
	(69, 8, 16, 6, true, null, null, null, null, null, null),
	(70, 8, 17, 0, null, null, null, null, null, null, null),
	(71, 8, 10, 6, null, null, null, null, null, 5, null),
	(72, 8, 14, 6, null, null, null, null, null, 2, null),
	(73, 8, 13, 6, null, null, null, null, null, 2, null),
	(74, 8, 19, 6, null, null, null, null, null, 5, null),
	(75, 8, 20, 6, null, null, null, null, null, 5, null),
	(76, 10, 0, 6, null, null, null, null, null, 4, null),
	(77, 10, 2, 6, null, null, null, null, null, 4, null),
	(78, 10, 1, 6, null, null, null, null, null, 4, null),
	(79, 10, 5, 3, null, null, null, null, null, 5, null),
	(80, 10, 6, 6, null, null, null, null, null, 5, null),
	(81, 10, 7, 6, null, null, null, null, null, 5, null),
	(82, 10, 16, 6, null, null, null, null, null, 5, null),
	(83, 10, 17, 6, null, null, null, null, null, 4, null),
	(84, 10, 18, 6, null, null, null, null, null, 4, null),
	(85, 10, 10, 3, null, null, null, null, null, 2, null),
	(86, 10, 14, 6, null, null, null, null, null, 4, null),
	(87, 10, 13, 3, null, null, null, null, null, 2, null),
	(88, 10, 19, 3, null, null, null, null, null, null, null),
	(89, 10, 20, 3, null, null, null, null, null, null, null),
	(90, 10, 35, 1, null, 1, null, null, null, null, null),
	(91, 10, 36, 3, null, null, null, null, null, 5, null),
	(92, 10, 34, 1, null, 1, null, null, null, null, null),
	(93, 12, 2, 1, null, 1, null, null, null, null, null),
	(94, 12, 1, 1, null, 1, null, null, null, null, null),
	(95, 12, 16, 6, true, null, null, null, null, null, null),
	(96, 12, 17, 0, null, null, null, null, null, null, null),
	(97, 12, 10, 6, null, null, null, null, null, 5, null),
	(98, 12, 14, 6, null, null, null, null, null, 2, null),
	(99, 12, 13, 6, null, null, null, null, null, 5, null),
	(100, 12, 19, 6, null, null, null, null, null, 5, null),
	(101, 12, 20, 6, null, null, null, null, null, 5, null),
	(102, 13, 0, 6, null, null, null, null, null, 5, null),
	(103, 13, 2, 6, null, null, null, null, null, 5, null),
	(104, 13, 1, 6, null, null, null, null, null, 5, null),
	(105, 13, 5, 3, null, null, null, null, null, 5, null),
	(106, 13, 6, 3, null, null, null, null, null, null, null),
	(107, 13, 7, 3, null, null, null, null, null, null, null),
	(108, 13, 16, 6, null, null, null, null, null, 5, null),
	(109, 13, 17, 6, null, null, null, null, null, 2, null),
	(110, 13, 18, 6, null, null, null, null, null, 5, null),
	(111, 13, 10, 3, null, null, null, null, null, 2, null),
	(112, 13, 14, 6, null, null, null, null, null, 5, null),
	(113, 13, 13, 3, null, null, null, null, null, 2, null),
	(114, 13, 19, 3, null, null, null, null, null, null, null),
	(115, 13, 20, 3, null, null, null, null, null, null, null),
	(116, 13, 35, 1, null, 1, null, null, null, null, null),
	(117, 13, 36, 3, null, null, null, null, null, 5, null),
	(118, 13, 34, 1, null, 1, null, null, null, null, null),
	(119, 14, 0, 6, null, null, null, null, null, 2, null),
	(120, 14, 2, 6, null, null, null, null, null, 2, null),
	(121, 14, 1, 6, null, null, null, null, null, 2, null),
	(122, 14, 5, 3, null, null, null, null, null, 5, null),
	(123, 14, 6, 3, null, null, null, null, null, null, null),
	(124, 14, 7, 3, null, null, null, null, null, null, null),
	(125, 14, 16, 6, null, null, null, null, null, 2, null),
	(126, 14, 17, 3, null, null, null, null, null, null, null),
	(127, 14, 18, 6, null, null, null, null, null, 2, null),
	(128, 14, 10, 6, null, null, null, null, null, 2, null),
	(129, 14, 14, 3, null, null, null, null, null, 2, null),
	(130, 14, 13, 6, null, null, null, null, null, 2, null),
	(131, 14, 19, 6, null, null, null, null, null, 2, null),
	(132, 14, 20, 6, null, null, null, null, null, 2, null),
	(133, 14, 35, 1, null, 1, null, null, null, null, null),
	(134, 14, 36, 3, null, null, null, null, null, 3, null),
	(135, 14, 34, 1, null, 1, null, null, null, null, null),
	(136, 15, 2, 1, null, 1, null, null, null, null, null),
	(137, 15, 1, 1, null, 1, null, null, null, null, null),
	(138, 15, 16, 6, true, null, null, null, null, null, null),
	(139, 15, 17, 0, null, null, null, null, null, null, null),
	(140, 15, 10, 6, null, null, null, null, null, 4, null),
	(141, 15, 14, 6, null, null, null, null, null, 2, null),
	(142, 15, 13, 6, null, null, null, null, null, 5, null),
	(143, 15, 19, 6, null, null, null, null, null, 5, null),
	(144, 15, 20, 6, null, null, null, null, null, 5, null),
	(145, 16, 0, 6, true, null, null, null, null, null, null),
	(146, 16, 2, 6, true, null, null, null, null, null, null),
	(147, 16, 1, 6, true, null, null, null, null, null, null),
	(148, 16, 5, 3, null, null, null, null, null, 5, null),
	(149, 16, 6, 3, null, null, null, null, null, null, null),
	(150, 16, 7, 3, null, null, null, null, null, null, null),
	(151, 16, 16, 3, null, null, null, null, null, null, null),
	(152, 16, 17, 5, true, null, null, null, null, null, null),
	(153, 16, 18, 3, null, null, null, null, null, null, null),
	(154, 16, 10, 6, true, null, null, null, null, null, null),
	(155, 16, 14, 6, true, null, null, null, null, null, null),
	(156, 16, 13, 6, true, null, null, null, null, null, null),
	(157, 16, 19, 6, true, null, null, null, null, null, null),
	(158, 16, 20, 6, true, null, null, null, null, null, null),
	(159, 16, 35, 1, null, 1, null, null, null, null, null),
	(160, 16, 36, 1, null, 1, null, null, null, null, null),
	(161, 16, 34, 1, null, 1, null, null, null, null, null),
	(162, 17, 0, 1, true, null, null, null, null, null, null),
	(163, 17, 2, 0, null, null, null, null, null, null, null),
	(164, 17, 1, 0, null, null, null, null, null, null, null),
	(165, 17, 5, 4, null, null, null, null, null, 5, null),
	(166, 17, 6, 4, true, null, null, null, null, null, null),
	(167, 17, 7, 4, true, null, null, null, null, null, null),
	(168, 17, 16, 4, true, null, null, null, null, null, null),
	(169, 17, 17, 0, null, null, null, null, null, null, null),
	(170, 17, 18, 3, null, null, null, null, null, null, null),
	(171, 17, 10, 0, null, null, null, null, null, null, null),
	(172, 17, 14, 0, null, null, null, null, null, null, null),
	(173, 17, 13, 0, null, null, null, null, null, null, null),
	(174, 17, 19, 0, null, null, null, null, null, null, null),
	(175, 17, 20, 0, null, null, null, null, null, null, null),
	(176, 17, 35, 1, null, 1, null, null, null, null, null),
	(177, 17, 36, 6, null, null, null, null, null, 5, null),
	(178, 17, 34, 1, null, 1, null, null, null, null, null),
	(179, 18, 6, 1, null, 1, null, null, null, null, null),
	(180, 18, 7, 1, null, 1, null, null, null, null, null),
	(181, 18, 16, 3, null, null, null, null, null, null, null),
	(182, 18, 17, 3, null, null, null, null, null, null, null),
	(183, 18, 18, 3, null, null, null, null, null, null, null),
	(184, 19, 0, 6, null, null, null, null, null, 5, null),
	(185, 19, 2, 6, null, null, null, null, null, 5, null),
	(186, 19, 1, 6, null, null, null, null, null, 5, null),
	(187, 19, 5, 3, null, null, null, null, null, 5, null),
	(188, 19, 6, 3, null, null, null, null, null, null, null),
	(189, 19, 7, 3, null, null, null, null, null, null, null),
	(190, 19, 16, 6, null, null, null, null, null, 3, null),
	(191, 19, 17, 6, null, null, null, null, null, 3, null),
	(192, 19, 18, 6, null, null, null, null, null, 5, null),
	(193, 19, 10, 3, null, null, null, null, null, 2, null),
	(194, 19, 14, 3, null, null, null, null, null, 2, null),
	(195, 19, 13, 3, null, null, null, null, null, 2, null),
	(196, 19, 19, 3, null, null, null, null, null, null, null),
	(197, 19, 20, 3, null, null, null, null, null, null, null),
	(198, 19, 35, 1, null, 1, null, null, null, null, null),
	(199, 19, 36, 3, null, null, null, null, null, 5, null),
	(200, 19, 34, 1, null, 1, null, null, null, null, null);

INSERT INTO dat."SpellFacetTypes"
	("Name")
VALUES
	(0, 'Origin'),
	(1, 'Duration'),
	(2, 'Area of Effect'),
	(3, 'Element'),
	(4, 'Impetus');

INSERT INTO dat."SpellOriginFacets"
	("Id", "Name", "Obstacle", "Actions", "Resource")
VALUES
	(0, 'Personal', 2, 1, 3),
	(1, 'Presence', 3, 3, 9),
	(2, 'Sight', 4, 5, 15);

INSERT INTO dat."SpellDurationFacets"
	("Id", "Name", "Obstacle", "Actions", "Resource")
VALUES
	(0, 'Instantaneous', 1, 1, 3),
	(1, 'Sustained', 2, 2, 4),
	(2, 'Elapsed Time', -1, -1, -1),
	(3, 'Permanent', 10, 500, 1302);

INSERT INTO dat."SpellAreaOfEffectFacets"
	("Id", "Name", "Obstacle", "Actions", "Resource")
VALUES
	(0, 'Caster', 1, 1, 3),
	(1, 'Single Target', 2, 2, 6),
	(2, 'Presence', 3, 4, 9),
	(3, 'Natural Effect', 4, 8, 18),
	(4, 'Measured Area', -1, -1, -1);

INSERT INTO dat."SpellElementFacets"
	("Id", "Name", "Obstacle", "Actions", "Resource")
VALUES
	(0, 'Anima', 5, 9, 24),
	(1, 'Arcana', 5, 24, 45),
	(2, 'Heaven', 4, 30, 39),
	(3, 'White', 5, 4, 18),
	(4, 'Fire', 5, 2, 15),
	(5, 'Air', 4, 2, 12),
	(6, 'Earth', 3, 8, 12),
	(7, 'Water', 4, 6, 15);

INSERT INTO dat."SpellImpetusFacets"
	("Id", "Name", "Obstacle", "Actions", "Resource")
VALUES
	(0, 'Create', 8, 4, 42),
	(1, 'Destroy', 6, 7, 32),
	(2, 'Tax', 9, 33, 117),
	(3, 'Transmute', 5, 1, 15),
	(4, 'Control', 7, 13, 48),
	(5, 'Influence', 4, 1, 9),
	(6, 'Enhance', 10, 27, 120);

INSERT INTO dat."Resources"
	("Id", "Name", "StockId", "ResourceTypeId", "Description", "VariableCost")
VALUES
	(0, 'Relationship', 0, 2, null, false),
	(1, 'Reputation', 0, 3, null, false),
	(2, 'Affiliation', 0, 4, null, false),
	(3, 'Shoddy Arms', 0, 0, 'Any gear choice listed as ''shoddy'' merely means the is not Dwarf-made. It counts as run of the mill gear and provides none of the bonuses of the more expensive Dwarven gear.', false),
	(4, 'Dwarven Arms', 0, 0, 'All Dwarven Arms are considered superior quality items. In addition, they add a +1D balance die to the skill of the wielder. Traditionally, Dwarves use axes and hammers, throwing axes and knives. But swords and maces are acceptable as well. Players may purchase beaks, spikes and weights for their character''s weapons at +4rps per modification, per weapon.', false),
	(5, 'Shoddy Crossbow', 0, 0, 'Any gear choice listed as ''shoddy'' merely means the is not Dwarf-made. It counts as run of the mill gear and provides none of the bonuses of the more expensive Dwarven gear.', false),
	(6, 'Dwarven Arbalest', 0, 0, 'The arbalest is a special Dwarven make of the traditional crossbow. It can fire rocks or bolts. It counts as a crossbow but only requires 10 actions to load when firing bolts, or 6 actions when firing rocks. These devices are so well-made they add a +1D balance die to the wielder''s skill.<br>Rocks IMS: I: B3, M: B6, S: B9, VA: —. When firing rocks, the arbalest counts as an arquebus for Range and Cover and DoF rules.<br>It can fire bolts using the range and damage of a crossbow.', false),
	(7, 'Dwarven-made Armor', 0, 0, 'This is run of the mill armor made by Dwarves. It obeys the standard rules for armor, except that the first ''1'' rolled on an armor test per piece may be ignored. After that, it obeys the normal rules for armor failure. Once the 1 is gone, the special ability is gone. Lastly, Dwarven-made armor does not cause a Clumsy Weight Speed penalty (no obstacle penalty or -1D).', false),
	(8, 'Dwarven Armor', 0, 0, 'This is the most precious of all armors. Dwarven mail covers the bearer in fine and supple chainmail. It gives no clumsy weight penalties except for gauntlets and penalties for Stealthy. The armor counts as gray shade heavy mail from head to hand to boot. It is, of course, superior quality. Dwarven mail counts as property when factoring Resources.', false),
	(9, 'Forge Mask', 0, 0, 'This is a highly coveted piece of Dwarven craftsmanship. Forge Masks are constructed under great secrecy using the most complex and obscure Dwarven forging techniques. Designed to withstand the extreme heat of the Dwarven forge and errant heavy blows of the smithing process, they are requisite protection for every Artificer and Mask Bearer, as well as a sign of rank and skill. The mask may also be worn as a piece of armor added onto another suit and counts as 4D of gray shade armor for the face and head (with only a +1 Ob clumsy weight penalty). The mask is highly resistant to heat and flame. It allows an armor test against flames directed at the head. Also, the mask can cause an opponent to make a Steel test at the time of the wearer''s choosing. This fear effect only works once per target, costs one action to activate and can only be us ed on a target face to face with the Mask Bearer.', false),
	(10, 'Dwarven Shield', 0, 0, 'This magnificent device counts as a 3D gray shade superior quality shield. Against heat and flame, the shield counts as magical armor. The bearer of a Dwarven shield may make an armor test (3D) against any incoming flame attacks. Black s hade fire has no VA, gray shade is VA 1, and white shade is VA 2. Use these VAs instead of any spell VA . If the shield bearer is wearing a Forge Mask, he may add +2D to this armor test. When used as a weapon, the shield''s weapon shade is that of its bearer ''s Power.', false),
	(11, 'Riding Mount or Pack Animal', 0, 0, 'Dwarves tend to ride ponies or mules.', false),
	(12, 'Clothes', 0, 0, null, false),
	(13, 'Traveling Gear', 0, 0, 'This is all the necessary bits, odds and ends and what-no ts that are needed for survival on the road-candles, matches, flint and steel, a pocket knife, a rain cloak, a rain hat, a good sturdy rucksack, a thick leather belt, a money purse or wallet, a warm coat, etc. The exact choices are up to the player, but the GM has some say —no flamethrowers or Elven cloaks in traveling gear. Oh, yes, I almost forgot... don''t forget to bring a good length of rope; you''ll want one if you don''t.', false),
	(14, 'Sturdy Shoes', 0, 0, null, false),
	(15, 'Finery', 0, 0, null, false),
	(16, 'Chronicles', 0, 0, 'Chronicles add +1D to any history type test about Dwarves.', false),
	(17, 'Keg o'' Nog', 0, 0, 'A Keg o'' Nog provides the Dwarf with 12 tall mugfuls of the fabled drink. Each mug is worth +1D to one Health test, but +1 Ob to social skill tests for the scene. (Only one bonus/penalty is in effect, no matter how much of the brew is quaffed by Dwarves.) One sip is enough to get any non-Dwarf drunk.', false),
	(18, 'Shoddy Tools', 0, 0, 'Any gear choice listed as ''shoddy'' merely means the stuff is not Dwarf-made. It counts as run of the mill gear and provides none of the bonuses of the more expensive Dwarven gear.', false),
	(19, 'Dwarven Tools', 0, 0, 'Every Master Artificer builds and maintain s his own tools. It is an ancient and proud art passed down from master to student: a vital tradition, for the tools are the Artificer''s fingers and hands in the forge. Dwarven Tools (of any type) provide the user with +1D of equipment dice when used with the appropriate skill.', false),
	(20, 'Property', 0, 1, 'These all count as property when factoring Resources. *Only Dwarves of the listed rank or higher may take this kind of property.', false),
	(21, 'Workshop', 0, 1, 'Workshops are necessary to completely utilize Dwarven Artificer and Dwarven craftsman skills-without one, the Dwarf may only undertake smaller projects (Ob 3 tests or lower). Also, Dwarven Workshops are required if the character will be building special Dwarven items like masks, shields, arms or mail. Dwarven Workshops include (portable) skill tool kits as part of their cost (see below). Workshops count as property when factoring Resources.', false),
	(22, 'Carts and Baggage', 0, 1, 'Guilders bring their wares down from the holds in great lumbering carts. Carts and Baggage represents trade and salable go ods for Guilder Dwarves . They count as property when factoring resources and may be purc ha sed multiple times for multiple bonuses.', false),
	(23, 'Relationship', 1, 2, null, false),
	(24, 'Reputation', 1, 3, null, false),
	(25, 'Affiliation', 1, 4, null, false),
	(26, 'Run of the Mill Arms', 1, 0, 'Use the stats for the equipment listed in the Human Lifepaths and run of the mill lists for this gear.', false),
	(27, 'Run of the Mill Bow', 1, 0, 'Use the stats for the equipment listed in the Human Lifepaths and run of the mill lists for this gear.', false),
	(28, 'Run of the Mill Armor', 1, 0, 'Use the stats for the equipment listed in the Human Lifepaths and run of the mill lists for this gear.', false),
	(29, 'Elven Armor', 1, 0, 'Elven Armor is superior quality armor. Also, there are no Clumsy Weight penalties for all, except plated mail. Elves may buy armor piecemeal as described in the Human Resources section.', false),
	(30, 'Elven Arms', 1, 0, 'Elven Arms are considered superior quality weapons. Players may purchase beaks, spikes and weights for their characters'' weapons at +3 rps per modification, per weapon.', false),
	(31, 'Elven Bow', 1, 0, 'These are the weapons made using the Elven Bowcraft skill. Elven Bows are bigger than hunting bows, but not as big as the great bows of men. They provide 3D of range dice at extreme, and 3D at optimal. Maximum range is 250 paces. In the Fight rules, they have a Nock and Draw time of five actions.<br>When purchasing an Elven Bow, Elves may choose from these arrows:<br>Hunting Head: I: B4, M: B8, S: B11, VA 2, Free<br>Leaf Head: I: BS, M: B9, S: B12, VA 1, +1rp<br>Bodkin Head: I: B4, M: B7, S: B10, VA 3, +2rps<br>Elven characters who take four or fewer lifepaths and whose last lifepath is Elven Bowyer may take an Elven Bow for 5 rps.', false),
	(32, 'Elven Cloak', 1, 0, 'Elven Cloaks are also known as Gray Mantles. They are imbued with the Threne of the Chameleon and conceal Elven rangers who guard the fences of the hidden kingdoms of the Elves. Gray Mantles count as a 4D Threne of the Chameleon. If the character is using Stealthy and/or the actual Threne, he may add the cloak''s dice to the skill or song when rolling to hide. In addition, Elven Cloaks are warm in winter, cool in summer, covering in rain and quick to dry.', false),
	(33, 'Elven Steed', 1, 0, 'Elven Steeds are swift in travel and steadfast in war. Pe: B3(4), Wi: B2, Ag: B3, Sp: B6, Po: B6, Fo: B6. Hea: B6, Ste: B6 , Ref: B3, MW: B12 (Tough). Hesitation: 7 (Determined), Stride: 13. Skills: Mounted Combat Training, Rider Training, Intimidation B3, Foraging B4. Traits: Good Bone, Fleet of Hoof, Obedient, Loyal, Tough, Brute, Determined, Long-Limbed, Keen Hearing, Hooved, Ungulate.', false),
	(34, 'Elven Clothes', 1, 0, null, false),
	(35, 'Elven Shoes', 1, 0, null, false),
	(36, 'Elven Finery', 1, 0, null, false),
	(37, 'Elven Rope', 1, 0, 'Elven Rope is light and strong. It weighs half as much as its normal counterpart and holds twice as much for its thickness. Climbing, Knots and Rigging tests taken using Elven Rope may add +1D. It counts as tools for Knots and Climbing. Any Elf or Elf-friend may cue his rope to unknot and untie itself with a tug, nod or gesture.', false),
	(38, 'Elven Bread', 1, 0, 'This rare and cherished bread is nourishing and restorative. After it is eaten, it grants +3D to all Health tests taken for the day after it is eaten. One portion of Elven Bread will suffice as a meal for a day. 10 rps buys six portions.', false),
	(39, 'Elven Mirrorwine', 1, 0, 'Mirrorwine refreshes and restores those who taste it. Add two open-ended dice to the next Health test taken. 8 rps buys four draughts.', false),
	(40, 'Starlight', 1, 0, 'A bottle of starlight to illuminate the darkest times with the silver halo of the favored star. The Starlight is as bright as Mage Light with four successes over the obstacle. Counts as sunlight for creatures with Cold Black Blood or Enemy of the Sun traits.', false),
	(41, 'Tome of Lore', 1, 0, 'The tome of lore contains knowledge both prosaic and rare. It grants + 1D to all Elven academic skills, skill songs and appropriate wises.', false),
	(42, 'Elven Instrument', 1, 0, 'Elves are renowned for their music, both in song and instrument. Elven instruments —flutes, trumpets, lyres, etc.— grant +1D to the bearer ''s musical instrument skill.', false),
	(43, 'Traveling Gear', 1, 0, 'This is all the necessary bits, odds and ends and what-no ts that are needed for survival on the road-candles, matches, flint and steel, a pocket knife, a rain cloak, a rain hat, a good sturdy rucksack, a thick leather belt, a money purse or wallet, a warm coat, etc. The exact choices are up to the player, but the GM has some say —no flamethrowers or Elven cloaks in traveling gear. Oh, yes, I almost forgot... don''t forget to bring a good length of rope; you''ll want one if you don''t.', false),
	(44, 'Personal Effects', 1, 0, 'A player may purchase for his character personal effects of sentimental value: a lock of hair, a mirror, a book, a ring, a cane, a locket or any other similar item.', false),
	(45, 'Skill Tools', 1, 0, 'Many skills require tools. This resource can represent anything from medicine to books. If a skill is listed with ''Tools: Yes,'' then a character must spend resource points on a toolkit in order to be able to adequately perform skill tests. Tests without tools (for skills that require them) are at a double obstacle penalty.<br>A toolkit that has finite supplies —like medicine for Herbalism— can run dry. Each use after the first, roll a d6. If a 1 comes up, the kit is empty. The character must make an Ob 2-5 Resources test to replenish it. The GM may set the obstacle depending on how rare the contents of the kit are. Ob 2 for peasant tools, Ob 4 for surgeon''s tools, Ob 5 for sorcerous tools. Only one character can help you when you''re using a toolkit.', false),
	(46, 'Workshops', 1, 1, 'Workshops are necessary to completely utilize Stonecraft, Smithcraft, Starcraft and Gemcraft skills-without one, the Elf may only undertake smaller projects (Ob 3 or lower). Also, Elven Workshops are required if the character will be building special ''Elven works''. Workshops count as property when factoring Resources.', false),
	(47, 'Elven Ship', 1, 1, 'This is a beautiful, sleek and sturdy sea-going vessel. She has two masts and can accommodate a crew of about twenty. The crew is included so long as the player purchases a relationship with an Elf who acts as his pilot, navigator or first mate. Their exact abilities are determined via the I Need a Gang or Crew rules. A ship counts as property when factoring Resources.', false),
	(48, 'Elven Land', 1, 1, 'Elves, though not as particular or land-hungry as Men and Dwarves, do lay some claims of ownership to certain tracts. Elven Land counts as property when factoring Resources.', false),
	(49, 'Bitter Reminder', 1, 0, 'Dark Elf characters may purchase items from the Elven Resources list on page 156 of die Burning Wheel. Each 10 rps spent on this items adds +1D to starting Spite.', true),
	(50, 'Bitter Poison', 1, 0, 'One dose of this ingested poison causes victim to lose 1D of Health per day for five days. If Health drops to zero, the victim dies. If not, the victim recovers his Health at 1D per week.', false),
	(51, 'Spiteful Poison', 1, 0, 'One small cut from a needle or blade so poisoned is enough to kill. If an Incidental hit is delivered from a blade or barb with this poison, roll a die of fate. On a 1-2, the victim is poisoned. If a Mark hit is delivered, the victim is poisoned on a 1-4. Superb hits always deliver the poison. If poisoned, the victim must pass an Ob 5 Health test. If failed, the victim —unaware that he or she has been poisoned— will exhibit no symptoms for eight hours or more, after which time he or she will fall into a swoon and die. If somehow detected in the interim, the poison can be countered usign the Song of Soothing. If the victim passes the Health test, the victim''s Forte is taxed by four. Recover as per Sickness rules, but in days of hours.', false),
	(52, 'Lock Pick', 1, 0, 'These tools are required to use the Lock Pick skill.', false),
	(53, 'Long Knife', 1, 0, 'These insidious weapons count as daggers and are designed to cause maximum harm to their targets. Pow 2, Add 1, VA —, WS 3, Short. Can be concealed like a dagger or knife.', false),
	(54, 'Barbed Javelins', 1, 0, 'Barbed Javelins are designed to cause their victims grievous harm even after impact. If a Superb hit is scored, the javelin has embedded itself in the victim. All medicinal skill rolls to stop bleeding or being recovery suffer +2 Ob penalty due to the javelin''s ugly barbs that must be extracted before the victim can heal.', false),
	(55, 'Garrote', 1, 0, 'A garrote is a two- to three-foot length of cord strung between two small wooden handles. It is used to throttle victims to death. To use this weapon, a character must win positioning at hands fighting distance. Once there, a 2D or greater Lock must be estabilished around the neck with garrote. If such a Lock is achieved, the victim loses 1D Forte every volley thereafter. If Forte reaches zero, the victim falls unconscious.', false),
	(56, 'Caltrops', 1, 0, 'Caltrops are sharp barbs scattered on the ground to interfere with a creature''s movement. If approached while moving quickly or if simply walking into the trap unawared, make an Ob 3 Speed test to avoid. Failure indicates damage. Roll the Die of Fate. 1: B7; 2-4: B5; 5-6: B4.', false),
	(57, 'Tools of the Trade', 1, 0, 'Skill kits for Disguise, Poisons or any other kit the Dark Elf may need.', false),
	(58, 'Cloak of Darkness', 1, 0, 'Adds +4D of open ended helping dice to Stealthy skill. If you have no Stealthy skill, roll the cloak''s own four dice to create the Observation obstacle.', false),
	(59, 'Climbing Claws', 1, 0, 'These odd devices help the Dark Elf thieves in their second-story operations. Add +1D to the Climbing skill, but +1 Ob to all other Agility based skills while wearing them (except when using Climbing Claws with Brawling). They can also act as a weapon: Pow 1, Add 2, VA —, WS 2, Shortest.', false),
	(60, 'Remote Refuge', 1, 1, 'Dark Elves often find remote refuges where they can live in isolation: deep in ancient woods, lost in wastelands or even under the earth in vast caves. Use the Elven Land list for prices and translate the actual purchases into something suitably dark and forlorn.', false),
	(61, 'Morlin Armor', 1, 0, 'The first Dark Elf, in the centuries of his isolation and contemplation, developed a special black metal that was light and supple but as strong as steel. When he ventured forth from his refuge, he was always clad in this harness. Dark Elven black metal armor is superior quality armor and incurs no clumsy weight penalties.', false),
	(62, 'Morlin Weapons', 1, 0, 'Weapons made of the Dark Elven black metal count as superior quality. You may modify the weapon thusly:<br>For an additional +15 rps, you may add an additional point of weapon speed or VA to the weapon''s stats.<br>For +30 rps, you may add +1 Power to the weapon.<br>However, to qualify for this bonus, you must name the weapon and it must be unique in your campaign. For example, if you take a black metal dagger with VA 2, it can be the only one of its type.', false),
	(63, 'Relationship', 2, 2, null, false),
	(64, 'Reputation', 2, 3, null, false),
	(65, 'Affiliation', 2, 4, null, false),
	(66, 'Arms', 2, 0, 'Arms covers the necessary hand weaponry to suit a character''s idiom. Arms for a knight would consist of a sword, lance and dagger. For a foot soldier, perhaps an axe and spear. Whatever it is, just take what you need. Players may purchase beaks, spikes and weights for their characters'' weapons at +1 rp per modification per weapon.<br>Poor Quality Arms - Using poor quality weapon incurs a +1 Ob penalty to all combat tests using the weapon.<br>Run of the Mill Quality Arms - Use run of the mill stats for weapons', false),
	(67, 'Superior Arms', 2, 0, 'Arms covers the necessary hand weaponry to suit a character''s idiom. Arms for a knight would consist of a sword, lance and dagger. For a foot soldier, perhaps an axe and spear. Whatever it is, just take what you need. Players may purchase beaks, spikes and weights for their characters'' weapons at +4 rps per modification per weapon of superior quality.<br>Superior Quality Arms - Use the superior quality weapon stats.', false),
	(68, 'Poor Missiles', 2, 0, 'Included in the costs of these weapons are enough missiles to adequately outfit the character. Special arrowheads are not included and cost extra resource points. They cost 1 rp per special head type-take as many of each head as you like. Rules for special arrowheads are given in the Weapon Appendix.<br>Poor Quality Missiles - Half resource points cost rounded up. Poor quality missiles are +1 Ob to hit.', false),
	(69, 'Run of the Mill Missiles', 2, 0, 'Included in the costs of these weapons are enough missiles to adequately outfit the character. Special arrowheads are not included and cost extra resource points. They cost 1 rp per special head type-take as many of each head as you like. Rules for special arrowheads are given in the Weapon Appendix.', false),
	(70, 'Superior Missiles', 2, 0, 'Included in the costs of these weapons are enough missiles to adequately outfit the character. Special arrowheads are not included and cost extra resource points. They cost 1 rp per special head type-take as many of each head as you like. Rules for special arrowheads are given in the Weapon Appendix.<br>Superior Quality Missiles- 3x rps cost. Superior quality missile weapons grant the character a +1D bonus balance die. This is added to his skill every time he takes a shot.', false),
	(71, 'Poor Quality Armor', 2, 0, 'When you buy armor, you buy the whole suit-helmet, arms, chest and legs. The player may choose individual pieces if he likes. A helmet or br eastplate costs half the full suit. Greaves or leggings cost a third of the full price. Round up any fractional costs. Shields may be included in an armor kit at no extra cost.<br>Poor Quality Armor - This armor falls apart; all 1s count for losing armor dice.', false),
	(72, 'Run of the Mill Armor', 2, 0, 'When you buy armor, you buy the whole suit-helmet, arms, chest and legs. The player may choose individual pieces if he likes. A helmet or br eastplate costs half the full suit. Greaves or leggings cost a third of the full price. Round up any fractional costs. Shields may be included in an armor kit at no extra cost.', false),
	(73, 'Superior Quality Armor', 2, 0, 'When you buy armor, you buy the whole suit-helmet, arms, chest and legs. The player may choose individual pieces if he likes. A helmet or br eastplate costs half the full suit. Greaves or leggings cost a third of the full price. Round up any fractional costs. Shields may be included in an armor kit at no extra cost.<br>Superior Quality Armor - Only the first 1 counts, which is rerolled; if that die comes up a 1 again, an armor die is lost.', false),
	(74, 'Riding Mount or Pack Animal', 2, 0, 'A horse, pony, camel and so forth can be bought with this choice. Basic riding horse stats follow: Stats: Pe: B3(4), Wi: B2, Ag: B2, Sp: B6, Po: B6, Fo: B6. Attributes: He: B4, St: B3, Re: B4 , MW: B12. Hesitation: 8. Skills: Rider Training, Foraging B2. Traits: Gelded, Docile, Obedient, Proud, Long-Limbed, Keen Hearing, Hooved, Ungulate. Stride: 12.', false),
	(75, 'Warhorse (Courser)', 2, 0, 'A warhorse is trained to carry its master into battle. Basic warhorse stats: Pe: B3(4), Wi: B2, Ag: B4, Sp: B6, Po: B7, Fo: B7. Attributes: He: B5, St: B7, Re: B4, MW: B13. Hesitation: 5 (Fearless and Determined). Skills: Rider Training, Mounted Combat Training, Armor Training, Formation Fighting Training, Intimidation B2, Brawling B3, Foraging B2. Traits: Level-Headed, Loyal, Determined, Fearless, Aggressive, Long-Limbed, Keen Hearing, Hooved, Ungulate. Stride : 12.', false),
	(76, 'Clothes', 2, 0, 'This resource purchase includes all of the clothing a character would need for everyday life in his station. It is not just one outfit. Like the Arms purchase, Clothing allows the player to take what he needs to trick out his character (short of finery).', false),
	(77, 'Traveling Gear', 2, 0, 'This is all the necessary bits, odds and ends and what-no ts that are needed for survival on the road-candles, matches, flint and steel, a pocket knife, a rain cloak, a rain hat, a good sturdy rucksack, a thick leather belt, a money purse or wallet, a warm coat, etc. The exact choices are up to the player, but the GM has some say —no flamethrowers or Elven cloaks in traveling gear. Oh, yes, I almost forgot... don''t forget to bring a good length of rope; you''ll want one if you don''t.', false),
	(78, 'Shoes', 2, 0, 'Shoes', false),
	(79, 'Personal Effects', 2, 0, 'A player may purchase for his character personal effects of sentimental value: a religious trinket, a mirror, a book, a ring, a cane, a locket or any other similar item.', false),
	(80, 'Finery', 2, 0, 'Finery covers specialty clothing and expensive items that one would wear either on special occasions or when trying to make a point: courtly regalia for nobles, vestments for priests, shining robes for mages, etc. Like clothing, this purchase includes a whole wardrobe, not just a single outfit. Take as much or as little as you like. Improper dress imposes obstacle penalties to Inconspicuous and Etiquette tests among others', false),
	(81, 'Cash', 2, 0, 'A player may start with a pocketful of cash. This grants 1D of cash that can be used as per the Resources rules. Once used, the cash is expended.', false),
	(82, 'Skill Toolkits', 2, 0, 'Many skills require tools. This resource can represent anything from medicine to books. If a skill is listed with ''Tools: Yes,'' then a character must spend resource points on a toolkit in order to be able to adequately perform skill tests. Tests without tools (for skills that require them) are at a double obstacle penalty.<br>A toolkit that has finite supplies —like medicine for Herbalism— can run dry. Each use after the first, roll a d6. If a 1 comes up, the kit is empty. The character must make an Ob 2-5 Resources test to replenish it. The GM may set the obstacle depending on how rare the contents of the kit are. Ob 2 for peasant tools, Ob 4 for surgeon''s tools, Ob 5 for sorcerous tools. Only one character can help you when you''re using a toolkit.', false),
	(83, 'Workshop', 2, 1, 'A workshop is just a big toolkit. It is used for artisan and craftsman skill tests that require more than just simple tools. Purchasing this gives the character an appropriate room/building/tower to house the workshop. Workshops allow for more than one character to help on a skill test. This counts as property when factoring resources.', false),
	(84, 'Companion Animal', 2, 0, 'Some players may wish to take a dog, cat or falcon as an accoutrement to their character. Stats are provided for these beasties in the Creature Codex PDF, but they are really there more for show than for stealing the spotlight in an adventure.', false),
	(85, 'Herd of Animals', 2, 1, 'Characters with the Animal Husbandry skill, or the Master of Horses, Merchant or Magnate lifepath, may take an appropriate herd of animals. This purchase counts as property when factoring resources.', false),
	(86, 'Rent', 2, 1, 'Characters who cannot afford to own property live on leased land or rented houses/apartments. It''s a common condition of the age. This purchase gives the character a place to live and counts as an Ob 2 Resources maintenan ce test. Paying rent counts as property when factoring Resources.', false),
	(87, 'Property', 2, 1, 'Property counts as property when factoring Resources.<br>*Note that only Noble Born characters or characters with the Minister, Town Official, Merchant, Magnate, Steward, Master of Horse, Master of Hounds, Bailiff, Justiciar, Coroner, Constable, Treasurer, Bishop or Abbot LPs may spend more than 40 rps on property. Other characters simply may not own that degree of property (unless otherwi sespecified). The property purchase comes with appropriate staff, buildings and accoutrements. It does not provide the character with other free purchases from the Resources list.', false),
	(88, 'Arcane Kindness', 2, 5, 'Soothing rhythms emanate from the sorcerer and make agreeable his desires.<br>This incant ation grants bonus dice to Seduction, Haggling, Oratory, Persuasion and Circles tests. Meeting the obstacle adds +1D to the listed abilities. Up to two more successes can be spent to add two mor e dice to a maximum bonus of +3D.', false),
	(89, 'Bilious Smoke', 2, 5, 'Inky, sulphurous vapor pours forth from the wizard''s black mouth.<br>The stinging smoke obscures vision for those trapped in it and looking through it (+5 Ob to Perception, +3 Ob to Observation). In addition, those within the cloud are st ung and smothered. Every exchange spent in the cloud requires an Ob 3 Forte test. Margin of failure is temporarily s ubtrac ted from the victim''s Health. If Health reaches zero, the victim falls unconscious. Health is recovered at one die per exchange.<br>Weapon Length: as Missile; Range: as Thrown.', false),
	(90, 'Binding', 2, 5, 'The shipwrecked sorcerer called the flotsam together to form a raft and save his bedraggled skin.<br>This useful incantation allows the wizard to sorcerously bond two or more similar items together, so that they lock together like pieces of a puzzle. A sorcerer may choose a number of items of eart h , stone, wood or metal equa l to his Will exponent within the area of effect. Th ese items are held together with a Power eq ual to his Will exponent.<br>Weapon Length: as Sword; Range: as Melee.', false),
	(91, 'Blessed Hands', 2, 5, 'Fire is the breath of life.<br>The sorcerer lays hands upon a wounded target. Meeting the obstacle grants+ 1D to Health. Each success over the obstacle adds another + 1D to his recovery roll. This spell does not count as treatment. An herbalist or surgeon must attend to the wound first. This spell is then cast to speed recovery.', false),
	(92, 'Blue-Blooded Heart', 2, 5, 'Cold holds no pain for one who knows the secret of the Blue-Blooded Heart.<br>This incantation protects the recipient from the drain of cold. No Health or Forte tests need to be made due to cold, and no injury is sustained from cold air, water or frost damage.', false),
	(93, 'Breath of Wind', 2, 5, 'Roaring winds howl from the throat of the sorcerer.<br>Natural effects of the winds: Success: Kicks up dust; 1 over: A nice breeze, papers flutter, candles doused; 2 over: Branches blown down from trees, shutters broken; 3 over: Larger branches blown from trees; 4 over: Wooden buildings damaged, people picked up and to ssed down; 5 over: Trees blown down , 12-foot swells; 6 over: Doors ripped from hinges, 15-foot swells; 7 over: Sturdy roofs damaged; 18-foot swells; 8 over: Wooden buildings collapse; 9 over: Most structures destroyed.<br>Weapon Length: as Missile; Range: as Great Bow.', false),
	(94, 'Call of Iron', 2, 5, 'With a flick of the wizard''s wrist, the knife is wrenched from the assassin''s hand.<br>Using Call of Iron, a wizard can grab objects made of metal —a sword, for example— with his mystical might and call them to him. Pulling something is a Power test, where Power= Will. For example, wresting a metal weapon from an enemy''s hand would be a versus test: your Will versus the enemy''s Power.<br>Weapon Length: as Missile; Range: as Thrown.', false),
	(95, 'Cat''s Eye', 2, 5, 'Twilight becomes bright and what lies in the shadows is revealed.<br>This incantation reduces obstacle penalties for dimness, haziness and darkness by two.', false),
	(96, 'Chameleon', 2, 5, 'Skin and clothing swirl and fade as the sorcerer blends seamlessly into his surroundings.<br>Meeting the obstacle grants +1D to the Stealthy skill. Each success over the obstacle adds another +1D to the Stealthy skill. In addition, so long as one success over the obstacle is generated, the chameleoned character cannot be casually spotted. An other character must explicitly stat ethat he is looking about (either via expressed action or by an Instinct or trait). Only then can his Perception7Observation be tested to spot the one so concealed . If cast successfully, the character counts as having one additional level of cover in Range and Cover. In Fight, other characters suffer a +1 Ob disadvantage to hit him with any missile or thrown weapon.', false),
	(97, 'Chaos Ward', 2, 5, 'A cacophony of lights and sounds swirls round, obscuring the very earth from thy feet and the sun from thy brow.<br>This incantation causes confusion to all who fall under it. Meeting the obstacle imposes a +1 Obpenalty to all act ions in the area of effect. Additional successes increase the penalty.<br>Weapon Length: as Missile; Range: as Heavy Crossbow +1D.', false),
	(98, 'Choking Hand', 2, 5, 'His malignant will forms an invisible appendage eager to do his terrible bidding.<br>This incantation conjuresa ''hand'' with a Power equal to the caster''s Will plus 1D per three successes over the obstacle. The Hand chokes its victims using the rules for Locks, but it does not have to vie for position. The mage tests the spell Power vs the victim''s Power. If the victim breaks the hold of the Choking Hand , then the spell is broken and ends.<br>Weapon Length: as Polearm; Range: as Pistol.', false),
	(99, 'Courage', 2, 5, 'The word is fire in thy veins.<br>This simple incantation negates your allies'' current hesitation. Meeting the obstacle eliminates all hesitation', false),
	(100, 'Dark of Night', 2, 5, 'A dim pall suffocates the hall as the wizard enters, shadows lengthen and deepen, lamps shine but give no light.<br>This spell creates darkness and smothers light. Thus a candle can be seen as a point of light, but it illuminates nothing. Successful casting creates the dim light condition (+1 Ob to any action requiring light) . Extra successes can be spent to increase the level of darkness up to a maximum of +4 Ob. Extra successes can also increase the area of effect.', false),
	(101, 'Delirium Tremens', 2, 5, 'The touch of the wizard sends all thy senses reeling.<br>This spell increases obstacles by 10 minus the victim''s Will. Effects lessen over time; obstacle penalty drop s by one per test or after an hour of rest.<br>Weapon Length: as Hands; Range: as Melee.', false),
	(102, 'Dexterity of the Cat', 2, 5, 'Purring incantations imbue the recipient with the infallible balance of the cat.<br>+2D are added to the character''s Speed for purposes of climbing, leaping, dodging and other cat-like actions (including fighting, but not sprinting or long distance running).', false),
	(103, 'Dog''s Ear', 2, 5, 'Suddenly the world is a storm crashing through an ocean of sound-a man''s breath like a gust of wind, a baby''s cry like the howl of a gale,<br>footfalls like lightning strikes. Increases Perception by+ 1D overall, and by +2D for strictly auditory-based Perception tests. Anima Enhancers like this spell can be used to affect positioning and maneuvers.', false),
	(104, 'Eldritch Shield', 2, 5, 'I call upon thee, Powers Arcane. Protect this humbl e supplicant from the depredations of evil!<br>The Eldritch Shield protects the caster from the Destroy and Tax impetus spells -Fire Breath, Rain of Fire, White Fire, Fire Fan, Emperor''s Hand, Havoc''s Hand, Choking Hand, etc. It will not protect against a spell like The Fear or Persuasion.<br>Meeting the obstacle creates a strength 1 shield. Successes over the obstacle increase the shield strength by one per success. When a spell effect hits the shield, subtract the shield''s strength from the successes used to cast the spell. If the shield reduces the incoming spell''s successes below the obstacle needed to cast it, then the spell is completely absorbed. If the spell is not completely reduced, subtract the shield strength from the spell cast and use this number as the new Power/effect for the spell.<br>For example, the sorcerer is sustaining a 10 strength Eldritch Shield and a witch throws a Fire Fan (ob 3) at him with six extra successes. The shield needs to absorb seven successes in order to negate the spell effect (and reduce the casting successes below the obstacle}. The shield is now strength 3. If the shield then absorbs a white Fire bolt at seven successes, three of them are blocked by the shield and the other four get through. Just enough to meet the spell obstacle. Damage for the spell is factored using the remaining successes.<br>If the shield is knocked down, the caster must make an Ob 2 tax test. Also shield failure counts as a ''may not'' for Sustained spells.<br>A sorcerer may extend his shield to his friends. Additional successes may be spent to cover additional characters. Those characters gain the full benefits of the remaining strength of the shield.<br>If six successes are rolled, the mage may touch touch his friend and bring him into the shield. It''s an Ob 3 spell, one additional success is spen; and now a strength two shield protects them both.', false),
	(105, 'Emperor''s Hand', 2, 5, 'Cold blue fire arcs from the wizard''s hand into the very soul of his prey, draining his strength.<br>Meeting the obstacle temporarily drains 1D of  		from the victim. Each success over the obstacle drains an additional point of Forte. Reducing Forte to zero incapacitates the victim. Forte recovers at 1D per exchange.<br>Weapon Length: as Polearm; Range: as Pistol.', false),
	(106, 'Falcon Skin', 2, 5, 'Invoking the names and powers of the shaper, the sorceress and the trickster, the wizard transmutes his form into that of a sleek falcon.<br>While sustaining Falcon Skin, the caster takes on the stats of the Bird of Prey listed in the Creature Codex PDF download on www.burningwheel.com. He may fly as the bird does, but since he cannot speak or gesticulate, he may not cast spells. For the purposes of The Power Still Flows Through Him rules, use the wizard''s own Forte.', false),
	(107, 'The Fear', 2, 5, 'Fear radiates from him like chill from a winter night.<br>This charm causes all in the sorcerer''s presence-who are looking at him-to make Steel tests. Only works once per target.<br>Weapon Length: as Polearm; Range: as Pistol.', false),
	(108, 'Fire Breath', 2, 5, 'A tongue of fire lashes out from the caster''s gaping maw and bathes his enemies inflames.<br>Damaging effect spell: Power=Will +3, VA: 2. Die of Fate to determine IMS. Weapon Length: as Sword; Range: as Pi stol.', false),
	(109, 'Fire Fan', 2, 5, 'Flickering flames flare out from the caster''s fingertips and scorch his enemies.<br>Damaging effect: Power=½ Will +3 , VA 2. Die of Fate to determine IMS. Weapon Length: as Spear; Range: as Pistol.', false),
	(110, 'Firewalker', 2, 5, 'Fire cannot burn one who knows this secret.<br>This incantation will protect the caster and his belongings from the ravages of fire. This does not protect against fire created via the Destroy facet.', false),
	(111, 'Fish Lung', 2, 5, 'Briny water becomes like air for the lungs.<br>Fish Lung allows the recipient to breathe underwater.', false),
	(112, 'Flame Finger', 2, 5, 'A small, bright flame leaps into being in the palm of the sorcerer.<br>This flame can be used to ignite fires (like a brand would) or shed a little candlelight.', false),
	(113, 'Force of Will', 2, 5, 'The most foul sorcerous power is that of twisting man''s will.<br>This spell allows the mage to implant forceful commands into the victim''s mind. The words of the mage become thoughts —as if the victim had formulated them himself. This is a very powerful spell. The words of the sorcerer are permanently embedded into the mind of the victim. They resonate against the character''s personality for the rest of his days. The sorcerer may rewrite one Belief. That Belief may not be changed without use of another Force of Will spell.', false),
	(114, 'Gray Cloak', 2, 5, 'Cold tendrils of gray mist unfold from the sorcerer''s robes, blurring shape and hiding form.<br>The Gray Cloak increases all Observation and Perception obstacles within (or looking into) its folds by +3 Ob.<br>Weapon Length: as Missile; Range: as Thrown.', false),
	(115, 'Havoc''s Hand', 2, 5, 'The sorcerer''s hand becomes a venomous blade. The merest touch wreaks havoc upon his victim.<br>The sorcerer''s hand becomes a weapon. He must simply touch his opponent to deliver his retribution. The damage done is according to the spell, not the successes of the hit.<br>The touch has a damaging effect Power=Will +4. VA 1. Die of Fate to determine IMS. Weapon Length: as Hands; Range: as Melee.', false),
	(116, 'Horror', 2, 5, 'Terrible emanations of fear and loathing pour forth from the wizard.<br>This spell causes all in the mage''s presence who can see him to make a Steel test, +1 Ob for each success over the spell obstacle. If hesitating, victims must run screaming.<br>Weapon Length: as Polearm; Range: as Pistol.', false),
	(117, 'Horse''s Stride', 2, 5, 'The swiftness of the running mare courses through the sorcerer''s shanks.<br>This spell increases the recipient''s stride to that of a horse (12).', false),
	(118, 'Lights of St. Andrew', 2, 5, 'A rushing blast of color and light flies from the outstretched hands of the caster and stuns all in its path.<br>This spell causes the victim to make a Forte test. Meeting the spell obstacle is triggers an Ob 1 Forte test. Extra successes from the spell increase the victim''s obstacle. Margin of failure for the Forte test becomes an obstacle penalty for all of the victim''s actions. The penalty drops by one each volley after the first.<br>Weapon Length: as Sword; Range: as Pistol.', false),
	(119, 'Low Speech', 2, 5, '<br>This spell allows you to speak with animals. Decide which type before casting.', false),
	(120, 'Mage Light', 2, 5, 'He rapped his staff upon the flagstones and gentle illumination flowed forth.<br>Mage Light is a subtle and powerful spell that dispels darkness. It can be used to call upon the simple light of a candle or the awesome light of day. Before casting, the sorcerer must indicate where the light is set to emanate from on his person: his brow, his staff, a ring on his finger, etc. Successfully casting the spell brings forth a warm light, and negates the penalty for dim light and reduces all other darkness penalties by one. Extra successes may be spent to reduce the stiffer penalties of dee per darknesses.', false),
	(121, 'Magesense', 2, 5, '<br>Magesense is a powerful spell that extends the sorcerer''s senses from the realm of the mundane into that of the arcane. When this spell is erected , the mage sees, hears and smells magic. When a spell is cast within or an active spell enters his Magesense area of effect, the mage may make a Perception test using the following obstacles: high powered magic (major miracles, Mjölnir, the Burning Wheel, Ob 10 spells, Strength 10 spirits etc.) are Ob 1 to detect; moderately powered magic (minor miracles, Ob 5 spells, a risen corpse, the Belt of Flying, Dragon Slaying Sword, Spirit Weapons, Strength 5 spirits), Ob 5; low powered magic (Jade Amulet, bless/curse, Ob 2 spells, Strength 2 spirits), Ob 8. If successful, he can pinpoint the location of the magical effec the does not instantly know the nature of the magic.<br>Extra successes of the spell must be divided between the area of effect and the sensitivity. Area of effect expands the range, but sensitivity adds +1D per success to Perception for the purpose of detecting magic. Magesense is one of the abilities that allows a sorcerer to use Aura Reading. Therefore, once magic is detected, Aura Reading may be used to determine the exact nature of the ability.<br>Lastly, while the Magesense is being sustained, the sorcerer''s Perception counts as Observation for detecting Stealthy and Inconspicuous characters, and the sorcerer suffers a +1 Ob penalty to all physical activities like fighting, running and jumping.', false),
	(122, 'Magic Whistle', 2, 5, 'A miniature firework launch es from the magician''s outstretched finger and corkscrews crazily off into the air.<br>Its journey ends with a magical whistle. Multicolor sparks drift to the ground.<br>Weapon Length: as Sword; Range: as Pistol.', false),
	(123, 'Mask', 2, 5, 'A wizard can walk in the guise of any man.<br>A mage may alter the appearance of his face with this simple illusion. The spell forces others to make an Observation test to recognize the mage. The obstacle is 1 plus the margin of success.', false),
	(124, 'Mend', 2, 5, 'Under the witch''s careful tending, the wear and tear of daily life disappears from cloth, wood and even metal.<br>Meeting the obstacle repairs clothing and shoes; 1 success over mends tools, weapons or 1D of shield damage; 2 over mends 1D of armor; 3 over repairs stuff like gears or 2D of armor; 4 over repairs machines, like a mill, or large tools like a plowshare.', false),
	(125, 'Minor Maker', 2, 5, 'Know this simple spell and you''ll never be without that which you need.<br>Starting with a scrap, piece or fragment, the wizard can recreate and multiply wood, rope, cloth or paper.', false),
	(126, 'Persuasion', 2, 5, 'Sorcery renders supple the words and tongue of a magician.<br>Using Persuasion, a sorcerer may offer a suggestion to his target. It must be a minor request or suggestion and seemingly normal or mundane; the sorcerer may not command his target to do anything. If the spell is successfully cast, then the victim must do as the sorcerer suggests. He must attempt to complete the request in the time allotted by the duration. After that time, the suggestion will lose importance, and the victim will move on.', false),
	(127, 'Phantasmagoria', 2, 5, 'Shadows, dreams and phantasms come at the witch''s beck and call.<br>Using Phantasmagoria, a witch may conjure images and illusions. The size, scope, depth, texture and detail of the vision depend on the success of the spell. Meeting the obstacle allows her to change the shape of one small, palm-sized object —but to all who view it, it seems real enough. Exceeding the obstacle allows her to increase the size and breadth of that illusion: 1 success over for an object or animal the size of a hat; 2 over for a dog or chair; 3 over creates a person, a wall or a bed; 4 over for a horse or cart or a complex image like a painting or tapestry; 5 over to create a small house or a crowd of people; 6 over to create a house, a court or a monstrous creature like a Giant or Ancient Seneschal.<br>To penetrate an illusion, a character must pass an Ob 3 Perception test or an Ob 2 Observation test. To make the illusions harder to penetrate, the witch may add her extra successes into complexity instead of scope. Successes allocated to the complexity of the illusion are added to the Perception/Observation obstacle.', false),
	(128, 'Philosopher''s Perch', 2, 5, 'His pure thoughts render him weightless; he floats in air akin to a feather.<br>This incantation allows the wizard to rise straight up into the air. He may rise a number of Paces equal to his Will, and may only rise straight up.', false),
	(129, 'Pyrotechnics', 2, 5, 'The sorcerer commands the life of fire.<br>He may cause it to burn high and bright or cause it to be low and smoking. This spell affects bonfire-sized fires and smaller. The mage may increase or reduce a fire''s strength by two steps on the natural magic scale. Fires reduced to zero are doused.', false),
	(130, 'Rain of Fire', 2, 5, 'The sky turns a smoky red and streams of fire erupt on the wind, annihilating the wizard''s enemies.<br>Damaging effect spell: Power=Will+2, VA 5. Di e of Fate to determine IMS. Weapon Length: as Missile; Range: as Heavy Crossbow +1D.', false),
	(131, 'Rainstorm', 2, 5, 'Leaden clouds rush to the sorcerer''s call; thick, stinging rain sweeps the fields, causing his enemies to despair.<br>This incantation causes a torrential downpour that turns the earth to soupy mud, drowns out the cries of men and washes out bridges and homes. 1 over: light rain; 2 over: rain; 3 over: heavy rain; 4 over: downpour with accompanying, minor flash floods; 5 over: storm squall with flooding and minor damage to buildings; 6 over: storm and serious flooding, cows float away; 7 over: heavy storm with damage to wooden buildings; 8 over: flooding and sudden downpour causes buildings to collapse.<br>Weapon Length: as Missile; Range: as Heavy Crossbow +2D.', false),
	(132, 'Sarch''s Glare', 2, 5, 'Arcane power flares from the brow of the sorcerer, and his eyes become scintillating stars of fear.<br>Those who look into his eyes freeze; their limbs go dead, paralyzed. The sorcerer may nominate one character to be the recipient of his gaze and attempt to paralyze him. Obstacle is the target''s Will or Forte, whichever is lower.<br>Weapon Length: as Missile; Range: as Pistol.', false),
	(133, 'Shards', 2, 5, 'With a gesture, the sorcerer gouges massive splinters from nearby wood and stone and flings them with great velocity into the unwary.<br>The spell leaves deep grooves in the material used as its source.<br>Damaging effect spell: Power=½ Will+2, VA 3. Die of Fate to determine IMS. Weapon Length: as Polearm; Range: as Pistol.', false),
	(134, 'Sight of the Eagle', 2, 5, 'Light sharpens, and that which is distant becomes clear.<br>The recipient gains +2D to Perception tests. Anima Enhancers like this spell can be used to affect positioning and maneuvers.', false),
	(135, 'Spark Shower', 2, 5, 'Fire leaps and spits sparks at the sorcerer''s call.<br>Anyone sitting around the targeted fire suffers. Must be cast into a fire source. Will douse torches when cast, but will not unduly affect campfires or larger blazes.<br>Damaging effect spell: Base Power=½ Will +3, VA 2. Die of Fate to determine IMS. Weapon Length: as Polearm; Range: as Pistol.', false),
	(136, 'Spirit Servant', 2, 5, 'A ghostly presence forms and shadows the sorcerer, serving his need and whim.<br>The servant may perform simple functions for the caster: carry, serve, open, etc. The servant''s Speed and Power are equal to the caster''s Will. The Servant may not leave the sorcerer''s sight.', false),
	(137, 'Storm of Lightning', 2, 5, 'The sky chokes into a purple rage and voices its displeasure with searing thunderbolts.<br>Damaging effect spell: Power= Will+5, VA 6. Die of Fate to determine IMS. Weapon Length: as Missile; Range: as Heavy Crossbow + 1D.', false),
	(138, 'Strength of the Ox', 2, 5, 'Calling forth the power of ancient spirits, the sorcerer summons the limitless strength of the ox into his veins.<br>The recipient gains +2D to Power.', false),
	(139, 'Thunderclap', 2, 5, 'Speaking this primal incantation and bringing his hands together, the wizard causes a small thunderclap to erupt and deafen his enemies.<br>Thunderclap deafens all those around the caster for one hour and causes +1 Ob to all actions for one exchange. Victims may make a Forte test to reduce time of deafness: 10 minutes per success. Multiple thunderclaps have no cumulative effect (What? I can''t hear you).<br>Weapon Length: as Polearm; Range: as Pistol.', false),
	(140, 'Turn Aside the Blade', 2, 5, 'A true sorcerer is untouchable by swords, arrows, spears and fists.<br>Turn Aside the Blade in creases the obstacle to strike or shoot the caster. The obstacle penalty is 1 plus the margin of success of the spell. Thus, if a sorcerer casts the spell with five successes, all in coming attacks are at +2 Ob.', false),
	(141, 'Valor', 2, 5, 'Waves of courage and zeal pour steadily forth from the wizard.<br>This spell adds + 1D to Steel plus +1 D per margin of success to all allies in his presence.', false),
	(142, 'Voice Caster', 2, 5, 'The voice of the sorcerer has no source. He may produce sound wheresoever he desires in his presence.<br>This spell takes the sound from the sorcerer''s throat and projects it elsewhere. The sorcerer is silent; his voice is heard from a different point.', false),
	(143, 'Wall Walker', 2, 5, 'Like a hunting spider, the witch clings to walls and clambers about.<br>This spell allows the witch to walk upon walls as if they were horizontal surfaces. Count Speed as Climbing skill. Add +1D to Speed when able to utilize walls and ceilings for advantage.', false),
	(144, 'Water Walker', 2, 5, 'Water becomes like ice to the ensorcelled feet of the witch.<br>The recipient of this spell may tread up on water as if it were solid ground. White/rough water counts as unstable ground —at least +1 Ob to all actions. The character can climb rapids with Speed and/or Climbing tests.', false),
	(145, 'Wave', 2, 5, 'Smashing his hand against the glassy surface of the water, the incanter sends a powerful wave rippling across the surface.<br>Natural effects of waves: Success, ripples. 1 over, don''t rock the boat, baby. 2 over, small craft sway dangerously, people have difficulty standing. 3 over, people knocked down. 4 over, small boats capsized, people flattened. 5 over, mid-sized craft swamped, small boats shattered. 6 over, mid-sized boats capsized. 7 over, large vessels swamped, mid-sized vessels shattered. 8 over, large vessels capsized. 9 over, large seagoing vessels shattered.<br>Wave must be cast in as uitably sized body of water. Deep pools of water (like a big fountain in a city) can only produce up to ''4 over'' effects. Ponds and streams can only produce up to ''5 over'' effects.<br>Weapon Length: as Missile; Range: as Crossbow.', false),
	(146, 'Weatherworker', 2, 5, 'With a word, a plea and a pinch of luck, the weather witch asks the clouds, wind and rain to move along, remain a little longer or even calm down a bit.<br>The caster may influence clouds, rain, and storms. He may not influence sun or light independent of moving clouds about. When successfully cast, the spell reduces any nasty weather to some thing merely bothersome, and can magnify bother some weather to some thing nasty. Weatherworker can reduce or increase the intensity of weather by up to three steps on the Natural Effect scale. Reducing the effect to zero moves the phenomenon completely out of the caster''s vicinity. Weather may only be increased up to the ''9-over'' effects —an act tantamount to suicide.', false),
	(147, 'Whisper on the Wind', 2, 5, 'Power arcane sends words winging like divine messengers across the gulf of distance into the ear of the named receiver.<br>The caster can deliver a short (syllables = 2x Caster''s Will) message to a named and known recipient. Spell travels 1 mile (1500p). This distance may be increased by upping the obstacle for area of effect.', false),
	(148, 'White Fire', 2, 5, 'A crashing bolt of lightning arcs from the caster''s brow, obliterating his enemies.<br>After striking its intended target and resolving the effect (the most likely result being a pair of smoking boots where once stood your foe), roll the Die of Fate. On a 2-6, the spell dissipates. On a 1, the bolt jumps to another target —friend, foe or self. Roll randomly to determine the new target giving equal weight to all possibilities. After resolving this impact, roll the Die of Fate and go through the process again.<br>Damaging effect spell: Power=Will+5, VA 4. Die of Fate to determine IMS. Weapon Length: as Missile; Range: as Great Bow.', false),
	(149, 'Windlash', 2, 5, 'Rain and wind grow hostile and lash out at the enemies of the witch.<br>Windlash increases obstacle penalties for those out in the weather: +2 Ob for light rain; heavy rain is +3 Ob; storms are +6 Ob. If a test is, for some reason, not normally penalized by being performed in the rain, Windlash adds a +2 Ob modifier.<br>Weapon Length: as Missile; Range: as Heavy Crossbow +1D.', false),
	(150, 'Wisdom of the Ancients', 2, 5, 'Voices whisper answers and questions across the indigo gulf of time.<br>This spell grants the wizard +2D Will.', false),
	(151, 'Witch Flight', 2, 5, '<br>This spell launches the witch in a long leap and allows her to come safely to earth. Increase stride by four for your next positioning test. Leap 10 Paces per success.', false),
	(152, 'Witch Key', 2, 5, 'A sorcerer''s merest whim is the key to any lock.<br>Witch Key opens any mundane lock for the caster.', false),
	(153, 'Wolf Snout', 2, 5, 'To the witch, a man''s scent becomes as distinct as his voice, fear becomes a taste on the tongue.<br>This incantation increases Perception by +1D overall, by +2D for strictly olfactory/taste-based tests. Also, Perception counts as Observation for detecting Stealthy characters.', false),
	(154, 'Wyrd Light', 2, 5, '<br>Globes of swirling light orbit the caster and move with a Speed equal to the caster''s Will. The lights hover and float at the caster''s command, illuminate as if they were torches, and may not move beyond the limits of the caster''s presence.', false),
	(155, 'Practical Magic — Schools', 2, 5, null, false),
	(156, 'Spirit Binding — Domain Binding Levels', 2, 5, null, false),
	(157, 'Spirit Binding — Spirit Mark Levels', 2, 5, null, false),
	(158, 'Summoning — Affiliated Order Levels', 2, 5, null, false),
	(159, 'Relationship', 3, 2, null, false),
	(160, 'Reputation', 3, 3, null, false),
	(161, 'Clans and Warbands', 3, 4, 'Orcs frequently gather together in groups, warbands, clans and hordes. Relationships in the group/clan are purchased as normal. Additional characters and functionaries can be generated using the Circles rules in play. Orc commanders are often unaware of who precisely is working under them. It''s usually a nest of rabble, a few bitter enemies and one or two die hard heavies. The exact nature of who''s who is up to the Circles tests. The character''s own position in the warband/horde is dependent on his reputation. Use the standard rules described in Step 8. Spending Resource Points to generate this.', false),
	(162, 'Rags', 3, 0, null, false),
	(163, 'Traveling Gear', 3, 0, null, false),
	(164, 'Hobnailed Boots', 3, 0, null, false),
	(165, 'Orc Arms', 3, 0, 'You may purchase run of the mill or poor quality weapons for your character. You may purchase beaks, spikes and weights for your character''s weapons at +1 rp per modification, per weapon.', false),
	(166, 'Orc Armor', 3, 0, 'Orc players may purchase the following types of armor for their characters. They may purchase armor piecemeal as described in the Human Resources section. See the Spoils of War for more options.', false),
	(167, 'Orc Missiles', 3, 0, 'Included in the costs of these weapons are enough missiles to adequately outfit the character. Special heads for arrows and bolts can be purchased for +1rp apiece. Take as many of each head as you like. Rules for special arrowheads are given in the Weapon Appendix of the Burning Wheel.', false),
	(168, 'Black Iron Helmet', 3, 0, 'A helmet complete with spikes, horse hair tassels and a prison-gate mask. 5D, +2 Ob to Perception tests.', false),
	(169, 'Black Iron Shield', 3, 0, 'A large, iron, circular shield, stained coal black. The outer edge is sharpened to add a little surprise for those who want to get close. 3D shield. Power 2, Add 2, VA 1, WS 1, short weapon.', false),
	(170, 'Riding Mount or Pack Animal', 3, 0, null, false),
	(171, 'Great Wolf Mount', 3, 0, 'The Great Wolf is the pr eferred mount of the Orcish cavalry. Though not as swift as horses, they mak e up for their loss in cunning and ferocity. Use the stats in the Monsters section in the Burning Wheel for the Black Destroyer and Astride the Beast wolves (they''re too long to li st here) or burn up th e wolf using the Great Wolf lifepaths in the Codex. Burned wolves have one less lifepath than their master and obey the other rules for relationships. Lastly, the wolf can be burned up as a character by another player. This creates a powerful partnership, rather than a master/slave, rider/mount relation ship. When using a player character wolf, lifepath limits are the same as for any other character.', false),
	(172, 'Whip', 3, 0, 'The lash is required for making use of the Where There''s a Whip, There''s a Way trait. The whip is not a weapon of any consequence. This may only be purchased by characters with the Where There''s a Whip, There''s a Way trait.', false),
	(173, 'Poison', 3, 0, 'Three doses of one of the types of poison listed under Vile Poisoner.', false),
	(174, 'Brazen Horn or Clan Banner', 3, 0, 'The Brazen Horn adds +1D to the Brazen Horn of Despair skill and allows Despair Shouters to help a Named with Command or Brutal Intimidation. The banner reduces hesitation by one for all in the clan who can see it.', false),
	(175, 'Skill Toolkits', 3, 0, null, false),
	(176, 'Riding Harness for Wolf', 3, 0, 'The saddle, bit and bridle, stirrups and reins add +1D to Riding tests for wolves.', false),
	(177, 'Spoils of War', 3, 0, 'Named, Great Ones, Whisperers, Head Takers, Summoners and Masters may purchase one item from any character stock resources/gear list they wish. Troll Lords may purchase gear from the Troll resources list in the Codex. Any Orc character who has ''failed'' a Brutal Life test may also purchase Spoils of War from other character stocks, but the cost of the item/property may not exceed half the Orc''s total resource points. Named, Great Ones, etc. may take a second item, but to do so counts as failing a Brutal Life roll at his current lifepath level. If an Orc player takes property as part of their Spoils of War, be sure to include its cost when calculating his Resources.', true),
	(178, 'Black Robes', 3, 0, 'Servants only.', false),
	(179, 'Leather Apron', 3, 0, 'Servants only.', false),
	(180, 'Ceremonial Knives', 3, 0, 'Servants only. These ornate and hallowed weapons are vital to the Servant for performing his dark rituals. Otherwise they are simply ornate run of the mill weapons.', false),
	(181, 'Ceremonial Axe or Sword', 3, 0, 'Servants only. These ornate and hallowed weapons are vital to the Servant for performing his dark rituals. Otherwise they are simply ornate run of the mill weapons.', false),
	(182, 'Tools of the Trade', 3, 0, 'Servants only. These are a collection of knives, blades, pins, clamps and other strange devices. Tools of the Trade add +1D to the Torture skill.', false),
	(183, 'Poisoner''s Toolkit', 3, 0, 'Servants only. This kit allows the Knower of Secrets to mix poisons. All of the ingredients necessary for concocting the poisons listed under the Vile Poisoner skill are present in this foul smelling pouch. After using this kit, roll the Die of Fate. On a 1, the supplies have run out and the character must refill the kit via a Resources, Foraging or Scavenging test (or another means sanctioned by the GM).', false),
	(184, 'Black-Blooded Rage', 3, 5, 'Calling upon memories of torture in the pits, goading them with visions of hated enemies, the Black-Blooded Rage sends Ores into a howling fury.<br>While under this spell, Orcs add +2D to Steel and half hesitation (round up). Also, so furious are they, these Ores ignore pain-they do not suffer the +1 Ob effects of superficial wounds.', false),
	(185, 'Black Cloak', 3, 5, 'The Servant covers himself in a humming field of ebon eldritch power.<br>This spell combines the effects of Eldritch Shield and Turn Aside the Blade. Divide successes between physical and spell protection.', false),
	(186, 'Black Rust', 3, 5, 'At the touch of the Servant''s black hand, the Black Rust turns flesh into a charred, twisted ruin.<br>The Black Rust ruptures skin and bone. Damaging Effect: Power exponent of caster plus 1 per extra success; straight damage, no DoF or IMS. Caster need only touch his victim (Ob 1 Agility test or Strike). Armor does not work against this spell. The caster may poison his hand as he would a blade and use the touch of the Black Rust to deliver the venom.<br>Weapon length: as Knife. Range dice: as Melee.', false),
	(187, 'Call of the Pit', 3, 5, 'Violent, black words tear a rift in the skin of the earth, spewing fire and vapors: tremors shiver the ground into shards like a hammer shatters a mirror.<br>This spell counts as five successes of Siege Engineer against materials. Extra successes allocated to effect (rather than area) increase the Siege Engineer successes by one per success. All characters caught in the area of effect must make a Speed test with an obstacle equal to all effect successes. Failure indicates they have fallen into the pit and must climb out or be rescued.<br>Weapon length: as Missile. Range dice: as Heavy Crossbow +2D.', false),
	(188, 'Dark of Night', 3, 5, 'A dim pall suffocates the hall as the Servant enters; shadows lengthen and deepen; lamps shine but give no light.<br>This spell creates darkness and smothers light. Successful casting creates the dim light condition (+1 Ob to any action requiring light). Extra successes can be spent to increase the level of darkness up to a maximum of +4 Ob. Extra successes can also increase the area of effect.', false),
	(189, 'Death''s Howl', 3, 5, 'A frigid wind erupts howling from the mouth of the Servant of Night. The cold is so terrible it freezes flesh on the bone, the wind so powerful it topples trees.<br>Damaging effect: Base Power equals caster''s Will. Roll DoF for IMS. VA 8. Weapon length: as Missile. Ranged dice: as Great Bow.<br>The caster may also allocate successes to knock down targets. Successes so allocated count as the obstacle for a Forte test. Failure indicates the character is knocked supine. These successes count on the Natural Effect list, too.', false),
	(190, 'Enemy of the Sun', 3, 5, 'A gray haze falls across the sky, shielding the Ores from the sun''s rays.<br>This spell turns the light in the sky to a dim twilight —ideal conditions for Orcs going to war.', false),
	(191, 'His Creeping Hand', 3, 5, 'His Creeping Hand flings forth a crawling black vapor.<br>The vapor is noxious to breathe and obscures light. However, once released, His Creeping Hand has a will of its own and is not under the control of the caster —it goes where it wants, moving with a Speed equal to the ca ster''s Will and a Stride of 8. Successes over the spell obstacle increase obstacles for all in the cloud due to the darkness and noxious vapors (+1 Ob per success). Anyone touched by His Creeping Hand must make a Steel test. Extra successes may also be spent to increase the duration (one exchange per extra success).', false),
	(192, 'Impenetrable Gloom', 3, 5, 'The Servant summons gloom to conceal his den from the prying eyes of Elves and Men.<br>Impenetrable Gloom conceals caves and warrens from normal sight. Spotting them require s an Ob 5 Observation test. Any attempts to track the Ores to their den suffer an +5 Ob penalty. Impenetrable Gloom also conceals the Ores from magical detection; even the spell itself is difficult to detect. Increase Magesense or Second Sight obstacles by +2 Ob. Air of Gates requires an Ob 5 test in order to detect Impenetrable Gloom and those it protects.', false),
	(193, 'Intonation of Earth''s Dark Secrets', 3, 5, 'Dirt and loam foam and froth, marking a pathway to the nearest caves.<br>The Servant may guide those in his charge to the safety of the underworld. Caves are never more than a mile or two away.', false),
	(194, 'Relationship', 4, 2, null, false),
	(195, 'Reputation', 4, 3, null, false),
	(196, 'Affiliation', 4, 4, null, false),
	(197, 'Arms', 4, 0, 'Arms covers the necessary hand weaponry to suit a character''s idiom. Arms for a knight would consist of a sword, lance and dagger. For a foot soldier, perhaps an axe and spear. Whatever it is, just take what you need. Players may purchase beaks, spikes and weights for their characters'' weapons at +1 rp per modification per weapon.<br>Poor Quality Arms - Using poor quality weapon incurs a +1 Ob penalty to all combat tests using the weapon.<br>Run of the Mill Quality Arms - Use run of the mill stats for weapons', false),
	(198, 'Superior Arms', 4, 0, 'Arms covers the necessary hand weaponry to suit a character''s idiom. Arms for a knight would consist of a sword, lance and dagger. For a foot soldier, perhaps an axe and spear. Whatever it is, just take what you need. Players may purchase beaks, spikes and weights for their characters'' weapons at +4 rps per modification per weapon of superior quality.<br>Superior Quality Arms - Use the superior quality weapon stats.', false),
	(199, 'Roden Throwing Blades', 4, 0, 'This category includes a number of weapons designed for throwing, including knives, darts and discs. The balance ofthese blades are superb and adds +1D to the Throwing skillwhen used. Players may take two knives. These are meant to be rare and expensive.<br>Pow: 1, VA: 1, DoF 1-2/3-4/5-6, Range: Optimal 1D, Extreme 1D', false),
	(200, 'Wooden Shield', 4, 0, 'While armor might be very rare for Roden, they often use shields to protect themselves in battle. These shields are made from strong wood and offer 2D of protection as target shields.', false),
	(201, 'Poor Quality Armor', 4, 0, 'When you buy armor, you buy the whole suit-helmet, arms, chest and legs. The player may choose individual pieces if he likes. A helmet or br eastplate costs half the full suit. Greaves or leggings cost a third of the full price. Round up any fractional costs. Shields may be included in an armor kit at no extra cost.<br>Poor Quality Armor - This armor falls apart; all 1s count for losing armor dice.', false),
	(202, 'Run of the Mill Armor', 4, 0, 'When you buy armor, you buy the whole suit-helmet, arms, chest and legs. The player may choose individual pieces if he likes. A helmet or br eastplate costs half the full suit. Greaves or leggings cost a third of the full price. Round up any fractional costs. Shields may be included in an armor kit at no extra cost.', false),
	(203, 'Superior Quality Armor', 4, 0, 'When you buy armor, you buy the whole suit-helmet, arms, chest and legs. The player may choose individual pieces if he likes. A helmet or br eastplate costs half the full suit. Greaves or leggings cost a third of the full price. Round up any fractional costs. Shields may be included in an armor kit at no extra cost.<br>Superior Quality Armor - Only the first 1 counts, which is rerolled; if that die comes up a 1 again, an armor die is lost.', false),
	(204, 'Workshop', 4, 1, 'A workshop is just a big toolkit. It is used for artisan and craftsman skill tests that require more than just simple tools. Purchasing this gives the character an appropriate room/building/tower to house the workshop. Workshops allow for more than one character to help on a skill test. This counts as property when factoring resources.', false),
	(205, 'Animal Herd', 4, 1, 'Although the Field Roden do not keep animals, their kin Below have long known the taste of flesh. A herd may include goats, pigs or chickens. This counts as property for the purposes of factoring resources.', false),
	(206, 'Clothes', 4, 0, 'This resource purchase includes all of the clothing a character would need for everyday life in his station. It is not just one outfit. Like the Arms purchase, Clothing allows the player to take what he needs to trick out his character (short of finery).', false),
	(207, 'Traveling Gear', 4, 0, 'This is all the necessary bits, odds and ends and what-no ts that are needed for survival on the road-candles, matches, flint and steel, a pocket knife, a rain cloak, a rain hat, a good sturdy rucksack, a thick leather belt, a money purse or wallet, a warm coat, etc. The exact choices are up to the player, but the GM has some say —no flamethrowers or Elven cloaks in traveling gear. Oh, yes, I almost forgot... don''t forget to bring a good length of rope; you''ll want one if you don''t.', false),
	(208, 'Shoes', 4, 0, 'Shoes', false),
	(209, 'Skill Toolkits', 4, 0, 'Many skills require tools. This resource can represent anything from medicine to books. If a skill is listed with ''Tools: Yes,'' then a character must spend resource points on a toolkit in order to be able to adequately perform skill tests. Tests without tools (for skills that require them) are at a double obstacle penalty.<br>A toolkit that has finite supplies —like medicine for Herbalism— can run dry. Each use after the first, roll a d6. If a 1 comes up, the kit is empty. The character must make an Ob 2-5 Resources test to replenish it. The GM may set the obstacle depending on how rare the contents of the kit are. Ob 2 for peasant tools, Ob 4 for surgeon''s tools, Ob 5 for sorcerous tools. Only one character can help you when you''re using a toolkit.', false),
	(210, 'Firebombs', 4, 0, 'In order to purchase firebombs, the character''s last lifepath must be in the Society. Players may purchase six bottle-sized bombs or one medium-sized incendiary bomb. If a player''s last lifepath was Arsonist, he may purchase the firebombs for 6 rps. See the Firebombs skill for more information.', false),
	(211, 'Robes of the Ordained', 4, 0, 'These are the humble wool robes worn by Aecer''s Ordained. Brothers and Sisters wear brown; Fathers and Mothers wear green; and Abbots and Abbesses wear pumpkin.', false),
	(212, 'Honeyed Oatcakes', 4, 0, 'These are delight for any traveler! Sweet and crunchy, filling and healthy, they don''t spoil and make for good meals while on the road. They add +1D to any Forte or Health tests made within 1 day of consumption.', false),
	(213, 'Dandewine', 4, 0, 'Made from dandelions and infused with other secret liquids and spices, dandewine is featuresd at every Field Roden social event. Surprisingly, it''s nonalcoholic, but it has wondrous effects. Reduce hesitation by one and also decrease by one all social skill tests obstacles made against those drunk on wine.', false),
	(214, 'Blood Blossom', 4, 0, 'Known in the Fields and Below for its great healing powers, blood blossoms have been stabple of Roden healers for ages. Harvested only at the summer equinox, they are prepared immediately and stay usable for up to a full year. These flowers will add +1D to any Herbalism or Field Dressing tests.', false),
	(215, 'Roden Property', 4, 1, null, false),
	(216, 'Visionary Cult', 4, 4, 'The devotees of the Visionary, they follow his guidance and do his bidding. Most are clever and work inconspicuously among the Field and Below, being very careful to avoid suspicion. Only a Visionary may purchase a Cult. A Cult counts as an affiliation. Each die spent in the affiliation also grants +1D to the Visionary Faith trait. If the cult is lost, destroyed or abandoned, the Visionary loses access to these dice.', false),
	(217, 'Arcane Kindness', 4, 5, 'Soothing rhythms emanate from the sorcerer and make agreeable his desires.<br>This incant ation grants bonus dice to Seduction, Haggling, Oratory, Persuasion and Circles tests. Meeting the obstacle adds +1D to the listed abilities. Up to two more successes can be spent to add two mor e dice to a maximum bonus of +3D.', false),
	(218, 'Bilious Smoke', 4, 5, 'Inky, sulphurous vapor pours forth from the wizard''s black mouth.<br>The stinging smoke obscures vision for those trapped in it and looking through it (+5 Ob to Perception, +3 Ob to Observation). In addition, those within the cloud are st ung and smothered. Every exchange spent in the cloud requires an Ob 3 Forte test. Margin of failure is temporarily s ubtrac ted from the victim''s Health. If Health reaches zero, the victim falls unconscious. Health is recovered at one die per exchange.<br>Weapon Length: as Missile; Range: as Thrown.', false),
	(219, 'Binding', 4, 5, 'The shipwrecked sorcerer called the flotsam together to form a raft and save his bedraggled skin.<br>This useful incantation allows the wizard to sorcerously bond two or more similar items together, so that they lock together like pieces of a puzzle. A sorcerer may choose a number of items of eart h , stone, wood or metal equa l to his Will exponent within the area of effect. Th ese items are held together with a Power eq ual to his Will exponent.<br>Weapon Length: as Sword; Range: as Melee.', false),
	(220, 'Blessed Hands', 4, 5, 'Fire is the breath of life.<br>The sorcerer lays hands upon a wounded target. Meeting the obstacle grants+ 1D to Health. Each success over the obstacle adds another + 1D to his recovery roll. This spell does not count as treatment. An herbalist or surgeon must attend to the wound first. This spell is then cast to speed recovery.', false),
	(221, 'Blue-Blooded Heart', 4, 5, 'Cold holds no pain for one who knows the secret of the Blue-Blooded Heart.<br>This incantation protects the recipient from the drain of cold. No Health or Forte tests need to be made due to cold, and no injury is sustained from cold air, water or frost damage.', false),
	(222, 'Breath of Wind', 4, 5, 'Roaring winds howl from the throat of the sorcerer.<br>Natural effects of the winds: Success: Kicks up dust; 1 over: A nice breeze, papers flutter, candles doused; 2 over: Branches blown down from trees, shutters broken; 3 over: Larger branches blown from trees; 4 over: Wooden buildings damaged, people picked up and to ssed down; 5 over: Trees blown down , 12-foot swells; 6 over: Doors ripped from hinges, 15-foot swells; 7 over: Sturdy roofs damaged; 18-foot swells; 8 over: Wooden buildings collapse; 9 over: Most structures destroyed.<br>Weapon Length: as Missile; Range: as Great Bow.', false),
	(223, 'Call of Iron', 4, 5, 'With a flick of the wizard''s wrist, the knife is wrenched from the assassin''s hand.<br>Using Call of Iron, a wizard can grab objects made of metal —a sword, for example— with his mystical might and call them to him. Pulling something is a Power test, where Power= Will. For example, wresting a metal weapon from an enemy''s hand would be a versus test: your Will versus the enemy''s Power.<br>Weapon Length: as Missile; Range: as Thrown.', false),
	(224, 'Cat''s Eye', 4, 5, 'Twilight becomes bright and what lies in the shadows is revealed.<br>This incantation reduces obstacle penalties for dimness, haziness and darkness by two.', false),
	(225, 'Chameleon', 4, 5, 'Skin and clothing swirl and fade as the sorcerer blends seamlessly into his surroundings.<br>Meeting the obstacle grants +1D to the Stealthy skill. Each success over the obstacle adds another +1D to the Stealthy skill. In addition, so long as one success over the obstacle is generated, the chameleoned character cannot be casually spotted. An other character must explicitly stat ethat he is looking about (either via expressed action or by an Instinct or trait). Only then can his Perception7Observation be tested to spot the one so concealed . If cast successfully, the character counts as having one additional level of cover in Range and Cover. In Fight, other characters suffer a +1 Ob disadvantage to hit him with any missile or thrown weapon.', false),
	(226, 'Chaos Ward', 4, 5, 'A cacophony of lights and sounds swirls round, obscuring the very earth from thy feet and the sun from thy brow.<br>This incantation causes confusion to all who fall under it. Meeting the obstacle imposes a +1 Obpenalty to all act ions in the area of effect. Additional successes increase the penalty.<br>Weapon Length: as Missile; Range: as Heavy Crossbow +1D.', false),
	(227, 'Choking Hand', 4, 5, 'His malignant will forms an invisible appendage eager to do his terrible bidding.<br>This incantation conjuresa ''hand'' with a Power equal to the caster''s Will plus 1D per three successes over the obstacle. The Hand chokes its victims using the rules for Locks, but it does not have to vie for position. The mage tests the spell Power vs the victim''s Power. If the victim breaks the hold of the Choking Hand , then the spell is broken and ends.<br>Weapon Length: as Polearm; Range: as Pistol.', false),
	(228, 'Courage', 4, 5, 'The word is fire in thy veins.<br>This simple incantation negates your allies'' current hesitation. Meeting the obstacle eliminates all hesitation', false),
	(229, 'Dark of Night', 4, 5, 'A dim pall suffocates the hall as the wizard enters, shadows lengthen and deepen, lamps shine but give no light.<br>This spell creates darkness and smothers light. Thus a candle can be seen as a point of light, but it illuminates nothing. Successful casting creates the dim light condition (+1 Ob to any action requiring light) . Extra successes can be spent to increase the level of darkness up to a maximum of +4 Ob. Extra successes can also increase the area of effect.', false),
	(230, 'Delirium Tremens', 4, 5, 'The touch of the wizard sends all thy senses reeling.<br>This spell increases obstacles by 10 minus the victim''s Will. Effects lessen over time; obstacle penalty drop s by one per test or after an hour of rest.<br>Weapon Length: as Hands; Range: as Melee.', false),
	(231, 'Dexterity of the Cat', 4, 5, 'Purring incantations imbue the recipient with the infallible balance of the cat.<br>+2D are added to the character''s Speed for purposes of climbing, leaping, dodging and other cat-like actions (including fighting, but not sprinting or long distance running).', false),
	(232, 'Dog''s Ear', 4, 5, 'Suddenly the world is a storm crashing through an ocean of sound-a man''s breath like a gust of wind, a baby''s cry like the howl of a gale,<br>footfalls like lightning strikes. Increases Perception by+ 1D overall, and by +2D for strictly auditory-based Perception tests. Anima Enhancers like this spell can be used to affect positioning and maneuvers.', false),
	(233, 'Eldritch Shield', 4, 5, 'I call upon thee, Powers Arcane. Protect this humbl e supplicant from the depredations of evil!<br>The Eldritch Shield protects the caster from the Destroy and Tax impetus spells -Fire Breath, Rain of Fire, White Fire, Fire Fan, Emperor''s Hand, Havoc''s Hand, Choking Hand, etc. It will not protect against a spell like The Fear or Persuasion.<br>Meeting the obstacle creates a strength 1 shield. Successes over the obstacle increase the shield strength by one per success. When a spell effect hits the shield, subtract the shield''s strength from the successes used to cast the spell. If the shield reduces the incoming spell''s successes below the obstacle needed to cast it, then the spell is completely absorbed. If the spell is not completely reduced, subtract the shield strength from the spell cast and use this number as the new Power/effect for the spell.<br>For example, the sorcerer is sustaining a 10 strength Eldritch Shield and a witch throws a Fire Fan (ob 3) at him with six extra successes. The shield needs to absorb seven successes in order to negate the spell effect (and reduce the casting successes below the obstacle}. The shield is now strength 3. If the shield then absorbs a white Fire bolt at seven successes, three of them are blocked by the shield and the other four get through. Just enough to meet the spell obstacle. Damage for the spell is factored using the remaining successes.<br>If the shield is knocked down, the caster must make an Ob 2 tax test. Also shield failure counts as a ''may not'' for Sustained spells.<br>A sorcerer may extend his shield to his friends. Additional successes may be spent to cover additional characters. Those characters gain the full benefits of the remaining strength of the shield.<br>If six successes are rolled, the mage may touch touch his friend and bring him into the shield. It''s an Ob 3 spell, one additional success is spen; and now a strength two shield protects them both.', false),
	(234, 'Emperor''s Hand', 4, 5, 'Cold blue fire arcs from the wizard''s hand into the very soul of his prey, draining his strength.<br>Meeting the obstacle temporarily drains 1D of  		from the victim. Each success over the obstacle drains an additional point of Forte. Reducing Forte to zero incapacitates the victim. Forte recovers at 1D per exchange.<br>Weapon Length: as Polearm; Range: as Pistol.', false),
	(235, 'Falcon Skin', 4, 5, 'Invoking the names and powers of the shaper, the sorceress and the trickster, the wizard transmutes his form into that of a sleek falcon.<br>While sustaining Falcon Skin, the caster takes on the stats of the Bird of Prey listed in the Creature Codex PDF download on www.burningwheel.com. He may fly as the bird does, but since he cannot speak or gesticulate, he may not cast spells. For the purposes of The Power Still Flows Through Him rules, use the wizard''s own Forte.', false),
	(236, 'The Fear', 4, 5, 'Fear radiates from him like chill from a winter night.<br>This charm causes all in the sorcerer''s presence-who are looking at him-to make Steel tests. Only works once per target.<br>Weapon Length: as Polearm; Range: as Pistol.', false),
	(237, 'Fire Breath', 4, 5, 'A tongue of fire lashes out from the caster''s gaping maw and bathes his enemies inflames.<br>Damaging effect spell: Power=Will +3, VA: 2. Die of Fate to determine IMS. Weapon Length: as Sword; Range: as Pi stol.', false),
	(238, 'Fire Fan', 4, 5, 'Flickering flames flare out from the caster''s fingertips and scorch his enemies.<br>Damaging effect: Power=½ Will +3 , VA 2. Die of Fate to determine IMS. Weapon Length: as Spear; Range: as Pistol.', false),
	(239, 'Firewalker', 4, 5, 'Fire cannot burn one who knows this secret.<br>This incantation will protect the caster and his belongings from the ravages of fire. This does not protect against fire created via the Destroy facet.', false),
	(240, 'Fish Lung', 4, 5, 'Briny water becomes like air for the lungs.<br>Fish Lung allows the recipient to breathe underwater.', false),
	(241, 'Flame Finger', 4, 5, 'A small, bright flame leaps into being in the palm of the sorcerer.<br>This flame can be used to ignite fires (like a brand would) or shed a little candlelight.', false),
	(242, 'Force of Will', 4, 5, 'The most foul sorcerous power is that of twisting man''s will.<br>This spell allows the mage to implant forceful commands into the victim''s mind. The words of the mage become thoughts —as if the victim had formulated them himself. This is a very powerful spell. The words of the sorcerer are permanently embedded into the mind of the victim. They resonate against the character''s personality for the rest of his days. The sorcerer may rewrite one Belief. That Belief may not be changed without use of another Force of Will spell.', false),
	(243, 'Gray Cloak', 4, 5, 'Cold tendrils of gray mist unfold from the sorcerer''s robes, blurring shape and hiding form.<br>The Gray Cloak increases all Observation and Perception obstacles within (or looking into) its folds by +3 Ob.<br>Weapon Length: as Missile; Range: as Thrown.', false),
	(244, 'Havoc''s Hand', 4, 5, 'The sorcerer''s hand becomes a venomous blade. The merest touch wreaks havoc upon his victim.<br>The sorcerer''s hand becomes a weapon. He must simply touch his opponent to deliver his retribution. The damage done is according to the spell, not the successes of the hit.<br>The touch has a damaging effect Power=Will +4. VA 1. Die of Fate to determine IMS. Weapon Length: as Hands; Range: as Melee.', false),
	(245, 'Horror', 4, 5, 'Terrible emanations of fear and loathing pour forth from the wizard.<br>This spell causes all in the mage''s presence who can see him to make a Steel test, +1 Ob for each success over the spell obstacle. If hesitating, victims must run screaming.<br>Weapon Length: as Polearm; Range: as Pistol.', false),
	(246, 'Horse''s Stride', 4, 5, 'The swiftness of the running mare courses through the sorcerer''s shanks.<br>This spell increases the recipient''s stride to that of a horse (12).', false),
	(247, 'Lights of St. Andrew', 4, 5, 'A rushing blast of color and light flies from the outstretched hands of the caster and stuns all in its path.<br>This spell causes the victim to make a Forte test. Meeting the spell obstacle is triggers an Ob 1 Forte test. Extra successes from the spell increase the victim''s obstacle. Margin of failure for the Forte test becomes an obstacle penalty for all of the victim''s actions. The penalty drops by one each volley after the first.<br>Weapon Length: as Sword; Range: as Pistol.', false),
	(248, 'Low Speech', 4, 5, '<br>This spell allows you to speak with animals. Decide which type before casting.', false),
	(249, 'Mage Light', 4, 5, 'He rapped his staff upon the flagstones and gentle illumination flowed forth.<br>Mage Light is a subtle and powerful spell that dispels darkness. It can be used to call upon the simple light of a candle or the awesome light of day. Before casting, the sorcerer must indicate where the light is set to emanate from on his person: his brow, his staff, a ring on his finger, etc. Successfully casting the spell brings forth a warm light, and negates the penalty for dim light and reduces all other darkness penalties by one. Extra successes may be spent to reduce the stiffer penalties of dee per darknesses.', false),
	(250, 'Magesense', 4, 5, '<br>Magesense is a powerful spell that extends the sorcerer''s senses from the realm of the mundane into that of the arcane. When this spell is erected , the mage sees, hears and smells magic. When a spell is cast within or an active spell enters his Magesense area of effect, the mage may make a Perception test using the following obstacles: high powered magic (major miracles, Mjölnir, the Burning Wheel, Ob 10 spells, Strength 10 spirits etc.) are Ob 1 to detect; moderately powered magic (minor miracles, Ob 5 spells, a risen corpse, the Belt of Flying, Dragon Slaying Sword, Spirit Weapons, Strength 5 spirits), Ob 5; low powered magic (Jade Amulet, bless/curse, Ob 2 spells, Strength 2 spirits), Ob 8. If successful, he can pinpoint the location of the magical effec the does not instantly know the nature of the magic.<br>Extra successes of the spell must be divided between the area of effect and the sensitivity. Area of effect expands the range, but sensitivity adds +1D per success to Perception for the purpose of detecting magic. Magesense is one of the abilities that allows a sorcerer to use Aura Reading. Therefore, once magic is detected, Aura Reading may be used to determine the exact nature of the ability.<br>Lastly, while the Magesense is being sustained, the sorcerer''s Perception counts as Observation for detecting Stealthy and Inconspicuous characters, and the sorcerer suffers a +1 Ob penalty to all physical activities like fighting, running and jumping.', false),
	(251, 'Magic Whistle', 4, 5, 'A miniature firework launch es from the magician''s outstretched finger and corkscrews crazily off into the air.<br>Its journey ends with a magical whistle. Multicolor sparks drift to the ground.<br>Weapon Length: as Sword; Range: as Pistol.', false),
	(252, 'Mask', 4, 5, 'A wizard can walk in the guise of any man.<br>A mage may alter the appearance of his face with this simple illusion. The spell forces others to make an Observation test to recognize the mage. The obstacle is 1 plus the margin of success.', false),
	(253, 'Mend', 4, 5, 'Under the witch''s careful tending, the wear and tear of daily life disappears from cloth, wood and even metal.<br>Meeting the obstacle repairs clothing and shoes; 1 success over mends tools, weapons or 1D of shield damage; 2 over mends 1D of armor; 3 over repairs stuff like gears or 2D of armor; 4 over repairs machines, like a mill, or large tools like a plowshare.', false),
	(254, 'Minor Maker', 4, 5, 'Know this simple spell and you''ll never be without that which you need.<br>Starting with a scrap, piece or fragment, the wizard can recreate and multiply wood, rope, cloth or paper.', false),
	(255, 'Persuasion', 4, 5, 'Sorcery renders supple the words and tongue of a magician.<br>Using Persuasion, a sorcerer may offer a suggestion to his target. It must be a minor request or suggestion and seemingly normal or mundane; the sorcerer may not command his target to do anything. If the spell is successfully cast, then the victim must do as the sorcerer suggests. He must attempt to complete the request in the time allotted by the duration. After that time, the suggestion will lose importance, and the victim will move on.', false),
	(256, 'Phantasmagoria', 4, 5, 'Shadows, dreams and phantasms come at the witch''s beck and call.<br>Using Phantasmagoria, a witch may conjure images and illusions. The size, scope, depth, texture and detail of the vision depend on the success of the spell. Meeting the obstacle allows her to change the shape of one small, palm-sized object —but to all who view it, it seems real enough. Exceeding the obstacle allows her to increase the size and breadth of that illusion: 1 success over for an object or animal the size of a hat; 2 over for a dog or chair; 3 over creates a person, a wall or a bed; 4 over for a horse or cart or a complex image like a painting or tapestry; 5 over to create a small house or a crowd of people; 6 over to create a house, a court or a monstrous creature like a Giant or Ancient Seneschal.<br>To penetrate an illusion, a character must pass an Ob 3 Perception test or an Ob 2 Observation test. To make the illusions harder to penetrate, the witch may add her extra successes into complexity instead of scope. Successes allocated to the complexity of the illusion are added to the Perception/Observation obstacle.', false),
	(257, 'Philosopher''s Perch', 4, 5, 'His pure thoughts render him weightless; he floats in air akin to a feather.<br>This incantation allows the wizard to rise straight up into the air. He may rise a number of Paces equal to his Will, and may only rise straight up.', false),
	(258, 'Pyrotechnics', 4, 5, 'The sorcerer commands the life of fire.<br>He may cause it to burn high and bright or cause it to be low and smoking. This spell affects bonfire-sized fires and smaller. The mage may increase or reduce a fire''s strength by two steps on the natural magic scale. Fires reduced to zero are doused.', false),
	(259, 'Rain of Fire', 4, 5, 'The sky turns a smoky red and streams of fire erupt on the wind, annihilating the wizard''s enemies.<br>Damaging effect spell: Power=Will+2, VA 5. Di e of Fate to determine IMS. Weapon Length: as Missile; Range: as Heavy Crossbow +1D.', false),
	(260, 'Rainstorm', 4, 5, 'Leaden clouds rush to the sorcerer''s call; thick, stinging rain sweeps the fields, causing his enemies to despair.<br>This incantation causes a torrential downpour that turns the earth to soupy mud, drowns out the cries of men and washes out bridges and homes. 1 over: light rain; 2 over: rain; 3 over: heavy rain; 4 over: downpour with accompanying, minor flash floods; 5 over: storm squall with flooding and minor damage to buildings; 6 over: storm and serious flooding, cows float away; 7 over: heavy storm with damage to wooden buildings; 8 over: flooding and sudden downpour causes buildings to collapse.<br>Weapon Length: as Missile; Range: as Heavy Crossbow +2D.', false),
	(261, 'Sarch''s Glare', 4, 5, 'Arcane power flares from the brow of the sorcerer, and his eyes become scintillating stars of fear.<br>Those who look into his eyes freeze; their limbs go dead, paralyzed. The sorcerer may nominate one character to be the recipient of his gaze and attempt to paralyze him. Obstacle is the target''s Will or Forte, whichever is lower.<br>Weapon Length: as Missile; Range: as Pistol.', false),
	(262, 'Shards', 4, 5, 'With a gesture, the sorcerer gouges massive splinters from nearby wood and stone and flings them with great velocity into the unwary.<br>The spell leaves deep grooves in the material used as its source.<br>Damaging effect spell: Power=½ Will+2, VA 3. Die of Fate to determine IMS. Weapon Length: as Polearm; Range: as Pistol.', false),
	(263, 'Sight of the Eagle', 4, 5, 'Light sharpens, and that which is distant becomes clear.<br>The recipient gains +2D to Perception tests. Anima Enhancers like this spell can be used to affect positioning and maneuvers.', false),
	(264, 'Spark Shower', 4, 5, 'Fire leaps and spits sparks at the sorcerer''s call.<br>Anyone sitting around the targeted fire suffers. Must be cast into a fire source. Will douse torches when cast, but will not unduly affect campfires or larger blazes.<br>Damaging effect spell: Base Power=½ Will +3, VA 2. Die of Fate to determine IMS. Weapon Length: as Polearm; Range: as Pistol.', false),
	(265, 'Spirit Servant', 4, 5, 'A ghostly presence forms and shadows the sorcerer, serving his need and whim.<br>The servant may perform simple functions for the caster: carry, serve, open, etc. The servant''s Speed and Power are equal to the caster''s Will. The Servant may not leave the sorcerer''s sight.', false),
	(266, 'Storm of Lightning', 4, 5, 'The sky chokes into a purple rage and voices its displeasure with searing thunderbolts.<br>Damaging effect spell: Power= Will+5, VA 6. Die of Fate to determine IMS. Weapon Length: as Missile; Range: as Heavy Crossbow + 1D.', false),
	(267, 'Strength of the Ox', 4, 5, 'Calling forth the power of ancient spirits, the sorcerer summons the limitless strength of the ox into his veins.<br>The recipient gains +2D to Power.', false),
	(268, 'Thunderclap', 4, 5, 'Speaking this primal incantation and bringing his hands together, the wizard causes a small thunderclap to erupt and deafen his enemies.<br>Thunderclap deafens all those around the caster for one hour and causes +1 Ob to all actions for one exchange. Victims may make a Forte test to reduce time of deafness: 10 minutes per success. Multiple thunderclaps have no cumulative effect (What? I can''t hear you).<br>Weapon Length: as Polearm; Range: as Pistol.', false),
	(269, 'Turn Aside the Blade', 4, 5, 'A true sorcerer is untouchable by swords, arrows, spears and fists.<br>Turn Aside the Blade in creases the obstacle to strike or shoot the caster. The obstacle penalty is 1 plus the margin of success of the spell. Thus, if a sorcerer casts the spell with five successes, all in coming attacks are at +2 Ob.', false),
	(270, 'Valor', 4, 5, 'Waves of courage and zeal pour steadily forth from the wizard.<br>This spell adds + 1D to Steel plus +1 D per margin of success to all allies in his presence.', false),
	(271, 'Voice Caster', 4, 5, 'The voice of the sorcerer has no source. He may produce sound wheresoever he desires in his presence.<br>This spell takes the sound from the sorcerer''s throat and projects it elsewhere. The sorcerer is silent; his voice is heard from a different point.', false),
	(272, 'Wall Walker', 4, 5, 'Like a hunting spider, the witch clings to walls and clambers about.<br>This spell allows the witch to walk upon walls as if they were horizontal surfaces. Count Speed as Climbing skill. Add +1D to Speed when able to utilize walls and ceilings for advantage.', false),
	(273, 'Water Walker', 4, 5, 'Water becomes like ice to the ensorcelled feet of the witch.<br>The recipient of this spell may tread up on water as if it were solid ground. White/rough water counts as unstable ground —at least +1 Ob to all actions. The character can climb rapids with Speed and/or Climbing tests.', false),
	(274, 'Wave', 4, 5, 'Smashing his hand against the glassy surface of the water, the incanter sends a powerful wave rippling across the surface.<br>Natural effects of waves: Success, ripples. 1 over, don''t rock the boat, baby. 2 over, small craft sway dangerously, people have difficulty standing. 3 over, people knocked down. 4 over, small boats capsized, people flattened. 5 over, mid-sized craft swamped, small boats shattered. 6 over, mid-sized boats capsized. 7 over, large vessels swamped, mid-sized vessels shattered. 8 over, large vessels capsized. 9 over, large seagoing vessels shattered.<br>Wave must be cast in as uitably sized body of water. Deep pools of water (like a big fountain in a city) can only produce up to ''4 over'' effects. Ponds and streams can only produce up to ''5 over'' effects.<br>Weapon Length: as Missile; Range: as Crossbow.', false),
	(275, 'Weatherworker', 4, 5, 'With a word, a plea and a pinch of luck, the weather witch asks the clouds, wind and rain to move along, remain a little longer or even calm down a bit.<br>The caster may influence clouds, rain, and storms. He may not influence sun or light independent of moving clouds about. When successfully cast, the spell reduces any nasty weather to some thing merely bothersome, and can magnify bother some weather to some thing nasty. Weatherworker can reduce or increase the intensity of weather by up to three steps on the Natural Effect scale. Reducing the effect to zero moves the phenomenon completely out of the caster''s vicinity. Weather may only be increased up to the ''9-over'' effects —an act tantamount to suicide.', false),
	(276, 'Whisper on the Wind', 4, 5, 'Power arcane sends words winging like divine messengers across the gulf of distance into the ear of the named receiver.<br>The caster can deliver a short (syllables = 2x Caster''s Will) message to a named and known recipient. Spell travels 1 mile (1500p). This distance may be increased by upping the obstacle for area of effect.', false),
	(277, 'White Fire', 4, 5, 'A crashing bolt of lightning arcs from the caster''s brow, obliterating his enemies.<br>After striking its intended target and resolving the effect (the most likely result being a pair of smoking boots where once stood your foe), roll the Die of Fate. On a 2-6, the spell dissipates. On a 1, the bolt jumps to another target —friend, foe or self. Roll randomly to determine the new target giving equal weight to all possibilities. After resolving this impact, roll the Die of Fate and go through the process again.<br>Damaging effect spell: Power=Will+5, VA 4. Die of Fate to determine IMS. Weapon Length: as Missile; Range: as Great Bow.', false),
	(278, 'Windlash', 4, 5, 'Rain and wind grow hostile and lash out at the enemies of the witch.<br>Windlash increases obstacle penalties for those out in the weather: +2 Ob for light rain; heavy rain is +3 Ob; storms are +6 Ob. If a test is, for some reason, not normally penalized by being performed in the rain, Windlash adds a +2 Ob modifier.<br>Weapon Length: as Missile; Range: as Heavy Crossbow +1D.', false),
	(279, 'Wisdom of the Ancients', 4, 5, 'Voices whisper answers and questions across the indigo gulf of time.<br>This spell grants the wizard +2D Will.', false),
	(280, 'Witch Flight', 4, 5, '<br>This spell launches the witch in a long leap and allows her to come safely to earth. Increase stride by four for your next positioning test. Leap 10 Paces per success.', false),
	(281, 'Witch Key', 4, 5, 'A sorcerer''s merest whim is the key to any lock.<br>Witch Key opens any mundane lock for the caster.', false),
	(282, 'Wolf Snout', 4, 5, 'To the witch, a man''s scent becomes as distinct as his voice, fear becomes a taste on the tongue.<br>This incantation increases Perception by +1D overall, by +2D for strictly olfactory/taste-based tests. Also, Perception counts as Observation for detecting Stealthy characters.', false),
	(283, 'Wyrd Light', 4, 5, '<br>Globes of swirling light orbit the caster and move with a Speed equal to the caster''s Will. The lights hover and float at the caster''s command, illuminate as if they were torches, and may not move beyond the limits of the caster''s presence.', false),
	(284, 'Practical Magic — Schools', 4, 5, null, false),
	(285, 'Spirit Binding — Domain Binding Levels', 4, 5, null, false),
	(286, 'Spirit Binding — Spirit Mark Levels', 4, 5, null, false),
	(287, 'Summoning — Affiliated Order Levels', 4, 5, null, false),
	(288, 'Relationship', 5, 2, null, false),
	(289, 'Reputation', 5, 3, null, false),
	(290, 'Affiliation', 5, 4, null, false),
	(291, 'Rags', 5, 0, null, false),
	(292, 'Troll Shoes', 5, 0, null, false),
	(293, 'Sack', 5, 0, null, false),
	(294, 'Chest or Footlocker', 5, 0, null, false),
	(295, 'Trophies', 5, 0, 'Trolls love to keep skulls or other keepsakes from their favorite meals. These are then draped across the shoulders or strung from the wrists to let other Trolls know how well he has eaten.', false),
	(296, 'Shiny Trophies', 5, 0, 'Somewhere along the way, one of the Troll''s meals came with some very lovely shiny bits. These are usually worn prominently about the neck or waist.', false),
	(297, 'Pile of Rocks', 5, 0, null, false),
	(298, 'Troll Lash', 5, 0, 'This dreaded weapon is used by Bellowers to keep their subordinates in line. Not only does it allow the Troll to use its ''Where There''s a Whip, There''s a Way'' trait, but the Troll whip is powerful enough to be used as an actualy weapon.<br>Lash: Base Power = Lash skill exponent. Weapon is Power 2, VA —, Add 2, WS 1, Weapon length Longest. The lash can only be used by creatures of Massive Stature.', false),
	(299, 'Mattock', 5, 0, 'A fearsome weapon: Two-handed: Power 4, VA 2, Add 2, WS 2, Weapon length Long, may Great Strike. One-handed: Power 3, VA 2, Add 2, WS 1, Weapon length Long.<br>This weapon is built to suit the size of a Troll and cannot be weilded by creatures smaller than Massive Stature. Even for Trolls, it is heavy. Characters must have at least a B6 Power to use it properly.', false),
	(300, 'Black Iron Shield', 5, 0, 'This massive shield provides 3D protection. Its sharp edge can also be used as a weapon: Power 2, VA 1, Add 2, WS 2, Weapon length Short.', false),
	(301, 'Cave Hole', 5, 1, 'Even a Troll should have a little home somewhere —a nice, romantic, stinking hole in the ground to call its own. This counts as property.', false),
	(302, 'Relationship', 6, 2, null, false),
	(303, 'Reputation', 6, 3, null, false),
	(304, 'Pack Affiliation', 6, 4, null, false),
	(305, 'Wolf Barding', 6, 0, null, false),
	(306, 'Ancient Grip', 6, 5, 'The Ghost of the Woods cals upon the strength of roots, branches, bladess and vines to reach forth ad pul down the unwary and weak.<br>If the spell is successfully cast, the flora will do the bidding of the wolf as best they are able. They will carry or retrieve objects, close off paths or even subdue an opponent. Test the victim''s Power versus that of the spell. The Power of the spell is equal to the caster''s Will exponent modified like so: -1D for grass; no bonus/penalty for vines; +1D for branches +2D fr large or thick branches. The weapon length for each type of flora is as follows: Grass is shortest, vines are short, small branches are long, and large branches are longer.<br>The spell can affect all those in the wolf''s presence, should he so desire. All separate Power tests for each victim.', false),
	(307, 'Blue-Blooded Heart', 6, 5, 'Cold holds no pain for one who knows the secret of the Blue-Blooded Heart.<br>This incantation protects the recipient from the drain of cold. No Health or Forte tests need to be made due to cold, and no injury is sustained from cold air, water or frost damage.', false),
	(308, 'Chameleon', 6, 5, 'Skin and clothing swirl and fade as the sorcerer blends seamlessly into his surroundings.<br>Meeting the obstacle grants +1D to the Stealthy skill. Each success over the obstacle adds another +1D to the Stealthy skill. In addition, so long as one success over the obstacle is generated, the chameleoned character cannot be casually spotted. An other character must explicitly stat ethat he is looking about (either via expressed action or by an Instinct or trait). Only then can his Perception7Observation be tested to spot the one so concealed . If cast successfully, the character counts as having one additional level of cover in Range and Cover. In Fight, other characters suffer a +1 Ob disadvantage to hit him with any missile or thrown weapon.', false),
	(309, 'Dark of Night', 6, 5, 'A dim pall suffocates the hall as the wizard enters, shadows lengthen and deepen, lamps shine but give no light.<br>This spell creates darkness and smothers light. Thus a candle can be seen as a point of light, but it illuminates nothing. Successful casting creates the dim light condition (+1 Ob to any action requiring light) . Extra successes can be spent to increase the level of darkness up to a maximum of +4 Ob. Extra successes can also increase the area of effect.', false),
	(310, 'The Fear', 6, 5, 'Fear radiates from him like chill from a winter night.<br>This charm causes all in the sorcerer''s presence-who are looking at him-to make Steel tests. Only works once per target.<br>Weapon Length: as Polearm; Range: as Pistol.', false),
	(311, 'Gray Cloak', 6, 5, 'Cold tendrils of gray mist unfold from the sorcerer''s robes, blurring shape and hiding form.<br>The Gray Cloak increases all Observation and Perception obstacles within (or looking into) its folds by +3 Ob.<br>Weapon Length: as Missile; Range: as Thrown.', false),
	(312, 'High Speech', 6, 5, 'This spell allows you to speak with animals. Decide which type before casting.', false),
	(313, 'Howl Caster', 6, 5, 'The voice of the sorcerer has no source. He may produce sound wheresoever he desires in his presence.<br>This spell takes the sound from the sorcerer''s throat and projects it elsewhere. The sorcerer is silent; his voice is heard from a different point.', false),
	(314, 'Trackless Path', 6, 5, 'When ensorcelled with this spell, the traveler leaves no trace of his passage.<br>Success adds a +1 Ob penalty to anyone attempting to track or stalk this wolf. Each successs over the obstacle increases the penalty by one.', false),
	(315, 'Water Walker', 6, 5, 'Water becomes like ice to the ensorcelled feet of the witch.<br>The recipient of this spell may tread up on water as if it were solid ground. White/rough water counts as unstable ground —at least +1 Ob to all actions. The character can climb rapids with Speed and/or Climbing tests.', false),
	(316, 'Witch Flight', 6, 5, '<br>This spell launches the witch in a long leap and allows her to come safely to earth. Increase stride by four for your next positioning test. Leap 10 Paces per success.', false),
	(317, 'Spirit Binding — Domain Binding Levels', 6, 5, null, false),
	(318, 'Spirit Binding — Spirit Mark Levels', 6, 5, null, false);

INSERT INTO dat."ResourceCosts"
	("ResourceId", "Cost", "Description")
VALUES
	(0, 15, 'A relationship with a character who is considered powerful and who plays a large role in the game setting'),
	(0, 10, 'A relationship with a character who is considered significant or important to the game setting'),
	(0, 5, 'A relationship with a character who plays a minor role in the setting or situation'),
	(1, 7, '1D: Local or minor reputation'),
	(1, 25, '2D: Regional or notable reputation'),
	(1, 45, '3D: National or major reputation'),
	(2, 10, '1D: A small, local or specialized group'),
	(2, 25, '2D: A large, regional or expansive group'),
	(2, 50, '3D: A national, powerful or ruling group'),
	(3, 5, null),
	(4, 20, null),
	(5, 6, null),
	(6, 20, null),
	(7, 9, 'Light Mail'),
	(7, 10, 'Heavy Mail'),
	(7, 20, 'Plated Mail'),
	(8, 100, null),
	(9, 40, null),
	(10, 20, null),
	(11, 8, null),
	(12, 1, null),
	(13, 1, null),
	(14, 1, null),
	(15, 5, null),
	(16, 15, null),
	(17, 20, null),
	(18, 5, null),
	(19, 10, null),
	(20, 10, 'A small house'),
	(20, 15, 'Large house'),
	(20, 30, 'A Dwarven hall (a large apartment in a hold)'),
	(20, 40, 'A Graybeard''s hold*'),
	(20, 45, 'An Engineer''s hold*'),
	(20, 60, 'A Master Artificer''s hold*'),
	(20, 75, 'A Warden''s hold*'),
	(20, 90, 'A High Captain''s hold*'),
	(20, 105, 'A Prince''s hold*'),
	(21, 60, null),
	(22, 15, null),
	(23, 15, 'A relationship with a character who is considered powerful and who plays a large role in the game setting'),
	(23, 10, 'A relationship with a character who is considered significant or important to the game setting'),
	(23, 5, 'A relationship with a character who plays a minor role in the setting or situation'),
	(24, 7, '1D: Local or minor reputation'),
	(24, 25, '2D: Regional or notable reputation'),
	(24, 45, '3D: National or major reputation'),
	(25, 10, '1D: A small, local or specialized group'),
	(25, 25, '2D: A large, regional or expansive group'),
	(25, 50, '3D: A national, powerful or ruling group'),
	(26, 5, null),
	(27, 5, null),
	(28, 3, 'Reinforced Leather'),
	(28, 6, 'Light Mail'),
	(28, 10, 'Heavy Mail'),
	(28, 20, 'Plated Mail'),
	(29, 9, 'Elven gambeson'),
	(29, 20, 'Elven reinforced leather'),
	(29, 30, 'Elven light mail'),
	(29, 40, 'Elven heavy mail'),
	(29, 75, 'Elven plated mail'),
	(30, 15, null),
	(31, 25, 'Requirements unfulfilled'),
	(31, 5, 'Requirements fulfilled'),
	(32, 30, null),
	(33, 8, null),
	(34, 2, null),
	(35, 1, null),
	(36, 5, null),
	(37, 12, null),
	(38, 10, null),
	(39, 8, null),
	(40, 50, null),
	(41, 20, null),
	(42, 6, null),
	(43, 2, null),
	(44, 1, null),
	(45, 9, null),
	(46, 50, 'Elven Smithy'),
	(46, 60, 'Artisan''s Shop'),
	(47, 80, null),
	(48, 20, 'Pastoral lands. This includes a single important terrain feature like a lake, a length of river, a hill or prairie and a modest but comfortable dwelling for the Elf''s family.'),
	(48, 50, 'A large country manor and land'),
	(48, 100, 'A palace'),
	(48, 150, 'Allows the Elf and his family to occupy a major terrain feature like a forest, bay or mountain.'),
	(48, 25, 'A sumptuous apartment in the Citadel.'),
	(50, 10, null),
	(51, 20, null),
	(52, 10, null),
	(53, 5, null),
	(54, 3, null),
	(55, 3, null),
	(56, 3, null),
	(57, 9, null),
	(58, 30, null),
	(59, 5, null),
	(60, 20, 'Pastoral lands. This includes a single important terrain feature like a lake, a length of river, a hill or prairie and a modest but comfortable dwelling for the Elf''s family.'),
	(60, 50, 'A large country manor and land'),
	(60, 100, 'A palace'),
	(60, 150, 'Allows the Elf and his family to occupy a major terrain feature like a forest, bay or mountain.'),
	(60, 25, 'A sumptuous apartment in the Citadel.'),
	(61, 30, 'Black metal light mail'),
	(61, 40, 'Black metal heavy mail'),
	(61, 100, 'Black metal plated mail'),
	(62, 15, null),
	(63, 15, 'A relationship with a character who is considered powerful and who plays a large role in the game setting'),
	(63, 10, 'A relationship with a character who is considered significant or important to the game setting'),
	(63, 5, 'A relationship with a character who plays a minor role in the setting or situation'),
	(64, 7, '1D: Local or minor reputation'),
	(64, 25, '2D: Regional or notable reputation'),
	(64, 45, '3D: National or major reputation'),
	(65, 10, '1D: A small, local or specialized group'),
	(65, 25, '2D: A large, regional or expansive group'),
	(65, 50, '3D: A national, powerful or ruling group'),
	(66, 3, 'Poor Quality Arms'),
	(66, 5, 'Run of the Mill Quality Arms'),
	(67, 20, null),
	(68, 2, 'Throwing weapons like knives or javelins'),
	(68, 3, 'Hunting bow'),
	(68, 5, 'Great bow'),
	(68, 4, 'Crossbow'),
	(68, 6, 'Heavy crossbow'),
	(68, 8, 'Pistol'),
	(68, 10, 'Arquebus'),
	(69, 3, 'Throwing weapons like knives or javelins'),
	(69, 5, 'Hunting bow'),
	(69, 10, 'Great bow'),
	(69, 7, 'Crossbow'),
	(69, 12, 'Heavy crossbow'),
	(69, 15, 'Pistol'),
	(69, 20, 'Arquebus'),
	(70, 9, 'Throwing weapons like knives or javelins'),
	(70, 15, 'Hunting bow'),
	(70, 30, 'Great bow'),
	(70, 21, 'Crossbow'),
	(70, 36, 'Heavy crossbow'),
	(70, 45, 'Pistol'),
	(70, 60, 'Arquebus'),
	(71, 2, 'Gambeson'),
	(71, 3, 'Reinforced leather'),
	(71, 5, 'Light mail'),
	(71, 8, 'Heavy mail'),
	(71, 10, 'Plated mail'),
	(71, 25, 'Full plated mail'),
	(72, 3, 'Gambeson'),
	(72, 6, 'Reinforced leather'),
	(72, 10, 'Light mail'),
	(72, 15, 'Heavy mail'),
	(72, 20, 'Plated mail'),
	(72, 50, 'Full plated mail'),
	(73, 12, 'Gambeson'),
	(73, 24, 'Reinforced leather'),
	(73, 40, 'Light mail'),
	(73, 60, 'Heavy mail'),
	(73, 80, 'Plated mail'),
	(73, 200, 'Full plated mail'),
	(74, 5, null),
	(75, 12, null),
	(76, 1, null),
	(77, 1, null),
	(78, 1, null),
	(79, 1, null),
	(80, 5, null),
	(81, 6, null),
	(82, 8, null),
	(83, 20, null),
	(84, 3, null),
	(85, 20, null),
	(86, 5, null),
	(87, 1, 'A leaky shack'),
	(87, 3, 'A small cottage'),
	(87, 10, 'A house or ''cottage industry'' like a weaver'),
	(87, 15, 'A villa or a farm or a knight''s fee'),
	(87, 20, 'A small business'),
	(87, 30, 'Moderate-sized business'),
	(87, 40, 'Manor or estate, an urban hotel*'),
	(87, 45, 'Well-paid position (like mayor)*'),
	(87, 60, 'Successful small business, a large business, a keep*'),
	(87, 75, 'A fortress or moderate-sized estate*'),
	(87, 90, 'A castle with attendant town, a large estate*'),
	(87, 105, 'A palace or government position in a prosperous town*'),
	(87, 5, 'Rowboat or skiff'),
	(87, 10, 'Longboat'),
	(87, 15, 'Junk'),
	(87, 30, 'Felucca'),
	(87, 60, 'Carrack'),
	(87, 75, 'Caravel'),
	(87, 105, 'Treasure ship'),
	(88, 16, null),
	(89, 24, null),
	(90, 4, null),
	(91, 20, null),
	(92, 8, null),
	(93, 16, null),
	(94, 6, null),
	(95, 6, null),
	(96, 16, null),
	(97, 20, null),
	(98, 12, null),
	(99, 16, null),
	(100, 12, null),
	(101, 10, null),
	(102, 12, null),
	(103, 12, null),
	(104, 12, null),
	(105, 12, null),
	(106, 8, null),
	(107, 6, null),
	(108, 12, null),
	(109, 12, null),
	(110, 10, null),
	(111, 10, null),
	(112, 6, null),
	(113, 22, null),
	(114, 8, null),
	(115, 12, null),
	(116, 16, null),
	(117, 6, null),
	(118, 12, null),
	(119, 8, null),
	(120, 16, null),
	(121, 16, null),
	(122, 2, null),
	(123, 12, null),
	(124, 16, null),
	(125, 12, null),
	(126, 10, null),
	(127, 12, null),
	(128, 6, null),
	(129, 6, null),
	(130, 20, null),
	(131, 16, null),
	(132, 12, null),
	(133, 8, null),
	(134, 10, null),
	(135, 8, null),
	(136, 6, null),
	(137, 24, null),
	(138, 10, null),
	(139, 6, null),
	(140, 16, null),
	(141, 16, null),
	(142, 8, null),
	(143, 10, null),
	(144, 10, null),
	(145, 16, null),
	(146, 10, null),
	(147, 12, null),
	(148, 16, null),
	(149, 8, null),
	(150, 10, null),
	(151, 6, null),
	(152, 12, null),
	(153, 12, null),
	(154, 4, null),
	(155, 16, 'Academic'),
	(155, 12, 'Artisan'),
	(155, 7, 'Artist'),
	(155, 18, 'Craftsman'),
	(155, 15, 'Forester'),
	(155, 12, 'Martial'),
	(155, 13, 'Medicinal'),
	(155, 9, 'Military'),
	(155, 7, 'Musical'),
	(155, 12, 'Peasant'),
	(155, 7, 'Physical'),
	(155, 9, 'School of Thought'),
	(155, 12, 'Seafaring'),
	(155, 25, 'Social'),
	(155, 0, 'Sorcerous'),
	(155, 18, 'Special'),
	(156, 5, '0D: Bound'),
	(156, 7, '1D: Sworn'),
	(156, 25, '2D: Embodied'),
	(156, 45, '3D: Mastered'),
	(157, 10, '1D: Touched'),
	(157, 25, '2D: Marked'),
	(157, 50, '3D: Infused'),
	(158, 10, '0D: Journeyman Order'),
	(158, 20, '1D: First Order'),
	(158, 25, '2D: Second Order'),
	(158, 50, '3D: Third Order'),
	(159, 15, 'A relationship with a character who is considered powerful and who plays a large role in the game setting'),
	(159, 10, 'A relationship with a character who is considered significant or important to the game setting'),
	(159, 5, 'A relationship with a character who plays a minor role in the setting or situation'),
	(160, 7, '1D: Local or minor reputation'),
	(160, 25, '2D: Regional or notable reputation'),
	(160, 45, '3D: National or major reputation'),
	(161, 10, '1D: A typical/minor clan'),
	(161, 25, '2D: An important or powerful clan or horde'),
	(162, 1, null),
	(163, 3, null),
	(164, 1, null),
	(165, 3, 'Poor quality arms'),
	(165, 5, 'Run of the mill arms'),
	(166, 1, 'Poor quality hides (gambeson equivalent)'),
	(166, 3, 'Poor quality reinforced hides (reinforced leather equivalent)'),
	(166, 5, 'Poor quality light mail'),
	(166, 8, 'Poor quality heavy mail'),
	(166, 8, 'Run of the mill reinforced leather'),
	(166, 12, 'Run of the mill light mail'),
	(166, 20, 'Run of the mill heavy mail'),
	(166, 25, 'Superior quality reinforced leather'),
	(167, 3, 'Poor quality bow (+1 Ob to hit)'),
	(167, 4, 'Poor quality crossbow (+1 Ob to hit)'),
	(167, 5, 'Run of the mill bow'),
	(167, 6, 'Run of the mill crossbow'),
	(167, 10, 'Iron-cased bombs'),
	(168, 5, null),
	(169, 4, null),
	(170, 9, null),
	(171, 15, null),
	(172, 2, null),
	(173, 5, null),
	(174, 9, null),
	(175, 9, null),
	(176, 5, null),
	(178, 1, null),
	(179, 1, null),
	(180, 3, null),
	(181, 7, null),
	(182, 7, null),
	(183, 7, null),
	(184, 12, null),
	(185, 16, null),
	(186, 8, null),
	(187, 20, null),
	(188, 12, null),
	(189, 12, null),
	(190, 10, null),
	(191, 16, null),
	(192, 20, null),
	(193, 8, null),
	(194, 15, 'A relationship with a character who is considered powerful and who plays a large role in the game setting'),
	(194, 10, 'A relationship with a character who is considered significant or important to the game setting'),
	(194, 5, 'A relationship with a character who plays a minor role in the setting or situation'),
	(195, 7, '1D: Local or minor reputation'),
	(195, 25, '2D: Regional or notable reputation'),
	(195, 45, '3D: National or major reputation'),
	(196, 10, '1D: A small, local or specialized group'),
	(196, 25, '2D: A large, regional or expansive group'),
	(196, 50, '3D: A national, powerful or ruling group'),
	(197, 3, 'Poor Quality Arms'),
	(197, 5, 'Run of the Mill Quality Arms'),
	(198, 20, null),
	(199, 15, null),
	(200, 2, null),
	(201, 5, 'Leather'),
	(201, 8, 'Plated leather'),
	(201, 10, 'Chain'),
	(202, 10, 'Leather'),
	(202, 15, 'Plated leather'),
	(202, 20, 'Chain'),
	(203, 40, 'Leather'),
	(203, 60, 'Plated leather'),
	(203, 80, 'Chain'),
	(204, 20, null),
	(205, 10, null),
	(206, 1, null),
	(207, 1, null),
	(208, 3, null),
	(209, 9, null),
	(210, 20, 'Requirements unfulfilled'),
	(210, 6, 'Requirements fulfilled'),
	(211, 1, null),
	(212, 5, null),
	(213, 5, null),
	(214, 5, null),
	(215, 2, 'A den for a single Roden'),
	(215, 7, 'A nest for a small family of Roden'),
	(215, 10, 'A nest for a large group of Roden'),
	(215, 10, 'Apiary for the beekeepers'),
	(215, 15, 'Fields for harvesters'),
	(216, 10, '1D: A small, local or specialized group'),
	(216, 25, '2D: A large, regional or expansive group'),
	(216, 50, '3D: A national, powerful or ruling group'),
	(217, 16, null),
	(218, 24, null),
	(219, 4, null),
	(220, 20, null),
	(221, 8, null),
	(222, 16, null),
	(223, 6, null),
	(224, 6, null),
	(225, 16, null),
	(226, 20, null),
	(227, 12, null),
	(228, 16, null),
	(229, 12, null),
	(230, 10, null),
	(231, 12, null),
	(232, 12, null),
	(233, 12, null),
	(234, 12, null),
	(235, 8, null),
	(236, 6, null),
	(237, 12, null),
	(238, 12, null),
	(239, 10, null),
	(240, 10, null),
	(241, 6, null),
	(242, 22, null),
	(243, 8, null),
	(244, 12, null),
	(245, 16, null),
	(246, 6, null),
	(247, 12, null),
	(248, 8, null),
	(249, 16, null),
	(250, 16, null),
	(251, 2, null),
	(252, 12, null),
	(253, 16, null),
	(254, 12, null),
	(255, 10, null),
	(256, 12, null),
	(257, 6, null),
	(258, 6, null),
	(259, 20, null),
	(260, 16, null),
	(261, 12, null),
	(262, 8, null),
	(263, 10, null),
	(264, 8, null),
	(265, 6, null),
	(266, 24, null),
	(267, 10, null),
	(268, 6, null),
	(269, 16, null),
	(270, 16, null),
	(271, 8, null),
	(272, 10, null),
	(273, 10, null),
	(274, 16, null),
	(275, 10, null),
	(276, 12, null),
	(277, 16, null),
	(278, 8, null),
	(279, 10, null),
	(280, 6, null),
	(281, 12, null),
	(282, 12, null),
	(283, 4, null),
	(284, 16, 'Academic'),
	(284, 12, 'Artisan'),
	(284, 7, 'Artist'),
	(284, 18, 'Craftsman'),
	(284, 15, 'Forester'),
	(284, 12, 'Martial'),
	(284, 13, 'Medicinal'),
	(284, 9, 'Military'),
	(284, 7, 'Musical'),
	(284, 12, 'Peasant'),
	(284, 7, 'Physical'),
	(284, 9, 'School of Thought'),
	(284, 12, 'Seafaring'),
	(284, 25, 'Social'),
	(284, 0, 'Sorcerous'),
	(284, 18, 'Special'),
	(285, 5, '0D: Bound'),
	(285, 7, '1D: Sworn'),
	(285, 25, '2D: Embodied'),
	(285, 45, '3D: Mastered'),
	(286, 10, '1D: Touched'),
	(286, 25, '2D: Marked'),
	(286, 50, '3D: Infused'),
	(287, 10, '0D: Journeyman Order'),
	(287, 20, '1D: First Order'),
	(287, 25, '2D: Second Order'),
	(287, 50, '3D: Third Order'),
	(288, 15, 'A relationship with a character who is considered powerful and who plays a large role in the game setting'),
	(288, 10, 'A relationship with a character who is considered significant or important to the game setting'),
	(288, 5, 'A relationship with a character who plays a minor role in the setting or situation'),
	(289, 7, '1D: Local or minor reputation'),
	(289, 25, '2D: Regional or notable reputation'),
	(289, 45, '3D: National or major reputation'),
	(290, 10, '1D: A small, local or specialized group'),
	(290, 25, '2D: A large, regional or expansive group'),
	(290, 50, '3D: A national, powerful or ruling group'),
	(291, 1, null),
	(292, 1, null),
	(293, 1, null),
	(294, 3, null),
	(295, 3, null),
	(296, 7, null),
	(297, 2, null),
	(298, 5, null),
	(299, 10, null),
	(300, 5, null),
	(301, 5, null),
	(302, 15, 'A relationship with a character who is considered powerful and who plays a large role in the game setting'),
	(302, 10, 'A relationship with a character who is considered significant or important to the game setting'),
	(302, 5, 'A relationship with a character who plays a minor role in the setting or situation'),
	(303, 7, '1D: Local or minor reputation'),
	(303, 25, '2D: Regional or notable reputation'),
	(303, 45, '3D: National or major reputation'),
	(304, 5, '1D: Wild, 3-5 wolves'),
	(304, 7, '1D: Legion, 4-6 wolves'),
	(304, 15, '1D: Spirit, 2-4 wolves'),
	(304, 20, '1D: Ghost, 2-3 wolves'),
	(305, 3, 'Leather chanfron (Head and Face; 1D)'),
	(305, 15, 'Metal chanfron (Head and Face; 2D)'),
	(305, 2, 'Stiff leather collar (Neck; 1D)'),
	(305, 6, 'Reinforced leather body armor (Breast, Body, Rump; 2D)'),
	(305, 8, 'Reinforced leather body armor, Spiked (Breast, Body, Rump; 2D)'),
	(305, 24, 'Light mail body armor (Breast, Body, Rump; 3D)'),
	(305, 30, 'Light mail body armor, Spiked (Breast, Body, Rump; 3D)'),
	(305, 2, 'Leather greaves and cuissarts (Fore and Hind legs; 1D)'),
	(305, 4, 'Leather greaves and cuissarts, Blades (Fore and Hind legs; 1D)'),
	(305, 15, 'Metal greaves and cuissarts (Fore and Hind legs; 2D)'),
	(305, 20, 'Metal greaves and cuissarts, Blades (Fore and Hind legs; 2D)'),
	(306, 10, null),
	(307, 8, null),
	(308, 16, null),
	(309, 12, null),
	(310, 6, null),
	(311, 8, null),
	(312, 8, null),
	(313, 8, null),
	(314, 12, null),
	(315, 10, null),
	(316, 6, null),
	(317, 5, '0D: Bound'),
	(317, 7, '1D: Sworn'),
	(317, 25, '2D: Embodied'),
	(317, 45, '3D: Mastered'),
	(318, 10, '1D: Touched'),
	(318, 25, '2D: Marked'),
	(318, 50, '3D: Infused');

INSERT INTO dat."ResourceModifiers"
	("ResourceId", "Cost", "IsPerCost", "Description")
VALUES
	(0, -2, false, 'Immediate family'),
	(0, -1, false, 'Other family'),
	(0, -2, false, 'Romantic'),
	(0, -1, false, 'Forbidden'),
	(0, -2, false, 'Hateful'),
	(3, 1, true, 'Spiked Pommel'),
	(3, 1, true, 'Weighted Pommel'),
	(3, 1, true, 'Beak Pommel'),
	(4, 4, true, 'Spiked Pommel'),
	(4, 4, true, 'Weighted Pommel'),
	(4, 4, true, 'Beak Pommel'),
	(5, 0, false, 'Helmeted'),
	(5, 1, false, 'Mallet Head'),
	(5, 1, false, 'Fisted Bolt'),
	(5, 1, false, 'Spear Tip'),
	(6, 0, false, 'Helmeted'),
	(6, 1, false, 'Mallet Head'),
	(6, 1, false, 'Fisted Bolt'),
	(6, 1, false, 'Spear Tip'),
	(23, -2, false, 'Immediate family'),
	(23, -1, false, 'Other family'),
	(23, -2, false, 'Romantic'),
	(23, -1, false, 'Forbidden'),
	(23, -2, false, 'Hateful'),
	(26, 1, true, 'Spiked Pommel'),
	(26, 1, true, 'Weighted Pommel'),
	(26, 1, true, 'Beak Pommel'),
	(27, 1, false, 'Bodkin Head'),
	(27, 1, false, 'Leaf Head'),
	(27, 1, false, 'Frog Crotch'),
	(27, 1, false, 'Blunt Head'),
	(27, 1, false, 'Barbed Tip'),
	(30, 3, true, 'Spiked Pommel'),
	(30, 3, true, 'Weighted Pommel'),
	(30, 3, true, 'Beak Pommel'),
	(31, 1, false, 'Leaf Head'),
	(31, 2, false, 'Bodkin Head'),
	(62, 15, false, 'Additional VA'),
	(62, 30, false, 'Additional Power'),
	(63, -2, false, 'Immediate family'),
	(63, -1, false, 'Other family'),
	(63, -2, false, 'Romantic'),
	(63, -1, false, 'Forbidden'),
	(63, -2, false, 'Hateful'),
	(66, 1, true, 'Spiked Pommel'),
	(66, 1, true, 'Weighted Pommel'),
	(66, 1, true, 'Beak Pommel'),
	(67, 4, true, 'Spiked Pommel'),
	(67, 4, true, 'Weighted Pommel'),
	(67, 4, true, 'Beak Pommel'),
	(68, 1, false, 'Hunting Head (Bow)'),
	(68, 1, false, 'Bodkin Head (Bow)'),
	(68, 1, false, 'Leaf Head (Bow)'),
	(68, 1, false, 'Frog Crotch (Bow)'),
	(68, 1, false, 'Blunt Head (Bow)'),
	(68, 1, false, 'Barbed Tip (Bow)'),
	(68, 1, false, 'Helmeted (Crossbow)'),
	(68, 1, false, 'Mallet Head (Crossbow)'),
	(68, 1, false, 'Fisted Bolt (Crossbow)'),
	(68, 1, false, 'Spear Tip (Crossbow)'),
	(69, 1, false, 'Hunting Head (Bow)'),
	(69, 1, false, 'Bodkin Head (Bow)'),
	(69, 1, false, 'Leaf Head (Bow)'),
	(69, 1, false, 'Frog Crotch (Bow)'),
	(69, 1, false, 'Blunt Head (Bow)'),
	(69, 1, false, 'Barbed Tip (Bow)'),
	(69, 1, false, 'Helmeted (Crossbow)'),
	(69, 1, false, 'Mallet Head (Crossbow)'),
	(69, 1, false, 'Fisted Bolt (Crossbow)'),
	(69, 1, false, 'Spear Tip (Crossbow)'),
	(70, 1, false, 'Hunting Head (Bow)'),
	(70, 1, false, 'Bodkin Head (Bow)'),
	(70, 1, false, 'Leaf Head (Bow)'),
	(70, 1, false, 'Frog Crotch (Bow)'),
	(70, 1, false, 'Blunt Head (Bow)'),
	(70, 1, false, 'Barbed Tip (Bow)'),
	(70, 1, false, 'Helmeted (Crossbow)'),
	(70, 1, false, 'Mallet Head (Crossbow)'),
	(70, 1, false, 'Fisted Bolt (Crossbow)'),
	(70, 1, false, 'Spear Tip (Crossbow)'),
	(158, 0, false, 'Restless Dead'),
	(158, 4, false, 'Sanctified Dead'),
	(158, 5, false, 'Minor Major Corporal Spirit'),
	(158, 6, false, 'Corporal Spirit'),
	(158, 7, false, 'Major Corporal Spirit'),
	(158, 8, false, 'Minor Deity'),
	(158, 9, false, 'Deity'),
	(158, 10, false, 'Chief Deity'),
	(159, -2, false, 'Immediate family'),
	(159, -1, false, 'Other family'),
	(159, -2, false, 'Romantic'),
	(159, -1, false, 'Forbidden'),
	(159, -2, false, 'Hateful'),
	(165, 1, true, 'Spiked Pommel'),
	(165, 1, true, 'Weighted Pommel'),
	(165, 1, true, 'Beak Pommel'),
	(167, 1, false, 'Hunting Head (Bow)'),
	(167, 1, false, 'Bodkin Head (Bow)'),
	(167, 1, false, 'Leaf Head (Bow)'),
	(167, 1, false, 'Frog Crotch (Bow)'),
	(167, 1, false, 'Blunt Head (Bow)'),
	(167, 1, false, 'Barbed Tip (Bow)'),
	(167, 1, false, 'Helmeted (Crossbow)'),
	(167, 1, false, 'Mallet Head (Crossbow)'),
	(167, 1, false, 'Fisted Bolt (Crossbow)'),
	(167, 1, false, 'Spear Tip (Crossbow)'),
	(194, -2, false, 'Immediate family'),
	(194, -1, false, 'Other family'),
	(194, -2, false, 'Romantic'),
	(194, -1, false, 'Forbidden'),
	(194, -2, false, 'Hateful'),
	(197, 1, true, 'Spiked Pommel'),
	(197, 1, true, 'Weighted Pommel'),
	(197, 1, true, 'Beak Pommel'),
	(198, 4, true, 'Spiked Pommel'),
	(198, 4, true, 'Weighted Pommel'),
	(198, 4, true, 'Beak Pommel'),
	(287, 0, false, 'Restless Dead'),
	(287, 4, false, 'Sanctified Dead'),
	(287, 5, false, 'Minor Major Corporal Spirit'),
	(287, 6, false, 'Corporal Spirit'),
	(287, 7, false, 'Major Corporal Spirit'),
	(287, 8, false, 'Minor Deity'),
	(287, 9, false, 'Deity'),
	(287, 10, false, 'Chief Deity'),
	(288, -2, false, 'Immediate family'),
	(288, -1, false, 'Other family'),
	(288, -2, false, 'Romantic'),
	(288, -1, false, 'Forbidden'),
	(288, -2, false, 'Hateful'),
	(302, -2, false, 'Immediate family'),
	(302, -1, false, 'Other family'),
	(302, -2, false, 'Romantic'),
	(302, -1, false, 'Forbidden'),
	(302, -2, false, 'Hateful');

INSERT INTO dat."ResourceMagicDetails"
	("Id", "ResourceId", "OriginId", "OriginModifierId", "DurationId", "DurationUnitId", "AreaOfEffectId", "AreaOfEffectUnitId", "AreaOfEffectModifierId", "Element1Id", "Element2Id", "Element3Id", "Impetus1Id", "Impetus2Id", "Actions", "ActionsMultiply")
VALUES
	(0, 88, 0, null, 1, null, 0, null, null, null, null, null, 6, null, 10, false),
	(1, 89, 0, null, 1, null, 4, 1, null, 4, 5, null, null, 2, 16, false),
	(2, 90, 0, null, 1, null, 2, null, 1, 6, null, null, 4, null, 2, false),
	(3, 91, 0, null, 0, null, 1, null, null, null, null, null, 6, null, 750, false),
	(4, 92, 1, null, 1, null, 1, null, null, null, null, null, 4, null, 15, false),
	(5, 93, 0, null, 0, null, 3, null, null, 5, null, null, 1, null, 4, false),
	(6, 94, 1, 2, 0, null, 1, null, null, 6, null, null, 4, null, 2, false),
	(7, 95, 1, null, 1, null, 1, null, null, null, null, null, 6, null, 7, false),
	(8, 96, 0, null, 1, null, 1, null, null, 2, null, null, 4, null, 8, false),
	(9, 97, 2, null, 1, null, 4, 1, null, 2, null, null, 5, 2, 45, false),
	(10, 98, 1, null, 1, null, 1, null, null, null, null, null, 2, null, 4, false),
	(11, 99, 0, null, 0, null, 2, null, null, null, null, null, 5, null, 2, false),
	(12, 100, 0, null, 1, null, 4, 1, null, 2, null, null, 2, null, 5, false),
	(13, 101, 0, null, 0, null, 1, null, null, null, null, null, 2, null, 3, false),
	(14, 102, 0, null, 1, null, 1, null, null, null, null, null, 6, null, 35, false),
	(15, 103, 0, null, 1, null, 1, null, null, null, null, null, 6, null, 35, false),
	(16, 104, 0, null, 1, null, 1, null, null, 1, null, null, 4, null, 9, false),
	(17, 105, 1, null, 0, null, 1, null, null, 3, null, null, 2, null, 4, false),
	(18, 106, 0, null, 1, null, 0, null, null, null, null, null, 3, null, 12, false),
	(19, 107, 0, null, 0, null, 2, null, null, null, null, null, 5, null, 1, false),
	(20, 108, 0, null, 0, null, 4, 0, null, 4, null, null, 1, null, 3, false),
	(21, 109, 0, null, 0, null, 2, null, null, 4, null, null, 1, null, 1, false),
	(22, 110, 0, null, 1, null, 1, null, null, null, null, null, 4, null, 4, false),
	(23, 111, 1, null, 1, null, 1, null, null, 7, null, null, 6, null, 10, false),
	(24, 112, 1, null, 1, null, 1, null, null, 4, null, null, null, null, 12, false),
	(25, 113, 1, null, 3, null, 1, null, null, null, null, null, 4, null, 133, false),
	(26, 114, 0, null, 2, 1, 4, 1, null, 7, 5, null, 4, null, 12, false),
	(27, 115, 0, null, 1, null, 1, null, null, null, null, null, 1, null, 4, false),
	(28, 116, 0, null, 0, null, 2, null, null, null, null, null, 5, null, 2, false),
	(29, 117, 0, null, 1, null, 1, null, null, null, null, null, 6, null, 4, false),
	(30, 118, 0, null, 0, null, 4, 0, null, 2, null, null, 2, null, 2, false),
	(31, 119, 0, null, 1, null, 2, null, null, null, null, null, 6, null, 3, true),
	(32, 120, 0, null, 1, null, 2, null, null, 2, null, null, null, null, 12, false),
	(33, 121, 0, null, 1, null, 4, 1, null, null, 1, null, 6, null, 300, false),
	(34, 122, 0, null, 0, null, 4, 0, null, null, null, null, 5, null, 2, false),
	(35, 123, 0, null, 1, null, 0, null, null, 2, null, null, 4, null, 4, false),
	(36, 124, 0, null, 1, null, 1, null, null, 6, null, null, 4, null, 27, false),
	(37, 125, 0, null, 1, null, 1, null, null, 6, null, null, null, null, 12, false),
	(38, 126, 1, null, 1, null, 1, null, null, null, null, null, 5, null, 4, false),
	(39, 127, 1, null, 1, null, 3, null, null, 2, null, null, 4, null, 56, false),
	(40, 128, 1, null, 1, null, 1, null, null, 5, null, null, 4, null, 4, false),
	(41, 129, 1, null, 0, null, 1, null, null, 4, null, null, 4, null, 8, false),
	(42, 130, 2, null, 0, null, 4, 1, null, 4, 5, null, 1, null, 7, false),
	(43, 131, 2, null, 0, null, 4, 2, null, 7, 5, null, 4, null, 256, false),
	(44, 132, 1, null, 1, null, 1, null, null, null, null, null, 2, null, 4, false),
	(45, 133, 1, null, 0, null, 4, 0, null, 6, null, null, 1, null, 1, false),
	(46, 134, 0, null, 1, null, 1, null, null, null, null, null, 6, null, 30, false),
	(47, 135, 1, null, 0, null, 1, null, null, 4, null, null, 1, null, 1, false),
	(48, 136, 1, null, 1, null, 1, null, null, 1, 6, null, 4, null, 50, false),
	(49, 137, 2, null, 0, null, 4, 1, null, 3, 5, null, 1, null, 20, false),
	(50, 138, 1, null, 1, null, 1, null, null, null, null, null, 6, null, 30, false),
	(51, 139, 0, null, 0, null, 2, null, null, 5, null, null, 2, null, 2, false),
	(52, 140, 0, null, 1, null, 0, null, null, null, 6, null, 4, null, 11, false),
	(53, 141, 0, null, 1, null, 2, null, null, null, null, null, 6, null, 6, false),
	(54, 142, 1, null, 1, null, 3, null, null, null, 5, null, 4, null, 5, false),
	(55, 143, 0, null, 1, null, 0, null, null, null, null, null, 4, 6, 3, false),
	(56, 144, 0, null, 1, null, 1, null, null, null, null, null, 4, null, 4, false),
	(57, 145, 0, null, 0, null, 4, 2, null, 7, null, null, 4, 1, 8, false),
	(58, 146, 2, null, 2, 2, 3, null, null, 5, 7, null, 5, null, 12, false),
	(59, 147, 0, null, 0, null, 1, null, null, 5, null, null, 4, null, 8, false),
	(60, 148, 0, null, 0, null, 3, null, null, 3, null, null, 1, null, 3, false),
	(61, 149, 2, null, 1, null, 4, 1, null, 5, null, null, 4, 2, 10, false),
	(62, 150, 0, null, 1, null, 1, null, null, null, null, null, 6, null, 30, false),
	(63, 151, 0, null, 0, null, 1, null, null, null, null, null, 6, null, 4, false),
	(64, 152, 0, null, 0, null, 1, null, null, 6, null, null, 4, null, 4, false),
	(65, 153, 0, null, 1, null, 1, null, null, null, null, null, 6, null, 32, false),
	(66, 154, 1, null, 1, null, 3, null, null, 2, null, null, 4, null, 9, false),
	(67, 184, 0, null, 2, 1, 2, null, 2, null, null, null, 5, null, 8, false),
	(68, 185, 0, null, 1, null, 0, null, null, 1, 6, null, 2, 4, 10, false),
	(69, 186, 0, null, 1, null, 1, null, null, null, null, null, 1, null, 3, false),
	(70, 187, 2, null, 0, null, 4, 2, null, 6, null, null, 1, null, 14, false),
	(71, 188, 0, null, 1, null, 4, 1, null, 2, null, null, 2, null, 5, false),
	(72, 189, 0, null, 0, null, 3, null, null, 5, null, null, 1, 4, 7, false),
	(73, 190, 0, null, 1, null, 4, 3, null, 2, null, null, 5, null, 8, false),
	(74, 191, 0, null, 2, 0, 2, null, 2, 5, 2, null, 2, null, 6, false),
	(75, 192, 0, null, 1, null, 3, null, null, 1, 2, null, 4, null, 10, false),
	(76, 193, 0, null, 1, null, 4, 3, null, 6, null, null, 5, null, 7, false),
	(77, 217, 0, null, 1, null, 0, null, null, null, null, null, 6, null, 10, false),
	(78, 218, 0, null, 1, null, 4, 1, null, 4, 5, null, null, 2, 16, false),
	(79, 219, 0, null, 1, null, 2, null, 1, 6, null, null, 4, null, 2, false),
	(80, 220, 0, null, 0, null, 1, null, null, null, null, null, 6, null, 750, false),
	(81, 221, 1, null, 1, null, 1, null, null, null, null, null, 4, null, 15, false),
	(82, 222, 0, null, 0, null, 3, null, null, 5, null, null, 1, null, 4, false),
	(83, 223, 1, 2, 0, null, 1, null, null, 6, null, null, 4, null, 2, false),
	(84, 224, 1, null, 1, null, 1, null, null, null, null, null, 6, null, 7, false),
	(85, 225, 0, null, 1, null, 1, null, null, 2, null, null, 4, null, 8, false),
	(86, 226, 2, null, 1, null, 4, 1, null, 2, null, null, 5, 2, 45, false),
	(87, 227, 1, null, 1, null, 1, null, null, null, null, null, 2, null, 4, false),
	(88, 228, 0, null, 0, null, 2, null, null, null, null, null, 5, null, 2, false),
	(89, 229, 0, null, 1, null, 4, 1, null, 2, null, null, 2, null, 5, false),
	(90, 230, 0, null, 0, null, 1, null, null, null, null, null, 2, null, 3, false),
	(91, 231, 0, null, 1, null, 1, null, null, null, null, null, 6, null, 35, false),
	(92, 232, 0, null, 1, null, 1, null, null, null, null, null, 6, null, 35, false),
	(93, 233, 0, null, 1, null, 1, null, null, 1, null, null, 4, null, 9, false),
	(94, 234, 1, null, 0, null, 1, null, null, 3, null, null, 2, null, 4, false),
	(95, 235, 0, null, 1, null, 0, null, null, null, null, null, 3, null, 12, false),
	(96, 236, 0, null, 0, null, 2, null, null, null, null, null, 5, null, 1, false),
	(97, 237, 0, null, 0, null, 4, 0, null, 4, null, null, 1, null, 3, false),
	(98, 238, 0, null, 0, null, 2, null, null, 4, null, null, 1, null, 1, false),
	(99, 239, 0, null, 1, null, 1, null, null, null, null, null, 4, null, 4, false),
	(100, 240, 1, null, 1, null, 1, null, null, 7, null, null, 6, null, 10, false),
	(101, 241, 1, null, 1, null, 1, null, null, 4, null, null, null, null, 12, false),
	(102, 242, 1, null, 3, null, 1, null, null, null, null, null, 4, null, 133, false),
	(103, 243, 0, null, 2, 1, 4, 1, null, 7, 5, null, 4, null, 12, false),
	(104, 244, 0, null, 1, null, 1, null, null, null, null, null, 1, null, 4, false),
	(105, 245, 0, null, 0, null, 2, null, null, null, null, null, 5, null, 2, false),
	(106, 246, 0, null, 1, null, 1, null, null, null, null, null, 6, null, 4, false),
	(107, 247, 0, null, 0, null, 4, 0, null, 2, null, null, 2, null, 2, false),
	(108, 248, 0, null, 1, null, 2, null, null, null, null, null, 6, null, 3, true),
	(109, 249, 0, null, 1, null, 2, null, null, 2, null, null, null, null, 12, false),
	(110, 250, 0, null, 1, null, 4, 1, null, null, 1, null, 6, null, 300, false),
	(111, 251, 0, null, 0, null, 4, 0, null, null, null, null, 5, null, 2, false),
	(112, 252, 0, null, 1, null, 0, null, null, 2, null, null, 4, null, 4, false),
	(113, 253, 0, null, 1, null, 1, null, null, 6, null, null, 4, null, 27, false),
	(114, 254, 0, null, 1, null, 1, null, null, 6, null, null, null, null, 12, false),
	(115, 255, 1, null, 1, null, 1, null, null, null, null, null, 5, null, 4, false),
	(116, 256, 1, null, 1, null, 3, null, null, 2, null, null, 4, null, 56, false),
	(117, 257, 1, null, 1, null, 1, null, null, 5, null, null, 4, null, 4, false),
	(118, 258, 1, null, 0, null, 1, null, null, 4, null, null, 4, null, 8, false),
	(119, 259, 2, null, 0, null, 4, 1, null, 4, 5, null, 1, null, 7, false),
	(120, 260, 2, null, 0, null, 4, 2, null, 7, 5, null, 4, null, 256, false),
	(121, 261, 1, null, 1, null, 1, null, null, null, null, null, 2, null, 4, false),
	(122, 262, 1, null, 0, null, 4, 0, null, 6, null, null, 1, null, 1, false),
	(123, 263, 0, null, 1, null, 1, null, null, null, null, null, 6, null, 30, false),
	(124, 264, 1, null, 0, null, 1, null, null, 4, null, null, 1, null, 1, false),
	(125, 265, 1, null, 1, null, 1, null, null, 1, 6, null, 4, null, 50, false),
	(126, 266, 2, null, 0, null, 4, 1, null, 3, 5, null, 1, null, 20, false),
	(127, 267, 1, null, 1, null, 1, null, null, null, null, null, 6, null, 30, false),
	(128, 268, 0, null, 0, null, 2, null, null, 5, null, null, 2, null, 2, false),
	(129, 269, 0, null, 1, null, 0, null, null, null, 6, null, 4, null, 11, false),
	(130, 270, 0, null, 1, null, 2, null, null, null, null, null, 6, null, 6, false),
	(131, 271, 1, null, 1, null, 3, null, null, null, 5, null, 4, null, 5, false),
	(132, 272, 0, null, 1, null, 0, null, null, null, null, null, 4, 6, 3, false),
	(133, 273, 0, null, 1, null, 1, null, null, null, null, null, 4, null, 4, false),
	(134, 274, 0, null, 0, null, 4, 2, null, 7, null, null, 4, 1, 8, false),
	(135, 275, 2, null, 2, 2, 3, null, null, 5, 7, null, 5, null, 12, false),
	(136, 276, 0, null, 0, null, 1, null, null, 5, null, null, 4, null, 8, false),
	(137, 277, 0, null, 0, null, 3, null, null, 3, null, null, 1, null, 3, false),
	(138, 278, 2, null, 1, null, 4, 1, null, 5, null, null, 4, 2, 10, false),
	(139, 279, 0, null, 1, null, 1, null, null, null, null, null, 6, null, 30, false),
	(140, 280, 0, null, 0, null, 1, null, null, null, null, null, 6, null, 4, false),
	(141, 281, 0, null, 0, null, 1, null, null, 6, null, null, 4, null, 4, false),
	(142, 282, 0, null, 1, null, 1, null, null, null, null, null, 6, null, 32, false),
	(143, 283, 1, null, 1, null, 3, null, null, 2, null, null, 4, null, 9, false),
	(144, 306, 0, null, 1, null, 2, null, null, 6, null, null, 4, null, 1, true),
	(145, 307, 1, null, 1, null, 1, null, null, null, null, null, 4, null, 15, false),
	(146, 308, 0, null, 1, null, 1, null, null, 2, null, null, 4, null, 8, false),
	(147, 309, 0, null, 1, null, 4, 1, null, 2, null, null, 2, null, 5, false),
	(148, 310, 0, null, 0, null, 2, null, null, null, null, null, 5, null, 1, false),
	(149, 311, 0, null, 2, 1, 4, 1, null, 7, 5, null, 4, null, 12, false),
	(150, 312, 0, null, 1, null, 2, null, null, null, null, null, 6, null, 3, true),
	(151, 313, 1, null, 1, null, 3, null, null, null, 5, null, 4, null, 5, false),
	(152, 314, 1, null, 1, null, 1, null, null, 6, null, null, 5, null, 4, false),
	(153, 315, 0, null, 1, null, 1, null, null, null, null, null, 4, null, 4, false),
	(154, 316, 0, null, 0, null, 1, null, null, null, null, null, 6, null, 4, false);

INSERT INTO dat."ResourceMagicObstacles"
	("ResourceId", "Obstacle", "ObstacleAbility1Id", "ObstacleAbility2Id", "ObstacleCaret", "Description")
VALUES
	(0, 88, 4, null, null, true, null),
	(1, 89, 5, null, null, false, null),
	(2, 90, 2, null, null, false, null),
	(3, 91, null, 6, null, true, null),
	(4, 92, 4, null, null, false, null),
	(5, 93, 4, null, null, true, null),
	(6, 94, 3, null, null, false, null),
	(7, 95, 3, null, null, false, null),
	(8, 96, 4, null, null, true, null),
	(9, 97, 5, null, null, true, null),
	(10, 98, 3, null, null, true, null),
	(11, 99, 4, null, null, false, null),
	(12, 100, 3, null, null, true, null),
	(13, 101, null, 4, null, false, null),
	(14, 102, 1, 5, null, false, null),
	(15, 103, null, 1, null, false, null),
	(16, 104, 3, null, null, true, null),
	(17, 105, null, 4, null, true, null),
	(18, 106, 4, null, null, false, null),
	(19, 107, 3, null, null, false, null),
	(20, 108, 3, null, null, true, null),
	(21, 109, 3, null, null, true, null),
	(22, 110, 4, null, null, false, null),
	(23, 111, 5, null, null, false, null),
	(24, 112, 4, null, null, false, null),
	(25, 113, 6, 0, null, false, null),
	(26, 114, 5, null, null, false, null),
	(27, 115, 3, null, null, true, null),
	(28, 116, 4, null, null, true, null),
	(29, 117, 3, null, null, false, null),
	(30, 118, 3, null, null, true, null),
	(31, 119, 1, null, null, false, 'Apes and simians'),
	(32, 119, 2, null, null, false, 'Dogs, Pigs and Dolphins'),
	(33, 119, 3, null, null, false, 'Horses, Oxen'),
	(34, 119, 4, null, null, false, 'Wild beasts'),
	(35, 119, 5, null, null, false, 'Birds'),
	(36, 119, 6, null, null, false, 'Reptiles'),
	(37, 119, 7, null, null, false, 'Fish'),
	(38, 119, 8, null, null, false, 'Insects'),
	(39, 120, 4, null, null, true, null),
	(40, 121, 4, null, null, true, null),
	(41, 122, 1, null, null, false, null),
	(42, 123, 3, null, null, true, null),
	(43, 124, 4, null, null, true, null),
	(44, 125, 3, null, null, true, null),
	(45, 126, null, 0, null, false, null),
	(46, 127, 3, null, null, true, null),
	(47, 128, 3, null, null, false, null),
	(48, 129, 3, null, null, false, null),
	(49, 130, 5, null, null, true, null),
	(50, 131, 4, null, null, true, null),
	(51, 132, null, 0, 4, false, null),
	(52, 133, 2, null, null, true, null),
	(53, 134, null, 1, null, false, null),
	(54, 135, 2, null, null, true, null),
	(55, 136, 3, null, null, false, null),
	(56, 137, 6, null, null, false, null),
	(57, 138, null, 2, null, false, null),
	(58, 139, 3, null, null, false, null),
	(59, 140, 4, null, null, true, null),
	(60, 141, 4, null, null, true, null),
	(61, 142, 4, null, null, false, null),
	(62, 143, 3, null, null, false, null),
	(63, 144, 5, null, null, false, null),
	(64, 145, 4, null, null, true, null),
	(65, 146, 5, null, null, false, null),
	(66, 147, 3, null, null, true, null),
	(67, 148, 4, null, null, true, null),
	(68, 149, 4, null, null, false, null),
	(69, 150, null, 0, null, false, null),
	(70, 151, 3, null, null, true, null),
	(71, 152, 3, null, null, false, null),
	(72, 153, null, 1, null, false, null),
	(73, 154, 2, null, null, false, null),
	(74, 184, 6, null, null, false, null),
	(75, 185, 4, null, null, true, null),
	(76, 186, 2, null, null, true, null),
	(77, 187, 5, null, null, true, null),
	(78, 188, 3, null, null, true, null),
	(79, 189, 3, null, null, true, null),
	(80, 190, 5, null, null, false, null),
	(81, 191, 4, null, null, true, null),
	(82, 192, 5, null, null, false, null),
	(83, 193, 4, null, null, false, null),
	(84, 217, 4, null, null, true, null),
	(85, 218, 5, null, null, false, null),
	(86, 219, 2, null, null, false, null),
	(87, 220, null, 6, null, true, null),
	(88, 221, 4, null, null, false, null),
	(89, 222, 4, null, null, true, null),
	(90, 223, 3, null, null, false, null),
	(91, 224, 3, null, null, false, null),
	(92, 225, 4, null, null, true, null),
	(93, 226, 5, null, null, true, null),
	(94, 227, 3, null, null, true, null),
	(95, 228, 4, null, null, false, null),
	(96, 229, 3, null, null, true, null),
	(97, 230, null, 4, null, false, null),
	(98, 231, 1, 5, null, false, null),
	(99, 232, null, 1, null, false, null),
	(100, 233, 3, null, null, true, null),
	(101, 234, null, 4, null, true, null),
	(102, 235, 4, null, null, false, null),
	(103, 236, 3, null, null, false, null),
	(104, 237, 3, null, null, true, null),
	(105, 238, 3, null, null, true, null),
	(106, 239, 4, null, null, false, null),
	(107, 240, 5, null, null, false, null),
	(108, 241, 4, null, null, false, null),
	(109, 242, 6, 0, null, false, null),
	(110, 243, 5, null, null, false, null),
	(111, 244, 3, null, null, true, null),
	(112, 245, 4, null, null, true, null),
	(113, 246, 3, null, null, false, null),
	(114, 247, 3, null, null, true, null),
	(115, 248, 1, null, null, false, 'Apes and simians'),
	(116, 248, 2, null, null, false, 'Dogs, Pigs and Dolphins'),
	(117, 248, 3, null, null, false, 'Horses, Oxen'),
	(118, 248, 4, null, null, false, 'Wild beasts'),
	(119, 248, 5, null, null, false, 'Birds'),
	(120, 248, 6, null, null, false, 'Reptiles'),
	(121, 248, 7, null, null, false, 'Fish'),
	(122, 248, 8, null, null, false, 'Insects'),
	(123, 249, 4, null, null, true, null),
	(124, 250, 4, null, null, true, null),
	(125, 251, 1, null, null, false, null),
	(126, 252, 3, null, null, true, null),
	(127, 253, 4, null, null, true, null),
	(128, 254, 3, null, null, true, null),
	(129, 255, null, 0, null, false, null),
	(130, 256, 3, null, null, true, null),
	(131, 257, 3, null, null, false, null),
	(132, 258, 3, null, null, false, null),
	(133, 259, 5, null, null, true, null),
	(134, 260, 4, null, null, true, null),
	(135, 261, null, 0, 4, false, null),
	(136, 262, 2, null, null, true, null),
	(137, 263, null, 1, null, false, null),
	(138, 264, 2, null, null, true, null),
	(139, 265, 3, null, null, false, null),
	(140, 266, 6, null, null, false, null),
	(141, 267, null, 2, null, false, null),
	(142, 268, 3, null, null, false, null),
	(143, 269, 4, null, null, true, null),
	(144, 270, 4, null, null, true, null),
	(145, 271, 4, null, null, false, null),
	(146, 272, 3, null, null, false, null),
	(147, 273, 5, null, null, false, null),
	(148, 274, 4, null, null, true, null),
	(149, 275, 5, null, null, false, null),
	(150, 276, 3, null, null, true, null),
	(151, 277, 4, null, null, true, null),
	(152, 278, 4, null, null, false, null),
	(153, 279, null, 0, null, false, null),
	(154, 280, 3, null, null, true, null),
	(155, 281, 3, null, null, false, null),
	(156, 282, null, 1, null, false, null),
	(157, 283, 2, null, null, false, null),
	(158, 306, 2, null, null, false, 'Ensorcelling grass and brush'),
	(159, 306, 3, null, null, false, 'Vines and hangers'),
	(160, 306, 4, null, null, false, 'Small branches and saplings'),
	(161, 306, 5, null, null, false, 'Large thick branches'),
	(162, 307, 4, null, null, false, null),
	(163, 308, 4, null, null, true, null),
	(164, 309, 3, null, null, true, null),
	(165, 310, 3, null, null, false, null),
	(166, 311, 5, null, null, false, null),
	(167, 312, 1, null, null, false, 'Apes and simians'),
	(168, 312, 3, null, null, false, 'Horses, Oxen'),
	(169, 312, 4, null, null, false, 'Wild beasts'),
	(170, 312, 5, null, null, false, 'Birds'),
	(171, 312, 6, null, null, false, 'Reptiles'),
	(172, 312, 7, null, null, false, 'Fish'),
	(173, 312, 8, null, null, false, 'Insects'),
	(174, 312, 8, null, null, false, 'Humans, Orcs, and Elves'),
	(175, 313, 4, null, null, false, null),
	(176, 314, 3, null, null, true, null),
	(177, 315, 5, null, null, false, null),
	(178, 316, 3, null, null, true, null);

INSERT INTO dat."RulesetResources"
	("ResourceId", "RulesetId")
VALUES
	(0, 'bwgr'),
	(1, 'bwgr'),
	(2, 'bwgr'),
	(3, 'bwgr'),
	(4, 'bwgr'),
	(5, 'bwgr'),
	(6, 'bwgr'),
	(7, 'bwgr'),
	(8, 'bwgr'),
	(9, 'bwgr'),
	(10, 'bwgr'),
	(11, 'bwgr'),
	(12, 'bwgr'),
	(13, 'bwgr'),
	(14, 'bwgr'),
	(15, 'bwgr'),
	(16, 'bwgr'),
	(17, 'bwgr'),
	(18, 'bwgr'),
	(19, 'bwgr'),
	(20, 'bwgr'),
	(21, 'bwgr'),
	(22, 'bwgr'),
	(23, 'bwgr'),
	(24, 'bwgr'),
	(25, 'bwgr'),
	(26, 'bwgr'),
	(27, 'bwgr'),
	(28, 'bwgr'),
	(29, 'bwgr'),
	(30, 'bwgr'),
	(31, 'bwgr'),
	(32, 'bwgr'),
	(33, 'bwgr'),
	(34, 'bwgr'),
	(35, 'bwgr'),
	(36, 'bwgr'),
	(37, 'bwgr'),
	(38, 'bwgr'),
	(39, 'bwgr'),
	(40, 'bwgr'),
	(41, 'bwgr'),
	(42, 'bwgr'),
	(43, 'bwgr'),
	(44, 'bwgr'),
	(45, 'bwgr'),
	(46, 'bwgr'),
	(47, 'bwgr'),
	(48, 'bwgr'),
	(49, 'bwc'),
	(50, 'bwc'),
	(51, 'bwc'),
	(52, 'bwc'),
	(53, 'bwc'),
	(54, 'bwc'),
	(55, 'bwc'),
	(56, 'bwc'),
	(57, 'bwc'),
	(58, 'bwc'),
	(59, 'bwc'),
	(60, 'bwc'),
	(61, 'bwc'),
	(62, 'bwc'),
	(63, 'bwgr'),
	(64, 'bwgr'),
	(65, 'bwgr'),
	(66, 'bwgr'),
	(67, 'bwgr'),
	(68, 'bwgr'),
	(69, 'bwgr'),
	(70, 'bwgr'),
	(71, 'bwgr'),
	(72, 'bwgr'),
	(73, 'bwgr'),
	(74, 'bwgr'),
	(75, 'bwgr'),
	(76, 'bwgr'),
	(77, 'bwgr'),
	(78, 'bwgr'),
	(79, 'bwgr'),
	(80, 'bwgr'),
	(81, 'bwgr'),
	(82, 'bwgr'),
	(83, 'bwgr'),
	(84, 'bwgr'),
	(85, 'bwgr'),
	(86, 'bwgr'),
	(87, 'bwgr'),
	(88, 'bwgr'),
	(89, 'bwgr'),
	(90, 'bwgr'),
	(91, 'bwgr'),
	(92, 'bwgr'),
	(93, 'bwgr'),
	(94, 'bwgr'),
	(95, 'bwgr'),
	(96, 'bwgr'),
	(97, 'bwgr'),
	(98, 'bwgr'),
	(99, 'bwgr'),
	(100, 'bwgr'),
	(101, 'bwgr'),
	(102, 'bwgr'),
	(103, 'bwgr'),
	(104, 'bwgr'),
	(105, 'bwgr'),
	(106, 'bwgr'),
	(107, 'bwgr'),
	(108, 'bwgr'),
	(109, 'bwgr'),
	(110, 'bwgr'),
	(111, 'bwgr'),
	(112, 'bwgr'),
	(113, 'bwgr'),
	(114, 'bwgr'),
	(115, 'bwgr'),
	(116, 'bwgr'),
	(117, 'bwgr'),
	(118, 'bwgr'),
	(119, 'bwgr'),
	(120, 'bwgr'),
	(121, 'bwgr'),
	(122, 'bwgr'),
	(123, 'bwgr'),
	(124, 'bwgr'),
	(125, 'bwgr'),
	(126, 'bwgr'),
	(127, 'bwgr'),
	(128, 'bwgr'),
	(129, 'bwgr'),
	(130, 'bwgr'),
	(131, 'bwgr'),
	(132, 'bwgr'),
	(133, 'bwgr'),
	(134, 'bwgr'),
	(135, 'bwgr'),
	(136, 'bwgr'),
	(137, 'bwgr'),
	(138, 'bwgr'),
	(139, 'bwgr'),
	(140, 'bwgr'),
	(141, 'bwgr'),
	(142, 'bwgr'),
	(143, 'bwgr'),
	(144, 'bwgr'),
	(145, 'bwgr'),
	(146, 'bwgr'),
	(147, 'bwgr'),
	(148, 'bwgr'),
	(149, 'bwgr'),
	(150, 'bwgr'),
	(151, 'bwgr'),
	(152, 'bwgr'),
	(153, 'bwgr'),
	(154, 'bwgr'),
	(155, 'bwc'),
	(156, 'bwc'),
	(157, 'bwc'),
	(158, 'bwc'),
	(159, 'bwgr'),
	(160, 'bwgr'),
	(161, 'bwgr'),
	(162, 'bwgr'),
	(163, 'bwgr'),
	(164, 'bwgr'),
	(165, 'bwgr'),
	(166, 'bwgr'),
	(167, 'bwgr'),
	(168, 'bwgr'),
	(169, 'bwgr'),
	(170, 'bwgr'),
	(171, 'bwgr'),
	(172, 'bwgr'),
	(173, 'bwgr'),
	(174, 'bwgr'),
	(175, 'bwgr'),
	(176, 'bwgr'),
	(177, 'bwgr'),
	(178, 'bwgr'),
	(179, 'bwgr'),
	(180, 'bwgr'),
	(181, 'bwgr'),
	(182, 'bwgr'),
	(183, 'bwgr'),
	(184, 'bwgr'),
	(185, 'bwgr'),
	(186, 'bwgr'),
	(187, 'bwgr'),
	(188, 'bwgr'),
	(189, 'bwgr'),
	(190, 'bwgr'),
	(191, 'bwgr'),
	(192, 'bwgr'),
	(193, 'bwgr'),
	(194, 'bwgr'),
	(195, 'bwgr'),
	(196, 'bwgr'),
	(197, 'bwc'),
	(198, 'bwc'),
	(199, 'bwc'),
	(200, 'bwc'),
	(201, 'bwc'),
	(202, 'bwc'),
	(203, 'bwc'),
	(204, 'bwc'),
	(205, 'bwc'),
	(206, 'bwc'),
	(207, 'bwc'),
	(208, 'bwc'),
	(209, 'bwc'),
	(210, 'bwc'),
	(211, 'bwc'),
	(212, 'bwc'),
	(213, 'bwc'),
	(214, 'bwc'),
	(215, 'bwc'),
	(216, 'bwc'),
	(217, 'bwgr'),
	(218, 'bwgr'),
	(219, 'bwgr'),
	(220, 'bwgr'),
	(221, 'bwgr'),
	(222, 'bwgr'),
	(223, 'bwgr'),
	(224, 'bwgr'),
	(225, 'bwgr'),
	(226, 'bwgr'),
	(227, 'bwgr'),
	(228, 'bwgr'),
	(229, 'bwgr'),
	(230, 'bwgr'),
	(231, 'bwgr'),
	(232, 'bwgr'),
	(233, 'bwgr'),
	(234, 'bwgr'),
	(235, 'bwgr'),
	(236, 'bwgr'),
	(237, 'bwgr'),
	(238, 'bwgr'),
	(239, 'bwgr'),
	(240, 'bwgr'),
	(241, 'bwgr'),
	(242, 'bwgr'),
	(243, 'bwgr'),
	(244, 'bwgr'),
	(245, 'bwgr'),
	(246, 'bwgr'),
	(247, 'bwgr'),
	(248, 'bwgr'),
	(249, 'bwgr'),
	(250, 'bwgr'),
	(251, 'bwgr'),
	(252, 'bwgr'),
	(253, 'bwgr'),
	(254, 'bwgr'),
	(255, 'bwgr'),
	(256, 'bwgr'),
	(257, 'bwgr'),
	(258, 'bwgr'),
	(259, 'bwgr'),
	(260, 'bwgr'),
	(261, 'bwgr'),
	(262, 'bwgr'),
	(263, 'bwgr'),
	(264, 'bwgr'),
	(265, 'bwgr'),
	(266, 'bwgr'),
	(267, 'bwgr'),
	(268, 'bwgr'),
	(269, 'bwgr'),
	(270, 'bwgr'),
	(271, 'bwgr'),
	(272, 'bwgr'),
	(273, 'bwgr'),
	(274, 'bwgr'),
	(275, 'bwgr'),
	(276, 'bwgr'),
	(277, 'bwgr'),
	(278, 'bwgr'),
	(279, 'bwgr'),
	(280, 'bwgr'),
	(281, 'bwgr'),
	(282, 'bwgr'),
	(283, 'bwgr'),
	(284, 'bwc'),
	(285, 'bwc'),
	(286, 'bwc'),
	(287, 'bwc'),
	(288, 'bwgr'),
	(289, 'bwgr'),
	(290, 'bwgr'),
	(291, 'bwc'),
	(292, 'bwc'),
	(293, 'bwc'),
	(294, 'bwc'),
	(295, 'bwc'),
	(296, 'bwc'),
	(297, 'bwc'),
	(298, 'bwc'),
	(299, 'bwc'),
	(300, 'bwc'),
	(301, 'bwc'),
	(302, 'bwgr'),
	(303, 'bwgr'),
	(304, 'bwc'),
	(305, 'bwc'),
	(306, 'bwc'),
	(307, 'bwc'),
	(308, 'bwc'),
	(309, 'bwc'),
	(310, 'bwc'),
	(311, 'bwc'),
	(312, 'bwc'),
	(313, 'bwc'),
	(314, 'bwc'),
	(315, 'bwc'),
	(316, 'bwc'),
	(317, 'bwc'),
	(318, 'bwc');
