INSERT INTO dat."Lifepaths"
	("Id", "Name" , "StockId", "SettingId", "Born", "Years", "EitherPool", "MentalPool", "PhysicalPool", "GeneralSkillPool", "LifepathSkillPool", "TraitPool", "ResourcePoints", "IsGSPMultiplier", "IsLSPMultiplier", "IsRPMultiplier", "HalfGSPFromPrev", "HalfLSPFromPrev", "HalfRPFromPrev", "RequirementText")
VALUES
	(0, 'Born Artificer', 0, 0, true, ARRAY [20], 0, 0, 0, 3, 2, 1, 15, false, false, false, false, false, false, null),
	(1, 'Ardent', 0, 0, false, ARRAY [21], 0, 0, 1, 0, 4, 2, 15, false, false, false, false, false, false, null),
	(2, 'Tyro Artificer', 0, 0, false, ARRAY [21], 0, 0, 1, 0, 5, 1, 20, false, false, false, false, false, false, null),
	(3, 'Artificer', 0, 0, false, ARRAY [30], 0, 0, 1, 0, 8, 1, 35, false, false, false, false, false, false, null),
	(4, 'Mask Bearer', 0, 0, false, ARRAY [55], 1, 0, 0, 0, 6, 1, 50, false, false, false, false, false, false, null),
	(5, 'Master of Arches', 0, 0, false, ARRAY [75], 0, 1, 0, 0, 8, 2, 75, false, false, false, false, false, false, null),
	(6, 'Master of Forges', 0, 0, false, ARRAY [75], 0, 1, 0, 0, 6, 1, 75, false, false, false, false, false, false, null),
	(7, 'Master Engraver', 0, 0, false, ARRAY [100], 0, 1, 0, 2, 4, 1, 60, false, false, false, false, false, false, null),
	(8, 'Earthbender', 0, 0, false, ARRAY [24], 0, 1, 0, 0, 4, 2, 20, false, false, false, false, false, false, null),
	(9, 'Born Clansman', 0, 1, true, ARRAY [20], 0, 0, 0, 3, 0, 1, 10, false, false, false, false, false, false, null),
	(10, 'Tender', 0, 1, false, ARRAY [20], 0, 0, 1, 0, 5, 2, 7, false, false, false, false, false, false, null),
	(11, 'Herder', 0, 1, false, ARRAY [15], 0, 0, 1, 0, 5, 2, 9, false, false, false, false, false, false, null),
	(12, 'Tinkerer', 0, 1, false, ARRAY [35], 0, 1, 0, 0, 4, 2, 15, false, false, false, false, false, false, null),
	(13, 'Delver', 0, 1, false, ARRAY [20], 0, 0, 1, 0, 4, 1, 10, false, false, false, false, false, false, null),
	(14, 'Miller', 0, 1, false, ARRAY [30], 0, 1, 0, 0, 6, 1, 30, false, false, false, false, false, false, null),
	(15, 'Brewer', 0, 1, false, ARRAY [40], 0, 0, 1, 0, 5, 1, 40, false, false, false, false, false, false, null),
	(16, 'Foreman', 0, 1, false, ARRAY [35], 0, 0, 1, 0, 5, 1, 25, false, false, false, false, false, false, null),
	(17, 'Husband/Wife', 0, 1, false, ARRAY [70], 0, 1, 0, 0, 5, 2, 18, false, false, false, false, false, false, null),
	(18, 'Longbeard', 0, 1, false, ARRAY [77], 0, 1, 0, 0, 6, 2, 30, false, false, false, false, false, false, null),
	(19, 'Born Guilder', 0, 2, true, ARRAY [21], 0, 0, 0, 4, 0, 1, 5, false, false, false, false, false, false, null),
	(20, 'Wordbearer', 0, 2, false, ARRAY [15], 0, 0, 1, 0, 5, 1, 10, false, false, false, false, false, false, null),
	(21, 'Hauler', 0, 2, false, ARRAY [10], 0, 0, 1, 0, 5, 2, 7, false, false, false, false, false, false, null),
	(22, 'Carter', 0, 2, false, ARRAY [20], 0, 0, 1, 0, 5, 1, 10, false, false, false, false, false, false, null),
	(23, 'Hawker', 0, 2, false, ARRAY [15], 0, 1, 0, 0, 6, 1, 15, false, false, false, false, false, false, null),
	(24, 'Apprentice', 0, 2, false, ARRAY [15], 0, 0, 1, 0, 4, 1, 20, false, false, false, false, false, false, null),
	(25, 'Journeyman', 0, 2, false, ARRAY [25], 1, 0, 0, 0, 7, 1, 25, false, false, false, false, false, false, null),
	(26, 'Craftsman', 0, 2, false, ARRAY [45], 1, 0, 0, 1, 4, 1, 45, false, false, false, false, false, false, null),
	(27, 'Trader', 0, 2, false, ARRAY [45], 0, 1, 0, 0, 7, 1, 70, false, false, false, false, false, false, null),
	(28, 'Disciple', 0, 2, false, ARRAY [16], 0, 1, 0, 1, 8, 1, 5, false, false, false, false, false, false, null),
	(29, 'Caravan Supplier', 0, 2, false, ARRAY [20], 0, 1, 0, 0, 5, 2, 16, false, false, false, false, false, false, null),
	(30, 'Wholesaler', 0, 2, false, ARRAY [26], 0, 1, 0, 0, 7, 1, 25, false, false, false, false, false, false, null),
	(31, 'Foot Soldier', 0, 3, false, ARRAY [10], 0, 0, 1, 0, 6, 1, 6, false, false, false, false, false, false, null),
	(32, 'Arbalester', 0, 3, false, ARRAY [12], 1, 0, 0, 0, 5, 1, 12, false, false, false, false, false, false, null),
	(33, 'Banner Bearer', 0, 3, false, ARRAY [7], 0, 0, 1, 0, 4, 2, 10, false, false, false, false, false, false, null),
	(34, 'Horncaller', 0, 3, false, ARRAY [7], 0, 0, 1, 0, 5, 1, 9, false, false, false, false, false, false, null),
	(35, 'Axe Bearer', 0, 3, false, ARRAY [15], 0, 0, 1, 0, 9, 1, 15, false, false, false, false, false, false, null),
	(36, 'Graybeard', 0, 3, false, ARRAY [20], 1, 0, 0, 0, 5, 2, 20, false, false, false, false, false, false, null),
	(37, 'Khirurgeon', 0, 3, false, ARRAY [25], 0, 1, 0, 0, 6, 1, 25, false, false, false, false, false, false, null),
	(38, 'Quartermaster', 0, 3, false, ARRAY [50], 0, 1, 0, 0, 7, 1, 35, false, false, false, false, false, false, null),
	(39, 'Captain', 0, 3, false, ARRAY [55], 0, 1, 0, 0, 7, 1, 40, false, false, false, false, false, false, null),
	(40, 'Artillerist', 0, 3, false, ARRAY [55], 1, 0, 0, 0, 5, 1, 45, false, false, false, false, false, false, null),
	(41, 'Engineer', 0, 3, false, ARRAY [60], 1, 0, 0, 0, 6, 2, 50, false, false, false, false, false, false, null),
	(42, 'Warden', 0, 3, false, ARRAY [75], 1, 0, 0, 0, 7, 1, 65, false, false, false, false, false, false, null),
	(43, 'Kineticist', 0, 3, false, ARRAY [18], 0, 0, 1, 0, 6, 2, 14, false, false, false, false, false, false, null),
	(44, 'Shaper', 0, 3, false, ARRAY [20], 0, 1, 0, 0, 6, 2, 8, false, false, false, false, false, false, null),
	(45, 'Born Noble', 0, 4, true, ARRAY [21], 0, 0, 0, 4, 2, 2, 10, false, false, false, false, false, false, null),
	(46, 'Abecedart', 0, 4, false, ARRAY [20], 0, 1, 0, 0, 4, 1, 10, false, false, false, false, false, false, null),
	(47, 'Ardent', 0, 4, false, ARRAY [25], 0, 0, 1, 0, 4, 2, 15, false, false, false, false, false, false, null),
	(48, 'Axe Bearer', 0, 4, false, ARRAY [20], 0, 0, 1, 0, 8, 1, 25, false, false, false, false, false, false, null),
	(49, 'Chronicler', 0, 4, false, ARRAY [50], 0, 1, 0, 0, 9, 1, 20, false, false, false, false, false, false, null),
	(50, 'Seneschal', 0, 4, false, ARRAY [55], 0, 1, 0, 0, 5, 1, 50, false, false, false, false, false, false, null),
	(51, 'Treasurer', 0, 4, false, ARRAY [75], 0, 1, 0, 0, 6, 2, 100, false, false, false, false, false, false, null),
	(52, 'High Captain', 0, 4, false, ARRAY [75], 0, 0, 1, 2, 5, 2, 75, false, false, false, false, false, false, null),
	(53, 'Prince', 0, 4, false, ARRAY [100], 0, 1, 0, 0, 8, 2, 200, false, false, false, false, false, false, null),
	(54, 'Adventurer', 0, 5, false, ARRAY [5], 1, 0, 0, 0, 12, 2, 10, false, false, false, false, false, false, null),
	(55, 'Gambler', 0, 5, false, ARRAY [7], 0, 1, 0, 0, 5, 2, 15, false, false, false, false, false, false, null),
	(56, 'Oathbreaker', 0, 5, false, ARRAY [20], 0, 1, 0, 0, 4, 2, 5, false, false, false, false, false, false, null),
	(57, 'Drunk', 0, 5, false, ARRAY [10], 0, 0, 0, 0, 5, 2, 5, false, false, false, false, false, false, null),
	(58, 'Coward', 0, 5, false, ARRAY [15], 1, 0, 0, 0, 5, 3, 5, false, false, false, false, false, false, null),
	(59, 'Rune Caster', 0, 5, false, ARRAY [20], 0, 1, 1, 0, 5, 2, 6, false, false, false, false, false, false, null),
	(60, 'Torturer', 0, 5, false, ARRAY [16], 0, 1, 0, 0, 6, 2, 16, false, false, false, false, false, false, null),
	(61, 'Drunk Psionic', 0, 5, false, ARRAY [10], 1, 0, 0, 0, 5, 1, 4, false, false, false, false, false, false, null),
	(62, 'Stonemen', 0, 5, false, ARRAY [20], 0, 1, 0, 0, 8, 1, 3, false, false, false, false, false, false, null),
	(63, 'Palisade', 0, 5, false, ARRAY [18], 0, 0, 0, 0, 8, 1, 18, false, false, false, false, false, false, null),
	(64, 'Temple Acolyte', 0, 6, false, ARRAY [10], 0, 0, 0, 0, 5, 2, 12, false, false, false, false, false, false, null),
	(65, 'Fanatic', 0, 6, false, ARRAY [6], 0, 0, 0, 0, 7, 1, 6, false, false, false, false, false, false, null),
	(66, 'Templar', 0, 6, false, ARRAY [14], 0, 1, 0, 0, 7, 2, 18, false, false, false, false, false, false, null),
	(67, 'Inquisitor', 0, 6, false, ARRAY [20], 0, 0, 1, 0, 8, 1, 24, false, false, false, false, false, false, null),
	(68, 'White Warden', 0, 6, false, ARRAY [40], 1, 0, 0, 1, 6, 1, 40, false, false, false, false, false, false, null),
	(69, 'Born Wilder Elf', 1, 7, true, ARRAY [20], 0, 0, 0, 4, 2, 1, 5, false, false, false, false, false, false, null),
	(70, 'Rider', 1, 7, false, ARRAY [20], 0, 0, 1, 0, 6, 1, 3, false, false, false, false, false, false, null),
	(71, 'Harvester', 1, 7, false, ARRAY [50], 0, 0, 1, 0, 5, 1, 5, false, false, false, false, false, false, null),
	(72, 'Gatherer', 1, 7, false, ARRAY [40], 0, 0, 0, 0, 5, 1, 3, false, false, false, false, false, false, null),
	(73, 'Fisherman', 1, 7, false, ARRAY [50], 0, 0, 0, 0, 9, 1, 8, false, false, false, false, false, false, null),
	(74, 'Shepherd', 1, 7, false, ARRAY [45], 0, 0, 0, 0, 4, 1, 6, false, false, false, false, false, false, null),
	(75, 'Wanderer', 1, 7, false, ARRAY [75], 0, 0, 1, 0, 6, 1, 5, false, false, false, false, false, false, null),
	(76, 'Huntsman', 1, 7, false, ARRAY [45], 0, 0, 1, 0, 7, 1, 9, false, false, false, false, false, false, null),
	(77, 'Chandler', 1, 7, false, ARRAY [50], 0, 1, 0, 0, 5, 1, 15, false, false, false, false, false, false, null),
	(78, 'Weaver', 1, 7, false, ARRAY [50], 0, 1, 0, 0, 5, 1, 10, false, false, false, false, false, false, null),
	(79, 'Forester', 1, 7, false, ARRAY [90], 0, 0, 1, 0, 6, 2, 5, false, false, false, false, false, false, null),
	(80, 'Vintner', 1, 7, false, ARRAY [60], 0, 1, 0, 0, 7, 1, 20, false, false, false, false, false, false, null),
	(81, 'Miller', 1, 7, false, ARRAY [60], 0, 1, 0, 0, 6, 1, 18, false, false, false, false, false, false, null),
	(82, 'Song Singer', 1, 7, false, ARRAY [45], 0, 1, 0, 0, 6, 1, 10, false, false, false, false, false, false, null),
	(83, 'Spouse', 1, 7, false, ARRAY [75], 0, 1, 0, 0, 5, 1, 10, false, false, false, false, false, false, null),
	(84, 'Patriarch/Matriarch', 1, 7, false, ARRAY [100], 0, 1, 0, 0, 6, 1, 15, false, false, false, false, false, false, null),
	(85, 'Elder', 1, 7, false, ARRAY [150], 0, 1, 0, 0, 5, 2, 30, false, false, false, false, false, false, null),
	(86, 'Citadel Born', 1, 8, true, ARRAY [20], 0, 0, 0, 5, 2, 1, 7, false, false, false, false, false, false, null),
	(87, 'Servitor', 1, 8, false, ARRAY [20], 0, 0, 0, 0, 5, 2, 5, false, false, false, false, false, false, null),
	(88, 'Wanderer', 1, 8, false, ARRAY [75], 0, 0, 1, 0, 6, 1, 5, false, false, false, false, false, false, null),
	(89, 'Song Singer', 1, 8, false, ARRAY [25], 0, 1, 0, 0, 5, 1, 10, false, false, false, false, false, false, null),
	(90, 'Student', 1, 8, false, ARRAY [20], 0, 1, 0, 0, 6, 1, 10, false, false, false, false, false, false, null),
	(91, 'Clothier', 1, 8, false, ARRAY [75], 0, 0, 0, 0, 7, 1, 20, false, false, false, false, false, false, null),
	(92, 'Soldier-Protector', 1, 8, false, ARRAY [5], 0, 0, 1, 0, 8, 1, 10, false, false, false, false, false, false, null),
	(93, 'Seafarer', 1, 8, false, ARRAY [50], 0, 0, 1, 0, 9, 1, 5, false, false, false, false, false, false, null),
	(94, 'Sea Captain', 1, 8, false, ARRAY [100], 0, 1, 0, 0, 8, 1, 15, false, false, false, false, false, false, null),
	(95, 'Novice', 1, 8, false, ARRAY [10], 0, 0, 1, 0, 4, 2, 10, false, false, false, false, false, false, null),
	(96, 'Shaper', 1, 8, false, ARRAY [35], 0, 0, 1, 0, 6, 1, 15, false, false, false, false, false, false, null),
	(97, 'Jeweler', 1, 8, false, ARRAY [75], 0, 0, 0, 0, 5, 2, 20, false, false, false, false, false, false, null),
	(98, 'Artisan', 1, 8, false, ARRAY [150], 0, 1, 0, 0, 6, 1, 40, false, false, false, false, false, false, null),
	(99, 'Keel Master', 1, 8, false, ARRAY [100], 1, 0, 0, 0, 6, 2, 25, false, false, false, false, false, false, null),
	(100, 'Artist', 1, 8, false, ARRAY [60], 0, 1, 0, 0, 5, 2, 12, false, false, false, false, false, false, null),
	(101, 'Bard', 1, 8, false, ARRAY [65], 1, 0, 0, 0, 11, 1, 20, false, false, false, false, false, false, null),
	(102, 'Adjutant', 1, 8, false, ARRAY [75], 0, 1, 0, 0, 7, 2, 20, false, false, false, false, false, false, null),
	(103, 'Loremaster', 1, 8, false, ARRAY [200], 0, 1, 0, 0, 10, 1, 25, false, false, false, false, false, false, null),
	(104, 'Althing', 1, 8, false, ARRAY [250], 0, 1, 1, 0, 10, 2, 100, false, false, false, false, false, false, null),
	(105, 'Born Etharch', 1, 9, true, ARRAY [25], 0, 0, 0, 5, 2, 2, 10, false, false, false, false, false, false, null),
	(106, 'Student', 1, 9, false, ARRAY [25], 0, 1, 0, 0, 9, 1, 10, false, false, false, false, false, false, null),
	(107, 'Attendant', 1, 9, false, ARRAY [25], 0, 0, 1, 0, 4, 2, 15, false, false, false, false, false, false, null),
	(108, 'Second', 1, 9, false, ARRAY [35], 0, 0, 1, 0, 8, 2, 15, false, false, false, false, false, false, null),
	(109, 'Sword Singer', 1, 9, false, ARRAY [40], 0, 0, 1, 0, 10, 1, 10, false, false, false, false, false, false, null),
	(110, 'Steward', 1, 9, false, ARRAY [110], 0, 1, 0, 0, 8, 1, 20, false, false, false, false, false, false, null),
	(111, 'Prince/Princess', 1, 9, false, ARRAY [150], 1, 0, 0, 4, 6, 1, 100, false, false, false, false, false, false, null),
	(112, 'Etharch', 1, 9, false, ARRAY [250], 0, 1, 1, 4, 8, 2, 200, false, false, false, false, false, false, null),
	(113, 'Rider', 1, 10, false, ARRAY [15], 0, 0, 1, 0, 6, 1, 8, false, false, false, false, false, false, null),
	(114, 'Herald', 1, 10, false, ARRAY [35], 1, 0, 0, 0, 8, 2, 10, false, false, false, false, false, false, null),
	(115, 'Soother', 1, 10, false, ARRAY [30], 0, 1, 0, 0, 6, 1, 10, false, false, false, false, false, false, null),
	(116, 'Ranger', 1, 10, false, ARRAY [45], 1, 0, 0, 0, 10, 1, 10, false, false, false, false, false, false, null),
	(117, 'Bowyer', 1, 10, false, ARRAY [20], 0, 0, 1, 0, 5, 1, 8, false, false, false, false, false, false, null),
	(118, 'Spearbearer', 1, 10, false, ARRAY [20], 0, 0, 1, 0, 8, 1, 8, false, false, false, false, false, false, null),
	(119, 'Sword Singer', 1, 10, false, ARRAY [30], 0, 0, 1, 0, 10, 1, 10, false, false, false, false, false, false, null),
	(120, 'Outrider', 1, 10, false, ARRAY [20], 0, 0, 1, 0, 9, 1, 10, false, false, false, false, false, false, null),
	(121, 'Lancer', 1, 10, false, ARRAY [50], 0, 0, 1, 0, 10, 1, 12, false, false, false, false, false, false, null),
	(122, 'Lieutenant', 1, 10, false, ARRAY [65], 0, 1, 0, 0, 7, 1, 10, false, false, false, false, false, false, null),
	(123, 'Captain', 1, 10, false, ARRAY [85], 0, 1, 1, 0, 9, 2, 15, false, false, false, false, false, false, null),
	(124, 'Armorer', 1, 10, false, ARRAY [90], 0, 0, 1, 0, 7, 1, 15, false, false, false, false, false, false, null),
	(125, 'Bladesmith', 1, 10, false, ARRAY [80], 0, 0, 1, 0, 5, 1, 15, false, false, false, false, false, false, null),
	(126, 'Lord Protector', 1, 10, false, ARRAY [125], 0, 1, 1, 0, 10, 1, 60, false, false, false, false, false, false, null),
	(127, 'Griever', 1, 11, false, ARRAY [3], 0, 0, 0, 0, 3, 1, 0, false, false, false, false, false, false, null),
	(128, 'Wastrel', 1, 11, false, ARRAY [25], 0, 0, 0, 0, 6, 2, 3, false, false, false, false, false, false, null),
	(129, 'Thief', 1, 11, false, ARRAY [18], 1, 0, 0, 0, 6, 1, 6, false, false, false, false, false, false, null),
	(130, 'Assassin', 1, 11, false, ARRAY [15], 0, 0, 1, 0, 7, 1, 6, false, false, false, false, false, false, null),
	(131, 'Stalker', 1, 11, false, ARRAY [20], 0, 0, 0, 0, 8, 1, 8, false, false, false, false, false, false, null),
	(132, 'Deciever', 1, 11, false, ARRAY [35], 0, 1, 0, 0, 7, 1, 10, false, false, false, false, false, false, null),
	(133, 'Liar', 1, 11, false, ARRAY [25], 0, 1, 0, 0, 6, 1, 8, false, false, false, false, false, false, null),
	(134, 'Siren', 1, 11, false, ARRAY [55], 1, 0, 0, 0, 9, 2, 20, false, false, false, false, false, false, null),
	(135, 'Eremite', 1, 11, false, ARRAY [150], 0, 1, 0, 0, 12, 2, 15, false, false, false, false, false, false, null),
	(136, 'Recluse', 1, 11, false, ARRAY [225], 0, 0, 1, 5, 2, 1, 25, false, false, false, false, false, false, null),
	(137, 'City Born', 2, 12, true, ARRAY [12], 0, 0, 0, 4, 0, 1, 10, false, false, false, false, false, false, null),
	(138, 'Gifted Child', 2, 12, true, ARRAY [9], 0, 0, 0, 2, 0, 1, 4, false, false, false, false, false, false, null),
	(139, 'Runner', 2, 12, false, ARRAY [3], 0, 0, 1, 0, 3, 1, 7, false, false, false, false, false, false, null),
	(140, 'Urchin', 2, 12, false, ARRAY [2], 0, 0, 0, 0, 5, 1, 4, false, false, false, false, false, false, null),
	(141, 'Beggar', 2, 12, false, ARRAY [5], 0, 0, 0, 0, 7, 1, 4, false, false, false, false, false, false, null),
	(142, 'Courier', 2, 12, false, ARRAY [4], 0, 1, 0, 0, 4, 1, 8, false, false, false, false, false, false, null),
	(143, 'Laborer', 2, 12, false, ARRAY [4], 0, 0, 1, 0, 2, 2, 4, false, false, false, false, false, false, null),
	(144, 'Pilgrim', 2, 12, false, ARRAY [2], 0, 1, 0, 0, 4, 2, 3, false, false, false, false, false, false, null),
	(145, 'Groom', 2, 12, false, ARRAY [4], 0, 0, 1, 0, 6, 1, 5, false, false, false, false, false, false, null),
	(146, 'Duelist', 2, 12, false, ARRAY [4], 0, 0, 1, 0, 7, 1, 8, false, false, false, false, false, false, null),
	(147, 'Coin Clipper', 2, 12, false, ARRAY [6], 0, 1, 0, 0, 5, 1, 15, false, false, false, false, false, false, null),
	(148, 'Pickpocket', 2, 12, false, ARRAY [4], 0, 0, 1, 0, 5, 1, 8, false, false, false, false, false, false, null),
	(149, 'Street Thug', 2, 12, false, ARRAY [3], 0, 0, 1, 0, 5, 1, 5, false, false, false, false, false, false, null),
	(150, 'Criminal', 2, 12, false, ARRAY [5], 1, 0, 0, 0, 6, 2, 10, false, false, false, false, false, false, null),
	(151, 'Confidence Man', 2, 12, false, ARRAY [4], 0, 0, 0, 0, 5, 1, 12, false, false, false, false, false, false, null),
	(152, 'City Peddler', 2, 12, false, ARRAY [5], 0, 0, 0, 0, 7, 1, 10, false, false, false, false, false, false, null),
	(153, 'Sailor', 2, 12, false, ARRAY [5], 0, 0, 1, 0, 5, 1, 5, false, false, false, false, false, false, null),
	(154, 'Student', 2, 12, false, ARRAY [4], 0, 1, 0, 0, 11, 3, 5, false, false, false, false, false, false, null),
	(155, 'Ganymede', 2, 12, false, ARRAY [5], 0, 0, 0, 0, 5, 2, 15, false, false, false, false, false, false, null),
	(156, 'Dilettante', 2, 12, false, ARRAY [3], 0, 1, 0, 0, 4, 1, 8, false, false, false, false, false, false, null),
	(157, 'Neophyte Sorcerer', 2, 12, false, ARRAY [6], 0, 1, 0, 0, 6, 1, 12, false, false, false, false, false, false, null),
	(158, 'Temple Acolyte', 2, 12, false, ARRAY [5], 0, 1, 0, 0, 5, 1, 10, false, false, false, false, false, false, null),
	(159, 'Sculptor', 2, 12, false, ARRAY [5], 1, 0, 0, 0, 6, 2, 8, false, false, false, false, false, false, null),
	(160, 'Painter', 2, 12, false, ARRAY [5], 1, 0, 0, 0, 5, 2, 5, false, false, false, false, false, false, null),
	(161, 'Composer', 2, 12, false, ARRAY [4], 0, 1, 0, 0, 5, 2, 5, false, false, false, false, false, false, null),
	(162, 'Dramaturge', 2, 12, false, ARRAY [4], 0, 1, 0, 0, 5, 1, 5, false, false, false, false, false, false, null),
	(163, 'Performer', 2, 12, false, ARRAY [3], 0, 1, 0, 0, 6, 2, 5, false, false, false, false, false, false, null),
	(164, 'Tinkerer', 2, 12, false, ARRAY [7], 0, 1, 0, 0, 5, 2, 8, false, false, false, false, false, false, null),
	(165, 'Coal Man', 2, 12, false, ARRAY [4], 0, 0, 0, 0, 4, 2, 5, false, false, false, false, false, false, null),
	(166, 'Seamstress', 2, 12, false, ARRAY [5], 0, 0, 0, 0, 4, 1, 10, false, false, false, false, false, false, null),
	(167, 'Barkeep', 2, 12, false, ARRAY [5], 0, 0, 0, 0, 4, 1, 15, false, false, false, false, false, false, null),
	(168, 'Shopkeeper', 2, 12, false, ARRAY [6], 0, 1, 0, 0, 4, 0, 16, false, false, false, false, false, false, null),
	(169, 'Baker', 2, 12, false, ARRAY [6], 0, 0, 0, 0, 5, 1, 10, false, false, false, false, false, false, null),
	(170, 'Alewife', 2, 12, false, ARRAY [6], 0, 0, 1, 0, 5, 1, 12, false, false, false, false, false, false, null),
	(171, 'Conner', 2, 12, false, ARRAY [6], 0, 0, 0, 0, 5, 1, 12, false, false, false, false, false, false, null),
	(172, 'Clerk', 2, 12, false, ARRAY [4], 0, 1, 0, 0, 4, 1, 9, false, false, false, false, false, false, null),
	(173, 'Scribe', 2, 12, false, ARRAY [7], 0, 1, 0, 0, 5, 1, 10, false, false, false, false, false, false, null),
	(174, 'Accountant', 2, 12, false, ARRAY [10], 0, 1, 0, 0, 4, 1, 15, false, false, false, false, false, false, null),
	(175, 'Scholar', 2, 12, false, ARRAY [10], 0, 1, 0, 0, 11, 1, 15, false, false, false, false, false, false, null),
	(176, 'Moneylender', 2, 12, false, ARRAY [8], 0, 0, 0, 0, 4, 1, 20, false, false, false, false, false, false, null),
	(177, 'Tax Collector', 2, 12, false, ARRAY [5], 0, 1, 0, 0, 4, 1, 18, false, false, false, false, false, false, null),
	(178, 'Taskmaster', 2, 12, false, ARRAY [6], 1, 0, 0, 0, 5, 1, 15, false, false, false, false, false, false, null),
	(179, 'Mercenary Captain', 2, 12, false, ARRAY [5], 1, 0, 0, 0, 6, 2, 15, false, false, false, false, false, false, null),
	(180, 'City Guard', 2, 12, false, ARRAY [5], 0, 0, 1, 0, 5, 1, 9, false, false, false, false, false, false, null),
	(181, 'Sergeant-at-Arms', 2, 12, false, ARRAY [6], 0, 0, 1, 0, 6, 1, 11, false, false, false, false, false, false, null),
	(182, 'Guard Captain', 2, 12, false, ARRAY [6], 0, 1, 0, 0, 6, 1, 15, false, false, false, false, false, false, null),
	(183, 'Apprentice', 2, 12, false, ARRAY [7], 0, 0, 1, 0, 6, 2, 8, false, false, false, false, false, false, null),
	(184, 'Apprentice Artisan', 2, 12, false, ARRAY [8], 0, 0, 1, 0, 8, 1, 10, false, false, false, false, false, false, null),
	(185, 'Journeyman', 2, 12, false, ARRAY [6], 1, 0, 0, 0, 7, 1, 15, false, false, false, false, false, false, null),
	(186, 'Engraver', 2, 12, false, ARRAY [7], 0, 0, 1, 0, 4, 1, 15, false, false, false, false, false, false, null),
	(187, 'Saddler', 2, 12, false, ARRAY [8], 1, 0, 0, 0, 6, 1, 25, false, false, false, false, false, false, null),
	(188, 'Armorer', 2, 12, false, ARRAY [10], 0, 0, 0, 0, 7, 1, 25, false, false, false, false, false, false, null),
	(189, 'Plumber', 2, 12, false, ARRAY [7], 0, 1, 0, 0, 5, 1, 20, false, false, false, false, false, false, null),
	(190, 'Locksmith', 2, 12, false, ARRAY [8], 0, 1, 0, 0, 3, 1, 13, false, false, false, false, false, false, null),
	(191, 'Jeweler', 2, 12, false, ARRAY [9], 0, 0, 0, 0, 5, 1, 20, false, false, false, false, false, false, null),
	(192, 'Gaol Warden', 2, 12, false, ARRAY [4], 0, 0, 0, 0, 4, 1, 15, false, false, false, false, false, false, null),
	(193, 'Advocate', 2, 12, false, ARRAY [6], 0, 1, 0, 0, 6, 1, 25, false, false, false, false, false, false, null),
	(194, 'Doctor', 2, 12, false, ARRAY [7], 0, 1, 0, 0, 6, 2, 20, false, false, false, false, false, false, null),
	(195, 'Physician', 2, 12, false, ARRAY [5], 0, 1, 0, 0, 6, 1, 15, false, false, false, false, false, false, null),
	(196, 'Hospital Warden', 2, 12, false, ARRAY [4], 0, 0, 0, 0, 5, 2, 15, false, false, false, false, false, false, null),
	(197, 'Banker', 2, 12, false, ARRAY [10], 0, 0, 0, 2, 4, 1, 60, false, false, false, false, false, false, null),
	(198, 'Merchant', 2, 12, false, ARRAY [6], 0, 1, 0, 0, 6, 0, 30, false, false, false, false, false, false, null),
	(199, 'Sorcerer', 2, 12, false, ARRAY [6], 0, 1, 1, 0, 6, 1, 32, false, false, false, false, false, false, null),
	(200, 'Temple Priest', 2, 12, false, ARRAY [5], 0, 0, 0, 0, 8, 2, 20, false, false, false, false, false, false, null),
	(201, 'Judge', 2, 12, false, ARRAY [10], 0, 1, 0, 0, 5, 2, 30, false, false, false, false, false, false, null),
	(202, 'Municipal Minister', 2, 12, false, ARRAY [9], 0, 1, 0, 0, 6, 0, 30, false, false, false, false, false, false, null),
	(203, 'Artisan', 2, 12, false, ARRAY [10], 0, 1, 0, 0, 9, 1, 45, false, false, false, false, false, false, null),
	(204, 'Master Craftsman', 2, 12, false, ARRAY [10], 0, 1, 1, 3, 6, 2, 45, false, false, false, false, false, false, null),
	(205, 'Bishop', 2, 12, false, ARRAY [12], 0, 1, 0, 0, 5, 1, 60, false, false, false, false, false, false, null),
	(206, 'Magnate', 2, 12, false, ARRAY [12], 0, 1, 0, 1, 6, 2, 75, false, false, false, false, false, false, null),
	(207, 'City Wife', 2, 12, false, ARRAY [6], 0, 1, 0, 0, 2, 1, 5, false, false, false, false, false, false, null),
	(208, 'Evangelist', 2, 12, false, ARRAY [3], 1, 0, 0, 0, 5, 2, 6, false, false, false, false, false, false, null),
	(209, 'Supplicant', 2, 13, false, ARRAY [1], 0, 0, 0, 0, 2, 2, 3, false, false, false, false, false, false, null),
	(210, 'Junior Student', 2, 13, false, ARRAY [2], 0, 0, 1, 0, 8, 1, 5, false, false, false, false, false, false, null),
	(211, 'Senior Student', 2, 13, false, ARRAY [2], 0, 1, 0, 0, 8, 1, 10, false, false, false, false, false, false, null),
	(212, 'Adjunct', 2, 13, false, ARRAY [6], 0, 1, 0, 0, 7, 2, 10, false, false, false, false, false, false, null),
	(213, 'Master Sorcerer', 2, 13, false, ARRAY [8], 0, 1, 1, 0, 6, 1, 30, false, false, false, false, false, false, null),
	(214, 'Master Enchanter', 2, 13, false, ARRAY [8], 0, 1, 1, 0, 6, 1, 30, false, false, false, false, false, false, null),
	(215, 'Master Summoner', 2, 13, false, ARRAY [8], 0, 1, 1, 0, 8, 1, 20, false, false, false, false, false, false, null),
	(216, 'Researcher', 2, 13, false, ARRAY [10], 0, 0, 0, 0, 12, 2, 15, false, false, false, false, false, false, null),
	(217, 'Councillor', 2, 13, false, ARRAY [5], 0, 1, 0, 0, 6, 1, 45, false, false, false, false, false, false, null),
	(218, 'Headmaster', 2, 13, false, ARRAY [12], 0, 0, 0, 1, 7, 3, 50, false, false, false, false, false, false, null),
	(219, 'Harem Slave', 2, 14, false, ARRAY [3], 0, 0, 0, 0, 4, 2, 3, false, false, false, false, false, false, null),
	(220, 'Death Cultist', 2, 14, false, ARRAY [2], 0, 0, 0, 0, 3, 2, 5, false, false, false, false, false, false, null),
	(221, 'Grave Robber', 2, 14, false, ARRAY [3], 0, 0, 0, 0, 4, 2, 7, false, false, false, false, false, false, null),
	(222, 'Spy', 2, 14, false, ARRAY [4], 0, 1, 0, 0, 7, 1, 10, false, false, false, false, false, false, null),
	(223, 'Factotum', 2, 14, false, ARRAY [7], 1, 0, 0, 0, 7, 1, 15, false, false, false, false, false, false, null),
	(224, 'Tomb Guard', 2, 14, false, ARRAY [4], 0, 0, 1, 0, 5, 1, 10, false, false, false, false, false, false, null),
	(225, 'Death Priest', 2, 14, false, ARRAY [6], 0, 1, 0, 0, 6, 2, 25, false, false, false, false, false, false, null),
	(226, 'Death Artist', 2, 14, false, ARRAY [10], 1, 0, 0, 0, 8, 3, 20, false, false, false, false, false, false, null),
	(227, 'Born Noble', 2, 15, true, ARRAY [8], 0, 0, 0, 5, 0, 1, 15, false, false, false, false, false, false, null),
	(228, 'Bastard', 2, 15, false, ARRAY [6], 1, 0, 0, 0, 4, 2, 15, false, false, false, false, false, false, null),
	(229, 'Page', 2, 15, false, ARRAY [6], 0, 0, 1, 0, 7, 1, 15, false, false, false, false, false, false, null),
	(230, 'Student', 2, 15, false, ARRAY [4], 0, 1, 0, 0, 8, 1, 10, false, false, false, false, false, false, null),
	(231, 'Squire', 2, 15, false, ARRAY [6], 0, 1, 1, 0, 9, 1, 15, false, false, false, false, false, false, null),
	(232, 'Arcane Devotee', 2, 15, false, ARRAY [6], 0, 1, 0, 0, 6, 2, 10, false, false, false, false, false, false, null),
	(233, 'Religious Acolyte', 2, 15, false, ARRAY [5], 0, 1, 0, 0, 6, 2, 10, false, false, false, false, false, false, null),
	(234, 'Young Lady', 2, 15, false, ARRAY [10], 0, 1, 0, 0, 11, 2, 20, false, false, false, false, false, false, null),
	(235, 'Knight', 2, 15, false, ARRAY [5], 0, 0, 1, 0, 10, 2, 20, false, false, false, false, false, false, null),
	(236, 'Lady', 2, 15, false, ARRAY [5], 0, 1, 0, 0, 11, 1, 25, false, false, false, false, false, false, null),
	(237, 'Lord', 2, 15, false, ARRAY [7], 0, 1, 0, 1, 6, 1, 50, false, false, false, false, false, false, null),
	(238, 'Dame', 2, 15, false, ARRAY [7], 0, 1, 0, 2, 3, 1, 40, false, false, false, false, false, false, null),
	(239, 'Baron', 2, 15, false, ARRAY [8], 1, 0, 0, 1, 0, 1, 60, false, false, false, false, false, false, null),
	(240, 'Viscount', 2, 15, false, ARRAY [9], 1, 0, 0, 2, 0, 1, 65, false, false, false, false, false, false, null),
	(241, 'Count', 2, 15, false, ARRAY [10], 1, 0, 0, 3, 0, 1, 70, false, false, false, false, false, false, null),
	(242, 'Duke', 2, 15, false, ARRAY [10], 1, 0, 0, 3, 0, 1, 90, false, false, false, false, false, false, null),
	(243, 'Noble Prince', 2, 15, false, ARRAY [10], 1, 0, 0, 4, 0, 1, 100, false, false, false, false, false, false, null),
	(244, 'Prince of the Blood', 2, 15, false, ARRAY [1, 20], 0, 0, 0, 2, 0, 2, 60, false, false, false, false, false, false, 'Requires express permission from the GM and all players in the current game. Length of this lifepath is suject to GM''s approval.'),
	(245, 'Apt Pupil', 2, 16, false, ARRAY [3], 0, 0, 0, 0, 3, 1, 8, false, false, false, false, false, false, null),
	(246, 'Minstrel', 2, 16, false, ARRAY [4], 0, 1, 0, 0, 5, 1, 10, false, false, false, false, false, false, null),
	(247, 'Court Jester', 2, 16, false, ARRAY [5], 0, 0, 0, 0, 7, 3, 10, false, false, false, false, false, false, null),
	(248, 'Court Artist', 2, 16, false, ARRAY [6], 0, 0, 0, 0, 5, 1, 15, false, false, false, false, false, false, null),
	(249, 'Servant', 2, 16, false, ARRAY [6], 0, 0, 0, 0, 4, 2, 7, false, false, false, false, false, false, null),
	(250, 'Nurse', 2, 16, false, ARRAY [6], 0, 0, 0, 0, 5, 2, 7, false, false, false, false, false, false, null),
	(251, 'Groom', 2, 16, false, ARRAY [4], 0, 0, 1, 0, 5, 1, 5, false, false, false, false, false, false, null),
	(252, 'Gardener', 2, 16, false, ARRAY [10], 0, 0, 1, 0, 7, 2, 10, false, false, false, false, false, false, null),
	(253, 'Torturer', 2, 16, false, ARRAY [5], 0, 1, 0, 0, 5, 1, 10, false, false, false, false, false, false, null),
	(254, 'Forester', 2, 16, false, ARRAY [7], 1, 0, 0, 0, 8, 1, 9, false, false, false, false, false, false, null),
	(255, 'Student', 2, 16, false, ARRAY [4], 0, 1, 0, 0, 9, 1, 10, false, false, false, false, false, false, null),
	(256, 'Page', 2, 16, false, ARRAY [6], 0, 0, 1, 0, 6, 1, 15, false, false, false, false, false, false, null),
	(257, 'Man-at-Arms', 2, 16, false, ARRAY [6], 0, 0, 1, 0, 8, 1, 12, false, false, false, false, false, false, null),
	(258, 'Falconer', 2, 16, false, ARRAY [5], 1, 0, 0, 0, 4, 2, 10, false, false, false, false, false, false, null),
	(259, 'Huntsman', 2, 16, false, ARRAY [5], 1, 0, 0, 0, 8, 1, 12, false, false, false, false, false, false, null),
	(260, 'Herald', 2, 16, false, ARRAY [4], 0, 0, 0, 0, 4, 1, 10, false, false, false, false, false, false, null),
	(261, 'Court Chef', 2, 16, false, ARRAY [5], 0, 1, 0, 0, 5, 1, 14, false, false, false, false, false, false, null),
	(262, 'Squire', 2, 16, false, ARRAY [5], 0, 1, 1, 0, 9, 1, 14, false, false, false, false, false, false, null),
	(263, 'Young Lady', 2, 16, false, ARRAY [9], 0, 1, 0, 0, 10, 1, 25, false, false, false, false, false, false, null),
	(264, 'Knight', 2, 16, false, ARRAY [6], 0, 0, 1, 0, 7, 1, 20, false, false, false, false, false, false, null),
	(265, 'Courtier', 2, 16, false, ARRAY [5], 0, 1, 0, 0, 8, 2, 15, false, false, false, false, false, false, null),
	(266, 'Governess', 2, 16, false, ARRAY [8], 0, 0, 0, 0, 7, 1, 12, false, false, false, false, false, false, null),
	(267, 'Chaplain', 2, 16, false, ARRAY [5], 1, 0, 0, 0, 8, 1, 18, false, false, false, false, false, false, null),
	(268, 'Court Sorcerer', 2, 16, false, ARRAY [8], 0, 1, 0, 0, 7, 1, 32, false, false, false, false, false, false, null),
	(269, 'Court Lawyer', 2, 16, false, ARRAY [8], 0, 1, 0, 0, 6, 1, 25, false, false, false, false, false, false, null),
	(270, 'Court Doctor', 2, 16, false, ARRAY [8], 0, 1, 0, 0, 7, 1, 20, false, false, false, false, false, false, null),
	(271, 'Chronicler', 2, 16, false, ARRAY [10], 0, 1, 0, 0, 6, 2, 15, false, false, false, false, false, false, null),
	(272, 'Armorer', 2, 16, false, ARRAY [7], 0, 0, 1, 0, 9, 1, 25, false, false, false, false, false, false, null),
	(273, 'Atilliator', 2, 16, false, ARRAY [10], 0, 0, 1, 0, 6, 1, 30, false, false, false, false, false, false, null),
	(274, 'Court Priest', 2, 16, false, ARRAY [6], 0, 1, 0, 0, 5, 2, 20, false, false, false, false, false, false, null),
	(275, 'Steward', 2, 16, false, ARRAY [7], 0, 1, 0, 0, 6, 1, 15, false, false, false, false, false, false, null),
	(276, 'Master of Horses', 2, 16, false, ARRAY [8], 0, 0, 0, 0, 4, 1, 40, false, false, false, false, false, false, null),
	(277, 'Master of Hounds', 2, 16, false, ARRAY [7], 0, 0, 0, 0, 7, 1, 20, false, false, false, false, false, false, null),
	(278, 'Hostage', 2, 16, false, ARRAY [6], 0, 0, 0, 0, 4, 1, 0, false, false, false, false, false, true, null),
	(279, 'Bailiff', 2, 16, false, ARRAY [4], 1, 0, 0, 0, 7, 1, 15, false, false, false, false, false, false, null),
	(280, 'Justiciar', 2, 16, false, ARRAY [5], 1, 0, 0, 0, 6, 1, 15, false, false, false, false, false, false, null),
	(281, 'Coroner', 2, 16, false, ARRAY [6], 0, 0, 0, 0, 5, 1, 15, false, false, false, false, false, false, null),
	(282, 'Constable', 2, 16, false, ARRAY [6], 0, 1, 0, 0, 5, 1, 50, false, false, false, false, false, false, null),
	(283, 'Treasurer', 2, 16, false, ARRAY [7], 0, 0, 0, 0, 5, 1, 45, false, false, false, false, false, false, null),
	(284, 'Chamberlain', 2, 16, false, ARRAY [7], 0, 1, 0, 1, 5, 2, 30, false, false, false, false, false, false, null),
	(285, 'Advisor to the Court', 2, 16, false, ARRAY [1, 3], 1, 0, 0, 1, 1, 1, 10, true, false, true, false, false, false, null),
	(286, 'Court Enchanter', 2, 16, false, ARRAY [8], 0, 1, 0, 0, 5, 2, 20, false, false, false, false, false, false, null),
	(287, 'Court Summoner', 2, 16, false, ARRAY [8], 1, 0, 0, 0, 6, 2, 30, false, false, false, false, false, false, null),
	(288, 'Apt Pupil', 2, 17, false, ARRAY [3], 0, 0, 0, 0, 3, 1, 8, false, false, false, false, false, false, null),
	(289, 'Urchin', 2, 17, false, ARRAY [4], 0, 0, 0, 0, 4, 2, 3, false, false, false, false, false, false, null),
	(290, 'Apostate', 2, 17, false, ARRAY [3], 0, 0, 0, 0, 4, 1, 6, false, false, false, false, false, false, null),
	(291, 'Blackmailer', 2, 17, false, ARRAY [3], 0, 1, 0, 0, 4, 2, 10, false, false, false, false, false, false, null),
	(292, 'Kidnapper', 2, 17, false, ARRAY [3], 0, 1, 0, 0, 5, 2, 10, false, false, false, false, false, false, null),
	(293, 'Pillager', 2, 17, false, ARRAY [4], 0, 0, 0, 0, 4, 1, 7, false, false, false, false, false, false, null),
	(294, 'Vagrant', 2, 17, false, ARRAY [3], 0, 0, 0, 0, 4, 2, 5, false, false, false, false, false, false, null),
	(295, 'Cripple', 2, 17, false, ARRAY [6], 0, 0, 0, 0, 6, 2, 3, false, false, false, false, false, false, null),
	(296, 'Poacher', 2, 17, false, ARRAY [5], 1, 0, 0, 0, 6, 1, 5, false, false, false, false, false, false, null),
	(297, 'Deranged', 2, 17, false, ARRAY [6], 0, 0, 0, 0, 3, 2, 3, false, false, false, false, false, false, null),
	(298, 'Outlaw', 2, 17, false, ARRAY [4], 1, 0, 0, 0, 5, 1, 5, false, false, false, false, false, false, null),
	(299, 'Fence', 2, 17, false, ARRAY [6], 1, 0, 0, 0, 6, 2, 15, false, false, false, false, false, false, null),
	(300, 'Gravedigger', 2, 17, false, ARRAY [5], 0, 0, 0, 0, 6, 3, 4, false, false, false, false, false, false, null),
	(301, 'Ratcatcher', 2, 17, false, ARRAY [5], 0, 0, 0, 0, 4, 2, 4, false, false, false, false, false, false, null),
	(302, 'Beggar', 2, 17, false, ARRAY [3], 0, 0, 0, 0, 5, 2, 5, false, false, false, false, false, false, null),
	(303, 'Leper', 2, 17, false, ARRAY [4], -1, 0, 0, 0, 5, 3, 3, false, false, false, false, false, false, null),
	(304, 'Prostitute', 2, 17, false, ARRAY [5], 0, 0, 0, 0, 3, 2, 6, false, false, false, false, false, false, null),
	(305, 'Whoremonger', 2, 17, false, ARRAY [6], 0, 0, 0, 0, 5, 1, 12, false, false, false, false, false, false, null),
	(306, 'Itinerant Performer', 2, 17, false, ARRAY [4], 0, 0, 0, 0, 8, 2, 5, false, false, false, false, false, false, null),
	(307, 'Insurrectionist', 2, 17, false, ARRAY [3], 0, 0, 0, 0, 4, 2, 5, false, false, false, false, false, false, null),
	(308, 'Cultist', 2, 17, false, ARRAY [4], 0, 0, 0, 0, 5, 2, 8, false, false, false, false, false, false, null),
	(309, 'Poisoner', 2, 17, false, ARRAY [5], 0, 1, 0, 0, 5, 2, 8, false, false, false, false, false, false, null),
	(310, 'Thug', 2, 17, false, ARRAY [4], 0, 0, 0, 0, 4, 2, 7, false, false, false, false, false, false, null),
	(311, 'Desperate Killer', 2, 17, false, ARRAY [3], 0, 0, 0, 0, 5, 2, 5, false, false, false, false, false, false, null),
	(312, 'Bandit', 2, 17, false, ARRAY [3], 0, 0, 1, 0, 4, 1, 7, false, false, false, false, false, false, null),
	(313, 'Pirate', 2, 17, false, ARRAY [4], 0, 0, 0, 0, 6, 2, 5, false, false, false, false, false, false, null),
	(314, 'Smuggler', 2, 17, false, ARRAY [4], 0, 1, 0, 0, 6, 2, 15, false, false, false, false, false, false, null),
	(315, 'Freebooter', 2, 17, false, ARRAY [4], 0, 0, 1, 0, 8, 2, 10, false, false, false, false, false, false, null),
	(316, 'Strider', 2, 17, false, ARRAY [5], 0, 0, 1, 0, 9, 2, 6, false, false, false, false, false, false, null),
	(317, 'Mad Summoner', 2, 17, false, ARRAY [8], 1, 0, 0, 0, 6, 2, 20, false, false, false, false, false, false, null),
	(318, 'Rogue Wizard', 2, 17, false, ARRAY [6], 0, 1, 1, 0, 8, 3, 24, false, false, false, false, false, false, null),
	(319, 'Crazy Witch', 2, 17, false, ARRAY [6], 1, 0, 0, 0, 5, 2, 6, false, false, false, false, false, false, null),
	(320, 'Heretic Priest', 2, 17, false, ARRAY [7], 0, 0, 0, 0, 7, 2, 6, false, false, false, false, false, false, null),
	(321, 'Thinker', 2, 17, false, ARRAY [15], 0, 1, 0, 1, 6, 2, 5, false, false, false, false, false, false, null),
	(322, 'Demented Inventor', 2, 17, false, ARRAY [7], 0, 1, 0, 0, 6, 2, 15, false, false, false, false, false, false, null),
	(323, 'Evil Necromancer', 2, 17, false, ARRAY [10], 0, 1, 1, 0, 4, 2, 20, false, false, false, false, false, false, null),
	(324, 'Neophyte Sorcerer', 2, 17, false, ARRAY [6], 0, 1, 0, 0, 6, 1, 12, false, false, false, false, false, false, null),
	(325, 'Defiler', 2, 17, false, ARRAY [5], 0, 1, 1, 0, 7, 2, 32, false, false, false, false, false, false, null),
	(326, 'Preserver', 2, 17, false, ARRAY [7], 0, 1, 1, 0, 6, 2, 28, false, false, false, false, false, false, null),
	(327, 'Desert Hermit', 2, 17, false, ARRAY [6], 0, 0, 0, 0, 5, 3, 4, false, false, false, false, false, false, null),
	(328, 'Oasis Witch', 2, 17, false, ARRAY [5], 1, 0, 0, 0, 6, 2, 20, false, false, false, false, false, false, null),
	(329, 'Bandit Lord', 2, 17, false, ARRAY [6], 1, 0, 0, 0, 7, 2, 15, false, false, false, false, false, false, null),
	(330, 'Scavenger', 2, 17, false, ARRAY [4], 1, 0, 0, 0, 5, 2, 3, false, false, false, false, false, false, null),
	(331, 'Monster Hunter', 2, 17, false, ARRAY [4], 0, 0, 0, 0, 7, 2, 6, false, false, false, false, false, false, null),
	(332, 'Ravager', 2, 17, false, ARRAY [6], 1, 0, 0, 0, 5, 2, 25, false, false, false, false, false, false, null),
	(333, 'Bonecaster', 2, 17, false, ARRAY [10], 0, 1, 1, 0, 7, 3, 20, false, false, false, false, false, false, null),
	(334, 'Born Peasant', 2, 18, true, ARRAY [8], 0, 0, 0, 3, 0, 2, 3, false, false, false, false, false, false, null),
	(335, 'Gifted Child', 2, 18, true, ARRAY [9], 0, 0, 0, 2, 0, 1, 4, false, false, false, false, false, false, null),
	(336, 'Farmer', 2, 18, false, ARRAY [8], 0, 0, 1, 0, 8, 1, 5, false, false, false, false, false, false, null),
	(337, 'Head of Household', 2, 18, false, ARRAY [15], 0, 1, 0, 0, 8, 2, 20, false, false, false, false, false, false, null),
	(338, 'Midwife', 2, 18, false, ARRAY [10], 0, 1, 0, 0, 7, 2, 15, false, false, false, false, false, false, null),
	(339, 'Lazy Stayabout', 2, 18, false, ARRAY [7], 0, 0, 0, 0, 3, 1, 3, false, false, false, false, false, false, null),
	(340, 'Conscript', 2, 18, false, ARRAY [1], 0, 0, 0, 0, 2, 1, 4, false, false, false, false, false, false, null),
	(341, 'Peasant Pilgrim', 2, 18, false, ARRAY [3], 0, 0, 0, 0, 3, 2, 4, false, false, false, false, false, false, null),
	(342, 'Miller', 2, 18, false, ARRAY [7], 0, 0, 0, 0, 5, 1, 15, false, false, false, false, false, false, null),
	(343, 'Fisherman', 2, 18, false, ARRAY [6], 0, 0, 1, 0, 6, 2, 5, false, false, false, false, false, false, null),
	(344, 'Shepherd', 2, 18, false, ARRAY [4], 0, 0, 1, 0, 5, 1, 4, false, false, false, false, false, false, null),
	(345, 'Woodcutter', 2, 18, false, ARRAY [3], 0, 0, 1, 0, 5, 1, 5, false, false, false, false, false, false, null),
	(346, 'Hunter', 2, 18, false, ARRAY [5], 0, 1, 1, 0, 7, 1, 6, false, false, false, false, false, false, null),
	(347, 'Trapper', 2, 18, false, ARRAY [5], 0, 1, 1, 0, 6, 1, 8, false, false, false, false, false, false, null),
	(348, 'Peddler', 2, 18, false, ARRAY [5], 0, 1, 0, 0, 7, 2, 10, false, false, false, false, false, false, null),
	(349, 'Elder', 2, 18, false, ARRAY [15], 0, 1, 0, 0, 6, 1, 5, false, false, false, false, false, false, null),
	(350, 'Augur', 2, 18, false, ARRAY [5], 0, 1, 0, 0, 4, 2, 10, false, false, false, false, false, false, null),
	(351, 'Itinerant Priest', 2, 18, false, ARRAY [6], 0, 1, 0, 0, 7, 2, 8, false, false, false, false, false, false, null),
	(352, 'Recluse Wizard', 2, 18, false, ARRAY [15], 0, 1, 0, 0, 7, 2, 28, false, false, false, false, false, false, null),
	(353, 'Country Wife', 2, 18, false, ARRAY [10], 0, 1, 1, 0, 2, 1, 5, false, false, false, false, false, false, null),
	(354, 'Speaker of Names', 2, 18, false, ARRAY [7], 0, 1, 0, 0, 6, 2, 20, false, false, false, false, false, false, null),
	(355, 'Apt Pupil', 2, 19, false, ARRAY [3], 0, 0, 0, 0, 3, 1, 8, false, false, false, false, false, false, null),
	(356, 'Runner', 2, 19, false, ARRAY [3], 0, 0, 1, 0, 4, 2, 5, false, false, false, false, false, false, null),
	(357, 'Apprentice', 2, 19, false, ARRAY [4], 0, 0, 1, 0, 6, 2, 6, false, false, false, false, false, false, null),
	(358, 'Musician', 2, 19, false, ARRAY [3], 0, 1, 0, 0, 4, 1, 5, false, false, false, false, false, false, null),
	(359, 'Foot Soldier', 2, 19, false, ARRAY [3], 0, 0, 1, 0, 6, 1, 6, false, false, false, false, false, false, null),
	(360, 'Archer', 2, 19, false, ARRAY [3], 0, 0, 1, 0, 5, 1, 5, false, false, false, false, false, false, null),
	(361, 'Crossbowman', 2, 19, false, ARRAY [4], 0, 0, 1, 0, 6, 1, 8, false, false, false, false, false, false, null),
	(362, 'Sailor', 2, 19, false, ARRAY [5], 0, 0, 1, 0, 6, 1, 5, false, false, false, false, false, false, null),
	(363, 'Herald', 2, 19, false, ARRAY [3], 0, 1, 0, 0, 4, 1, 7, false, false, false, false, false, false, null),
	(364, 'Bannerman', 2, 19, false, ARRAY [3], 0, 0, 1, 0, 5, 2, 7, false, false, false, false, false, false, null),
	(365, 'Scout', 2, 19, false, ARRAY [3], 0, 0, 1, 0, 5, 1, 4, false, false, false, false, false, false, null),
	(366, 'Sergeant', 2, 19, false, ARRAY [5], 1, 0, 0, 0, 6, 1, 8, false, false, false, false, false, false, null),
	(367, 'Veteran', 2, 19, false, ARRAY [8], 0, 0, 0, 0, 5, 2, 20, false, false, false, false, false, false, null),
	(368, 'Cavalryman', 2, 19, false, ARRAY [4], 0, 0, 1, 0, 10, 1, 9, false, false, false, false, false, false, null),
	(369, 'Journeyman', 2, 19, false, ARRAY [5], 1, 0, 0, 0, 5, 1, 15, false, false, false, false, false, false, null),
	(370, 'Armorer', 2, 19, false, ARRAY [8], 0, 1, 0, 0, 9, 1, 20, false, false, false, false, false, false, null),
	(371, 'Atilliator', 2, 19, false, ARRAY [10], 0, 0, 1, 0, 6, 1, 22, false, false, false, false, false, false, null),
	(372, 'Chaplain', 2, 19, false, ARRAY [5], 1, 0, 0, 0, 6, 1, 15, false, false, false, false, false, false, null),
	(373, 'Engineer', 2, 19, false, ARRAY [5], 0, 1, 0, 0, 6, 1, 18, false, false, false, false, false, false, null),
	(374, 'Wizard of War', 2, 19, false, ARRAY [4], 0, 1, 0, 0, 7, 1, 20, false, false, false, false, false, false, null),
	(375, 'Quartermaster', 2, 19, false, ARRAY [5], 0, 1, 0, 0, 6, 1, 17, false, false, false, false, false, false, null),
	(376, 'Captain', 2, 19, false, ARRAY [6], 0, 1, 1, 0, 9, 2, 35, false, false, false, false, false, false, null),
	(377, 'Apt Pupil', 2, 20, false, ARRAY [3], 0, 0, 0, 0, 3, 1, 8, false, false, false, false, false, false, null),
	(378, 'Castrati', 2, 20, false, ARRAY [7], 0, 1, 0, 0, 7, 3, 15, false, false, false, false, false, false, null),
	(379, 'Pardoner', 2, 20, false, ARRAY [5], 0, 0, 0, 0, 5, 1, 12, false, false, false, false, false, false, null),
	(380, 'Zealous Convert', 2, 20, false, ARRAY [4], 0, 0, 0, 0, 4, 3, 10, false, false, false, false, false, false, null),
	(381, 'Military Order', 2, 20, false, ARRAY [3], 0, 1, 1, 0, 5, 2, 7, false, false, false, false, false, false, null),
	(382, 'Grave Digger', 2, 20, false, ARRAY [4], 0, 0, 0, 0, 4, 2, 6, false, false, false, false, false, false, null),
	(383, 'Porter', 2, 20, false, ARRAY [3], 0, 0, 0, 0, 4, 1, 5, false, false, false, false, false, false, null),
	(384, 'Notary', 2, 20, false, ARRAY [4], 0, 0, 0, 0, 4, 1, 15, false, false, false, false, false, false, null),
	(385, 'Custodian', 2, 20, false, ARRAY [5], 0, 1, 0, 0, 7, 2, 10, false, false, false, false, false, false, null),
	(386, 'Interpreter', 2, 20, false, ARRAY [5], 0, 0, 0, 0, 7, 2, 10, false, false, false, false, false, false, null),
	(387, 'Archivist', 2, 20, false, ARRAY [7], 0, 1, 0, 0, 5, 1, 8, false, false, false, false, false, false, null),
	(388, 'Itinerant Monk', 2, 20, false, ARRAY [6], 0, 0, 0, 0, 7, 2, 6, false, false, false, false, false, false, null),
	(389, 'Cloistered Nun', 2, 20, false, ARRAY [10], 0, 0, 0, 0, 6, 1, 12, false, false, false, false, false, false, null),
	(390, 'Temple Acolyte', 2, 20, false, ARRAY [6], 0, 1, 0, 0, 4, 1, 5, false, false, false, false, false, false, null),
	(391, 'Priest', 2, 20, false, ARRAY [5], 0, 1, 0, 0, 7, 2, 18, false, false, false, false, false, false, null),
	(392, 'Exorcist', 2, 20, false, ARRAY [6], 0, 1, 0, 0, 9, 2, 10, false, false, false, false, false, false, null),
	(393, 'Inquisitor', 2, 20, false, ARRAY [6], 1, 0, 0, 0, 6, 2, 15, false, false, false, false, false, false, null),
	(394, 'Theologian', 2, 20, false, ARRAY [10], 0, 1, 0, 0, 10, 2, 9, false, false, false, false, false, false, null),
	(395, 'Archpriest', 2, 20, false, ARRAY [5], 1, 0, 0, 0, 10, 2, 25, false, false, false, false, false, false, null),
	(396, 'Canon', 2, 20, false, ARRAY [10], 1, 0, 0, 0, 6, 1, 45, false, false, false, false, false, false, null),
	(397, 'Abbot/Abbess', 2, 20, false, ARRAY [10], 0, 1, 0, 2, 6, 1, 45, false, false, false, false, false, false, null),
	(398, 'Bishop', 2, 20, false, ARRAY [8], 0, 0, 0, 0, 7, 2, 45, false, false, false, false, false, false, null),
	(399, 'Acolyte', 2, 20, false, ARRAY [6], 0, 1, 0, 0, 5, 1, 5, false, false, false, false, false, false, null),
	(400, 'Clerk', 2, 20, false, ARRAY [4], 0, 1, 0, 0, 4, 1, 9, false, false, false, false, false, false, null),
	(401, 'Scribe', 2, 20, false, ARRAY [7], 0, 1, 0, 0, 5, 1, 10, false, false, false, false, false, false, null),
	(402, 'Templar', 2, 20, false, ARRAY [5], 0, 1, 0, 0, 7, 2, 18, false, false, false, false, false, false, null),
	(403, 'High Templar', 2, 20, false, ARRAY [5], 1, 0, 0, 0, 10, 2, 25, false, false, false, false, false, false, null),
	(404, 'Royal Advisor', 2, 20, false, ARRAY [8], 0, 0, 0, 0, 7, 2, 45, false, false, false, false, false, false, null),
	(405, 'Son of a Gun', 2, 21, true, ARRAY [8], 0, 0, 0, 3, 0, 2, 3, false, false, false, false, false, false, null),
	(406, 'Gifted Child', 2, 21, true, ARRAY [9], 0, 0, 0, 2, 0, 1, 4, false, false, false, false, false, false, null),
	(407, 'Boy', 2, 21, false, ARRAY [4], 0, 0, 0, 0, 4, 1, 8, false, false, false, false, false, false, null),
	(408, 'Galley Slave', 2, 21, false, ARRAY [6], 0, 0, 0, 0, 3, 3, 3, false, false, false, false, false, false, null),
	(409, 'Ratcatcher', 2, 21, false, ARRAY [6], 0, 0, 0, 0, 5, 3, 4, false, false, false, false, false, false, null),
	(410, 'Landsman', 2, 21, false, ARRAY [4], 0, 0, 0, 0, 3, 1, 5, false, false, false, false, false, false, null),
	(411, 'Drummer', 2, 21, false, ARRAY [5], 0, 0, 0, 0, 3, 2, 6, false, false, false, false, false, false, null),
	(412, 'Sailor', 2, 21, false, ARRAY [5], 0, 0, 1, 0, 6, 2, 7, false, false, false, false, false, false, null),
	(413, 'Crazy Old Sailor', 2, 21, false, ARRAY [10], 0, 1, 0, 0, 3, 3, 8, false, false, false, false, false, false, null),
	(414, 'Purser', 2, 21, false, ARRAY [4], 0, 0, 0, 0, 4, 2, 9, false, false, false, false, false, false, null),
	(415, 'Signalman', 2, 21, false, ARRAY [5], 0, 1, 0, 0, 5, 1, 8, false, false, false, false, false, false, null),
	(416, 'Pilot', 2, 21, false, ARRAY [4], 0, 0, 0, 0, 5, 2, 8, false, false, false, false, false, false, null),
	(417, 'Marine', 2, 21, false, ARRAY [4], 0, 0, 1, 0, 4, 1, 10, false, false, false, false, false, false, null),
	(418, 'Bosun', 2, 21, false, ARRAY [5], 0, 0, 0, 0, 3, 1, 8, false, false, false, false, false, false, null),
	(419, 'Sailmaker', 2, 21, false, ARRAY [5], 0, 0, 1, 0, 5, 1, 9, false, false, false, false, false, false, null),
	(420, 'Ship''s Doctor', 2, 21, false, ARRAY [6], 0, 1, 0, 0, 8, 3, 15, false, false, false, false, false, false, null),
	(421, 'Ship''s Cook', 2, 21, false, ARRAY [5], 0, 1, 0, 0, 6, 3, 10, false, false, false, false, false, false, null),
	(422, 'Ship''s Chaplain', 2, 21, false, ARRAY [5], 0, 0, 0, 0, 4, 2, 15, false, false, false, false, false, false, null),
	(423, 'Weather Witch', 2, 21, false, ARRAY [5], 1, 0, 0, 0, 6, 2, 20, false, false, false, false, false, false, null),
	(424, 'Navigator', 2, 21, false, ARRAY [6], 0, 1, 0, 0, 6, 1, 15, false, false, false, false, false, false, null),
	(425, 'Carpenter''s Mate', 2, 21, false, ARRAY [6], 0, 0, 1, 0, 5, 2, 8, false, false, false, false, false, false, null),
	(426, 'Ship''s Carpenter', 2, 21, false, ARRAY [4], 0, 0, 1, 0, 6, 1, 16, false, false, false, false, false, false, null),
	(427, 'Artillerist''s Mate', 2, 21, false, ARRAY [4], 0, 1, 0, 0, 4, 1, 8, false, false, false, false, false, false, null),
	(428, 'Engineer', 2, 21, false, ARRAY [4], 0, 1, 0, 0, 6, 1, 25, false, false, false, false, false, false, null),
	(429, 'Officer''s Mate', 2, 21, false, ARRAY [4], 1, 0, 0, 0, 4, 3, 10, false, false, false, false, false, false, null),
	(430, 'Steward', 2, 21, false, ARRAY [6], 0, 1, 0, 0, 5, 1, 20, false, false, false, false, false, false, null),
	(431, 'First Mate', 2, 21, false, ARRAY [6], 0, 1, 0, 0, 6, 1, 18, false, false, false, false, false, false, null),
	(432, 'Ship''s Captain', 2, 21, false, ARRAY [7], 0, 1, 0, 2, 6, 2, 30, false, false, false, false, false, false, null),
	(433, 'Born Slave', 2, 22, true, ARRAY [12], -1, 0, 0, 2, 1, 3, 5, false, false, false, false, false, false, null),
	(434, 'Gifted Child', 2, 22, true, ARRAY [9], 0, 0, 0, 2, 0, 1, 4, false, false, false, false, false, false, null),
	(435, 'Ditch Digger', 2, 22, false, ARRAY [4], 0, 0, 0, 0, 3, 2, 4, false, false, false, false, false, false, null),
	(436, 'Servant', 2, 22, false, ARRAY [5], 0, 0, 0, 0, 3, 2, 6, false, false, false, false, false, false, null),
	(437, 'Field Laborer', 2, 22, false, ARRAY [6], 0, 0, 0, 0, 7, 3, 5, false, false, false, false, false, false, null),
	(438, 'Captive of War', 2, 22, false, ARRAY [4], 0, 0, 0, 0, 2, 2, 4, false, false, false, false, false, false, null),
	(439, 'Gaol', 2, 22, false, ARRAY [3], 0, 0, 0, 0, 3, 2, 3, false, false, false, false, false, false, null),
	(440, 'Harem Slave', 2, 22, false, ARRAY [5], 0, 0, 0, 0, 3, 2, 4, false, false, false, false, false, false, null),
	(441, 'Bondsman', 2, 22, false, ARRAY [7], 0, 0, 0, 0, 0, 2, 7, false, false, false, false, false, false, null),
	(442, 'Born Mule', 2, 22, true, ARRAY [10], 0, 0, 1, 2, 0, 2, 3, false, false, false, false, false, false, null),
	(443, 'Slave Soldier', 2, 22, false, ARRAY [4], 0, 0, 1, 0, 4, 2, 5, false, false, false, false, false, false, null),
	(444, 'Mamluk', 2, 22, false, ARRAY [5], 1, 0, 0, 0, 5, 1, 10, false, false, false, false, false, false, null),
	(445, 'Child Attendant', 2, 22, false, ARRAY [2], 0, 0, 0, 0, 3, 2, 5, false, false, false, false, false, false, null),
	(446, 'Slave Doctor', 2, 22, false, ARRAY [8], 0, 1, 0, 0, 4, 2, 8, false, false, false, false, false, false, null),
	(447, 'Slave Artist', 2, 22, false, ARRAY [5], 0, 1, 0, 0, 4, 2, 6, false, false, false, false, false, false, null),
	(448, 'Slave Performer', 2, 22, false, ARRAY [4], 0, 1, 0, 0, 3, 2, 3, false, false, false, false, false, false, null),
	(449, 'Slave Musician', 2, 22, false, ARRAY [7], 0, 1, 0, 0, 4, 3, 5, false, false, false, false, false, false, null),
	(450, 'Slave Scribe', 2, 22, false, ARRAY [7], 0, 0, 0, 0, 4, 2, 5, false, false, false, false, false, false, null),
	(451, 'Quarry Slave', 2, 22, false, ARRAY [8], 0, 0, 1, 0, 3, 2, 4, false, false, false, false, false, false, null),
	(452, 'Foreman', 2, 22, false, ARRAY [10], 1, 0, 0, 0, 5, 2, 8, false, false, false, false, false, false, null),
	(453, 'Arena Slave', 2, 22, false, ARRAY [3], 0, 0, 1, 0, 2, 2, 5, false, false, false, false, false, false, null),
	(454, 'Gladiator', 2, 22, false, ARRAY [5], 0, 0, 1, 0, 5, 2, 8, false, false, false, false, false, false, null),
	(455, 'Champion', 2, 22, false, ARRAY [6], 0, 0, 1, 0, 6, 2, 10, false, false, false, false, false, false, null),
	(456, 'Enslaved', 2, 22, false, ARRAY [3], 0, 0, 0, 0, 2, 2, 3, false, false, false, false, false, false, null),
	(457, 'Tortured', 2, 22, false, ARRAY [2], 0, 0, -1, 0, 2, 3, 2, false, false, false, false, false, false, null),
	(458, 'Drover', 2, 22, false, ARRAY [3], 0, 0, 1, 0, 4, 2, 5, false, false, false, false, false, false, null),
	(459, 'Beast Handler', 2, 22, false, ARRAY [6], 1, 0, 0, 0, 5, 2, 8, false, false, false, false, false, false, null),
	(460, 'Laborer', 2, 22, false, ARRAY [4], 0, 0, 0, 0, 2, 2, 2, false, false, false, false, false, false, null),
	(461, 'Farmer', 2, 22, false, ARRAY [8], 0, 0, 1, 0, 8, 1, 5, false, false, false, false, false, false, null),
	(462, 'Shepherd', 2, 22, false, ARRAY [4], 0, 0, 1, 0, 5, 1, 4, false, false, false, false, false, false, null),
	(463, 'Taskmaster', 2, 22, false, ARRAY [6], 0, 1, 0, 0, 4, 2, 7, false, false, false, false, false, false, null),
	(464, 'Concubine', 2, 22, false, ARRAY [5], 0, 0, 0, 0, 5, 2, 10, false, false, false, false, false, false, null),
	(465, 'Village Born', 2, 23, true, ARRAY [10], 0, 0, 0, 3, 0, 2, 4, false, false, false, false, false, false, null),
	(466, 'Gifted Child', 2, 23, true, ARRAY [9], 0, 0, 0, 2, 0, 1, 4, false, false, false, false, false, false, null),
	(467, 'Kid', 2, 23, false, ARRAY [4], 0, 0, 1, 0, 3, 1, 3, false, false, false, false, false, false, null),
	(468, 'Idiot', 2, 23, false, ARRAY [10], 0, 0, 0, 0, 4, 1, 4, false, false, false, false, false, false, null),
	(469, 'Pilgrim', 2, 23, false, ARRAY [2], 0, 0, 0, 0, 5, 2, 4, false, false, false, false, false, false, null),
	(470, 'Conscript', 2, 23, false, ARRAY [1], 0, 0, 0, 0, 2, 1, 5, false, false, false, false, false, false, null),
	(471, 'Groom', 2, 23, false, ARRAY [4], 0, 0, 0, 0, 4, 1, 7, false, false, false, false, false, false, null),
	(472, 'Runner', 2, 23, false, ARRAY [4], 0, 0, 1, 0, 3, 1, 6, false, false, false, false, false, false, null),
	(473, 'Village Peddler', 2, 23, false, ARRAY [5], 0, 1, 0, 0, 7, 2, 10, false, false, false, false, false, false, null),
	(474, 'Shopkeeper', 2, 23, false, ARRAY [6], 0, 0, 0, 0, 5, 1, 15, false, false, false, false, false, false, null),
	(475, 'Clerk', 2, 23, false, ARRAY [4], 0, 0, 0, 0, 4, 1, 9, false, false, false, false, false, false, null),
	(476, 'Sailor', 2, 23, false, ARRAY [5], 0, 0, 1, 0, 6, 1, 5, false, false, false, false, false, false, null),
	(477, 'Laborer', 2, 23, false, ARRAY [4], 0, 0, 1, 0, 2, 2, 4, false, false, false, false, false, false, null),
	(478, 'Miner', 2, 23, false, ARRAY [3], 0, 0, 1, 0, 2, 3, 7, false, false, false, false, false, false, null),
	(479, 'Taskmaster', 2, 23, false, ARRAY [6], 0, 0, 0, 0, 5, 1, 15, false, false, false, false, false, false, null),
	(480, 'Serving Girl', 2, 23, false, ARRAY [3], 0, 1, 0, 0, 4, 2, 5, false, false, false, false, false, false, null),
	(481, 'Hosteller', 2, 23, false, ARRAY [6], 0, 0, 0, 0, 5, 1, 15, false, false, false, false, false, false, null),
	(482, 'Village Tough', 2, 23, false, ARRAY [3], 0, 0, 1, 0, 4, 1, 7, false, false, false, false, false, false, null),
	(483, 'Village Sergeant', 2, 23, false, ARRAY [5], 1, 0, 0, 0, 6, 1, 9, false, false, false, false, false, false, null),
	(484, 'Corrupt Sergeant', 2, 23, false, ARRAY [5], 1, 0, 0, 0, 6, 1, 12, false, false, false, false, false, false, null),
	(485, 'Tailor', 2, 23, false, ARRAY [5], 0, 0, 0, 0, 5, 1, 12, false, false, false, false, false, false, null),
	(486, 'Tax Collector', 2, 23, false, ARRAY [5], 0, 1, 0, 0, 4, 1, 15, false, false, false, false, false, false, null),
	(487, 'Cobbler', 2, 23, false, ARRAY [8], 0, 0, 0, 0, 4, 1, 20, false, false, false, false, false, false, null),
	(488, 'Farrier', 2, 23, false, ARRAY [5], 0, 0, 0, 0, 4, 1, 12, false, false, false, false, false, false, null),
	(489, 'Butcher', 2, 23, false, ARRAY [6], 0, 0, 0, 0, 4, 2, 15, false, false, false, false, false, false, null),
	(490, 'Barber', 2, 23, false, ARRAY [7], 0, 0, 0, 0, 5, 1, 10, false, false, false, false, false, false, null),
	(491, 'Brewer', 2, 23, false, ARRAY [8], 0, 0, 0, 0, 4, 1, 15, false, false, false, false, false, false, null),
	(492, 'Acolyte', 2, 23, false, ARRAY [7], 0, 1, 0, 0, 6, 2, 10, false, false, false, false, false, false, null),
	(493, 'Failed Acolyte', 2, 23, false, ARRAY [6], 0, 0, 0, 0, 4, 2, 8, false, false, false, false, false, false, null),
	(494, 'Village Priest', 2, 23, false, ARRAY [8], 0, 1, 0, 0, 5, 2, 15, false, false, false, false, false, false, null),
	(495, 'Venal Priest', 2, 23, false, ARRAY [9], 0, 1, 0, 0, 6, 2, 20, false, false, false, false, false, false, null),
	(496, 'Apprentice', 2, 23, false, ARRAY [7], 0, 0, 1, 0, 6, 2, 7, false, false, false, false, false, false, null),
	(497, 'Journeyman', 2, 23, false, ARRAY [6], 1, 0, 0, 0, 5, 1, 15, false, false, false, false, false, false, null),
	(498, 'Cloth Dyer', 2, 23, false, ARRAY [5], 0, 1, 0, 0, 6, 1, 20, false, false, false, false, false, false, null),
	(499, 'Bowyer', 2, 23, false, ARRAY [6], 0, 0, 0, 0, 4, 1, 15, false, false, false, false, false, false, null),
	(500, 'Master Craftsman', 2, 23, false, ARRAY [10], 0, 1, 1, 0, 6, 1, 30, false, false, false, false, false, false, null),
	(501, 'Vintner', 2, 23, false, ARRAY [10], 0, 1, 0, 0, 4, 1, 40, false, false, false, false, false, false, null),
	(502, 'Apiarist', 2, 23, false, ARRAY [8], 0, 1, 0, 0, 4, 2, 20, false, false, false, false, false, false, null),
	(503, 'Mining Engineer', 2, 23, false, ARRAY [8], 0, 1, 0, 0, 5, 1, 15, false, false, false, false, false, false, null),
	(504, 'Town Official', 2, 23, false, ARRAY [5], 0, 1, 0, 0, 8, 1, 25, false, false, false, false, false, false, null),
	(505, 'Merchant', 2, 23, false, ARRAY [7], 0, 1, 0, 0, 6, 1, 30, false, false, false, false, false, false, null),
	(506, 'Village Wife', 2, 23, false, ARRAY [8], 0, 1, 1, 0, 2, 1, 5, false, false, false, false, false, false, 'Players who take the Village Wife lifepath may also choose their husband''s lifepath from the Villager setting. The Village Wife may choose from her husband''s skills she gets half of his skill points (including General points), rounded down and she gets half of her husband''s resources.'),
	(507, 'Wizard''s Apprentice', 2, 23, false, ARRAY [7], 0, 1, 0, 0, 6, 2, 10, false, false, false, false, false, false, null),
	(508, 'Hedge Wizard', 2, 23, false, ARRAY [8], 0, 1, 1, 0, 7, 2, 24, false, false, false, false, false, false, null),
	(509, 'Born Free', 2, 24, true, ARRAY [8], 0, 0, 0, 2, 2, 2, 3, false, false, false, false, false, false, null),
	(510, 'Forager', 2, 24, false, ARRAY [5], 1, 0, 0, 0, 5, 2, 5, false, false, false, false, false, false, null),
	(511, 'Hunter', 2, 24, false, ARRAY [5], 0, 1, 1, 0, 7, 1, 5, false, false, false, false, false, false, null),
	(512, 'Apprentice', 2, 24, false, ARRAY [6], 0, 0, 1, 0, 6, 1, 6, false, false, false, false, false, false, null),
	(513, 'Herder', 2, 24, false, ARRAY [4], 0, 0, 1, 0, 5, 1, 4, false, false, false, false, false, false, null),
	(514, 'Lost in the Desert', 2, 24, false, ARRAY [1], 0, 0, 0, 0, 3, 2, 2, false, false, false, false, false, false, null),
	(515, 'Strange', 2, 24, false, ARRAY [4], 0, 1, 0, 0, 3, 3, 3, false, false, false, false, false, false, null),
	(516, 'Pathfinder', 2, 24, false, ARRAY [5], 1, 0, 0, 0, 6, 1, 6, false, false, false, false, false, false, null),
	(517, 'Guide', 2, 24, false, ARRAY [4], 0, 1, 0, 0, 4, 1, 10, false, false, false, false, false, false, null),
	(518, 'Peddler', 2, 24, false, ARRAY [6], 0, 1, 0, 0, 5, 2, 12, false, false, false, false, false, false, null),
	(519, 'Herd Overseer', 2, 24, false, ARRAY [9], 0, 1, 0, 0, 6, 1, 20, false, false, false, false, false, false, null),
	(520, 'Artisan', 2, 24, false, ARRAY [8], 1, 0, 0, 0, 7, 1, 12, false, false, false, false, false, false, null),
	(521, 'Warrior', 2, 24, false, ARRAY [7], 0, 0, 1, 0, 7, 1, 6, false, false, false, false, false, false, null),
	(522, 'Performer', 2, 24, false, ARRAY [4], 0, 1, 0, 0, 6, 2, 5, false, false, false, false, false, false, null),
	(523, 'Storyteller', 2, 24, false, ARRAY [5], 0, 1, 0, 0, 5, 1, 8, false, false, false, false, false, false, null),
	(524, 'Tribal Wife', 2, 24, false, ARRAY [9], 0, 1, 1, 0, 2, 2, 4, false, false, false, false, false, false, null),
	(525, 'Healer', 2, 24, false, ARRAY [8], 0, 1, 0, 0, 5, 2, 9, false, false, false, false, false, false, null),
	(526, 'Trader', 2, 24, false, ARRAY [8], 0, 1, 0, 0, 6, 2, 25, false, false, false, false, false, false, null),
	(527, 'Raider', 2, 24, false, ARRAY [6], 0, 0, 1, 0, 5, 2, 9, false, false, false, false, false, false, null),
	(528, 'Veteran', 2, 24, false, ARRAY [10], 1, 0, 0, 0, 5, 2, 14, false, false, false, false, false, false, null),
	(529, 'Shaman', 2, 24, false, ARRAY [8], 0, 1, 0, 0, 6, 2, 9, false, false, false, false, false, false, null),
	(530, 'Patriarch/Matriarch', 2, 24, false, ARRAY [15], 0, 1, 0, 0, 8, 2, 18, false, false, false, false, false, false, null),
	(531, 'Warleader', 2, 24, false, ARRAY [7], 0, 1, 1, 0, 8, 2, 15, false, false, false, false, false, false, null),
	(532, 'Headman', 2, 24, false, ARRAY [10], 1, 0, 0, 2, 4, 1, 20, false, false, false, false, false, false, null),
	(533, 'Elder', 2, 24, false, ARRAY [15], 0, 1, 0, 0, 6, 2, 10, false, false, false, false, false, false, null),
	(534, 'Wanderer', 2, 24, false, ARRAY [4], 1, 0, 0, 0, 6, 2, 3, false, false, false, false, false, false, null),
	(535, 'Bandit', 2, 24, false, ARRAY [4], 0, 0, 1, 0, 6, 1, 8, false, false, false, false, false, false, null),
	(536, 'Bandit King', 2, 24, false, ARRAY [6], 1, 0, 0, 0, 7, 2, 15, false, false, false, false, false, false, null),
	(537, 'Monster Hunter', 2, 24, false, ARRAY [4], 1, 0, 0, 0, 7, 2, 6, false, false, false, false, false, false, null),
	(538, 'Bandit Hunter', 2, 24, false, ARRAY [4], 0, 0, 1, 0, 7, 2, 8, false, false, false, false, false, false, null),
	(539, 'Scavenger', 2, 24, false, ARRAY [4], 0, 1, 0, 0, 6, 2, 3, false, false, false, false, false, false, null),
	(540, 'Ruin Explorer', 2, 24, false, ARRAY [5], 0, 1, 0, 0, 8, 3, 15, false, false, false, false, false, false, null),
	(541, 'Caravaneer', 2, 25, false, ARRAY [4], 0, 0, 0, 0, 5, 2, 5, false, false, false, false, false, false, null),
	(542, 'Caravan Guard', 2, 25, false, ARRAY [5], 0, 0, 1, 0, 6, 1, 6, false, false, false, false, false, false, null),
	(543, 'Caravan Outrider', 2, 25, false, ARRAY [5], 0, 0, 1, 0, 8, 1, 7, false, false, false, false, false, false, null),
	(544, 'Caravan Master', 2, 25, false, ARRAY [5], 0, 1, 0, 0, 7, 2, 20, false, false, false, false, false, false, null),
	(545, 'Camp Follower', 2, 25, false, ARRAY [5], 0, 1, 0, 0, 5, 2, 4, false, false, false, false, false, false, null),
	(546, 'Goblin', 3, 26, false, ARRAY [3], 0, 0, 1, 0, 2, 2, 2, false, false, false, false, false, false, null),
	(547, 'Sun Blotter', 3, 26, false, ARRAY [3], 0, 0, 1, 0, 2, 1, 3, false, false, false, false, false, false, null),
	(548, 'Nightseeker', 3, 26, false, ARRAY [4], 0, 1, 1, 0, 5, 1, 4, false, false, false, false, false, false, null),
	(549, 'Legioner', 3, 26, false, ARRAY [4], 0, 0, 1, 0, 4, 1, 5, false, false, false, false, false, false, null),
	(550, 'Hatred Bearer', 3, 26, false, ARRAY [1], 0, 1, 1, 0, 3, 1, 15, false, false, false, false, false, false, null),
	(551, 'Despair Shouter', 3, 26, false, ARRAY [3], 0, 0, 1, 0, 3, 2, 10, false, false, false, false, false, false, null),
	(552, 'Black Hunter', 3, 26, false, ARRAY [5], 0, 0, 1, 0, 5, 1, 5, false, false, false, false, false, false, null),
	(553, 'Astride the Beast', 3, 26, false, ARRAY [5], 0, 0, 1, 0, 9, 1, 6, false, false, false, false, false, false, null),
	(554, 'Bears the Lash', 3, 26, false, ARRAY [6], 0, 1, 0, 0, 6, 1, 9, false, false, false, false, false, false, null),
	(555, 'Packmaster', 3, 26, false, ARRAY [7], 1, 0, 0, 0, 5, 1, 10, false, false, false, false, false, false, null),
	(556, 'Head Taker', 3, 26, false, ARRAY [6], 0, 1, 1, 0, 5, 2, 15, false, false, false, false, false, false, null),
	(557, 'Troll Lord', 3, 26, false, ARRAY [5], 0, 1, 1, 0, 6, 2, 20, false, false, false, false, false, false, null),
	(558, 'Born Chattel', 3, 27, true, ARRAY [10], 0, 0, 1, 2, 0, 1, 5, false, false, false, false, false, false, null),
	(559, 'Cattle Slave', 3, 27, false, ARRAY [5], 0, 0, 1, 0, 2, 2, 3, false, false, false, false, false, false, null),
	(560, 'Scavenger', 3, 27, false, ARRAY [3], 0, 0, 1, 0, 3, 2, 6, false, false, false, false, false, false, null),
	(561, 'Forge Slave', 3, 27, false, ARRAY [5], 0, 0, 1, 0, 2, 2, 3, false, false, false, false, false, false, null),
	(562, 'Hauler', 3, 27, false, ARRAY [5], 0, 0, 1, 0, 2, 2, 3, false, false, false, false, false, false, null),
	(563, 'Cutter Slave', 3, 27, false, ARRAY [5], 0, 0, 1, 0, 2, 2, 3, false, false, false, false, false, false, null),
	(564, 'Tunneler', 3, 27, false, ARRAY [4], 0, 0, 1, 0, 2, 2, 3, false, false, false, false, false, false, null),
	(565, 'Ravager', 3, 27, false, ARRAY [3], 0, 0, 1, 0, 4, 2, 4, false, false, false, false, false, false, null),
	(566, 'Woodcutter', 3, 27, false, ARRAY [7], 0, 1, 0, 0, 4, 1, 9, false, false, false, false, false, false, null),
	(567, 'Butcher', 3, 27, false, ARRAY [7], 0, 1, 0, 0, 4, 1, 9, false, false, false, false, false, false, null),
	(568, 'Forger', 3, 27, false, ARRAY [7], 0, 1, 0, 0, 5, 2, 9, false, false, false, false, false, false, null),
	(569, 'Pitwright', 3, 27, false, ARRAY [8], 0, 1, 0, 0, 4, 1, 10, false, false, false, false, false, false, null),
	(570, 'Edge Grinder', 3, 27, false, ARRAY [10], 1, 0, 0, 0, 6, 2, 15, false, false, false, false, false, false, null),
	(571, 'Whipmaster', 3, 27, false, ARRAY [9], 0, 1, 0, 0, 4, 1, 15, false, false, false, false, false, false, null),
	(572, 'Born Great', 3, 28, true, ARRAY [10], 0, 0, 0, 3, 0, 2, 5, false, false, false, false, false, false, null),
	(573, 'The Rites', 3, 28, false, ARRAY [3], 0, 1, 1, 0, 5, 2, 3, false, false, false, false, false, false, null),
	(574, 'Servant of the Gate', 3, 28, false, ARRAY [4], 0, 0, 1, 0, 2, 1, 7, false, false, false, false, false, false, null),
	(575, 'Follower', 3, 28, false, ARRAY [5], 0, 1, 1, 0, 8, 1, 9, false, false, false, false, false, false, null),
	(576, 'Black Destroyer', 3, 28, false, ARRAY [6], 0, 1, 1, 0, 7, 2, 12, false, false, false, false, false, false, null),
	(577, 'Named', 3, 28, false, ARRAY [8], 0, 1, 1, 0, 5, 2, 25, false, false, false, false, false, false, null),
	(578, 'Siege Master', 3, 28, false, ARRAY [10], 0, 1, 0, 0, 5, 1, 30, false, false, false, false, false, false, null),
	(579, 'Gate Forger', 3, 28, false, ARRAY [10], 0, 1, 0, 0, 5, 1, 30, false, false, false, false, false, false, null),
	(580, 'Whisperer', 3, 28, false, ARRAY [9], 0, 1, 0, 0, 5, 2, 40, false, false, false, false, false, false, null),
	(581, 'Great One', 3, 28, false, ARRAY [20], 0, 2, 2, 1, 5, 2, 60, false, false, false, false, false, false, null),
	(582, 'Slave to the Dark', 3, 29, false, ARRAY [6], 0, 0, 0, 0, 2, 2, 3, false, false, false, false, false, false, null),
	(583, 'Drinker of the Dark', 3, 29, false, ARRAY [5], 0, 1, 1, 0, 3, 3, 6, false, false, false, false, false, false, null),
	(584, 'Bloodletter', 3, 29, false, ARRAY [5], 0, 1, 1, 0, 5, 1, 6, false, false, false, false, false, false, null),
	(585, 'Knower of Secrets', 3, 29, false, ARRAY [6], 1, 0, 0, 0, 4, 1, 7, false, false, false, false, false, false, null),
	(586, 'Master of Eight', 3, 29, false, ARRAY [8], 1, 0, 0, 0, 7, 2, 8, false, false, false, false, false, false, null),
	(587, 'Master of Blood', 3, 29, false, ARRAY [7], 1, 0, 0, 0, 4, 2, 8, false, false, false, false, false, false, null),
	(588, 'Master of Darkness', 3, 29, false, ARRAY [7], 1, 0, 0, 0, 3, 1, 8, false, false, false, false, false, false, null),
	(589, 'Dark Summoner', 3, 29, false, ARRAY [7], 1, 0, 0, 1, 3, 1, 12, false, false, false, false, false, false, null),
	(590, 'Blood Summoner', 3, 29, false, ARRAY [10], 1, 0, 0, 1, 3, 1, 12, false, false, false, false, false, false, null),
	(591, 'Servant', 3, 29, false, ARRAY [50], 0, 1, 0, 2, 2, 1, 30, false, false, false, false, false, false, null),
	(592, 'Master of the Weak', 3, 29, false, ARRAY [7], 1, 0, 0, 0, 5, 1, 8, false, false, false, false, false, false, null),
	(593, 'Born Below', 4, 30, true, ARRAY [6], 0, 0, 0, 3, 0, 2, 0, false, false, false, false, false, false, null),
	(594, 'Pinky', 4, 30, false, ARRAY [2], 0, -1, 0, 0, 3, 2, 2, false, false, false, false, false, false, null),
	(595, 'Scavenger', 4, 30, false, ARRAY [4], 0, 0, 0, 0, 5, 1, 3, false, false, false, false, false, false, null),
	(596, 'Scratcher', 4, 30, false, ARRAY [6], 0, 0, 1, 0, 4, 1, 4, false, false, false, false, false, false, null),
	(597, 'Snitch', 4, 30, false, ARRAY [4], 0, 0, 0, 0, 4, 1, 3, false, false, false, false, false, false, null),
	(598, 'The Gauntlet', 4, 30, false, ARRAY [1], 0, 0, 1, 0, 1, 5, 4, false, false, false, false, false, false, null),
	(599, 'Apprentice', 4, 30, false, ARRAY [6], 0, 0, 1, 0, 3, 1, 5, false, false, false, false, false, false, null),
	(600, 'Kidnapper', 4, 30, false, ARRAY [7], 0, 1, 0, 0, 7, 1, 10, false, false, false, false, false, false, null),
	(601, 'Fingers', 4, 30, false, ARRAY [6], 0, 0, 1, 0, 4, 1, 5, false, false, false, false, false, false, null),
	(602, 'Sneak Thief', 4, 30, false, ARRAY [7], 0, 0, 0, 0, 5, 1, 6, false, false, false, false, false, false, null),
	(603, 'Bladesmith', 4, 30, false, ARRAY [8], 1, 0, 0, 0, 7, 1, 20, false, false, false, false, false, false, null),
	(604, 'Burglar', 4, 30, false, ARRAY [8], 1, 0, 0, 0, 7, 1, 10, false, false, false, false, false, false, null),
	(605, 'Bruiser', 4, 30, false, ARRAY [6], 0, 0, 1, 0, 7, 1, 8, false, false, false, false, false, false, null),
	(606, 'Fence', 4, 30, false, ARRAY [7], 0, 1, 0, 0, 7, 1, 20, false, false, false, false, false, false, null),
	(607, 'Sawbones', 4, 30, false, ARRAY [8], 0, 0, 0, 0, 5, 1, 15, false, false, false, false, false, false, null),
	(608, 'Negotiator', 4, 30, false, ARRAY [8], 0, 1, 0, 0, 6, 1, 15, false, false, false, false, false, false, null),
	(609, 'The Brain', 4, 30, false, ARRAY [9], 0, 1, 0, 0, 13, 2, 13, false, false, false, false, false, false, null),
	(610, 'Mastermind', 4, 30, false, ARRAY [10], 0, 1, 1, 0, 11, 3, 30, false, false, false, false, false, false, null),
	(611, 'The Pope', 4, 30, false, ARRAY [11], 0, 1, 1, 0, 9, 1, 75, false, false, false, false, false, false, null),
	(612, 'Carnivore', 4, 31, false, ARRAY [4], 0, 0, 1, 0, 5, 1, 5, false, false, false, false, false, false, null),
	(613, 'Serub', 4, 31, false, ARRAY [3], 0, -1, -1, 0, 5, 3, 3, false, false, false, false, false, false, null),
	(614, 'Hermit', 4, 31, false, ARRAY [10], 0, 0, 0, 0, 8, 3, 2, false, false, false, false, false, false, null),
	(615, 'Bushwhacker', 4, 31, false, ARRAY [5], 0, 0, 1, 0, 4, 1, 5, false, false, false, false, false, false, null),
	(616, 'Corsair', 4, 31, false, ARRAY [7], 1, 0, 0, 0, 8, 1, 15, false, false, false, false, false, false, null),
	(617, 'Bandit King', 4, 31, false, ARRAY [7], 1, 0, 0, 0, 6, 2, 15, false, false, false, false, false, false, null),
	(618, 'Albino', 4, 31, false, ARRAY [10], 0, 1, 0, 0, 7, 2, 25, false, false, false, false, false, false, null),
	(619, 'Born to the Fields', 4, 32, true, ARRAY [6], 0, 0, 0, 3, 0, 2, 0, false, false, false, false, false, false, null),
	(620, 'Hand', 4, 32, false, ARRAY [3], 0, 0, 1, 0, 4, 1, 3, false, false, false, false, false, false, null),
	(621, 'Woodsen', 4, 32, false, ARRAY [6], 0, 0, 1, 0, 4, 1, 6, false, false, false, false, false, false, null),
	(622, 'Apprentice', 4, 32, false, ARRAY [4], 0, 0, 1, 0, 3, 1, 9, false, false, false, false, false, false, null),
	(623, 'Gatherer', 4, 32, false, ARRAY [8], 0, 0, 0, 0, 3, 1, 10, false, false, false, false, false, false, null),
	(624, 'Farmer', 4, 32, false, ARRAY [8], 0, 0, 1, 0, 3, 1, 10, false, false, false, false, false, false, null),
	(625, 'Beekeeper', 4, 32, false, ARRAY [7], 0, 0, 0, 0, 5, 1, 9, false, false, false, false, false, false, null),
	(626, 'Miller', 4, 32, false, ARRAY [9], 1, 0, 0, 0, 5, 1, 15, false, false, false, false, false, false, null),
	(627, 'Meadmaker', 4, 32, false, ARRAY [9], 0, 0, 0, 0, 5, 1, 14, false, false, false, false, false, false, null),
	(628, 'Baker', 4, 32, false, ARRAY [7], 0, 0, 0, 0, 4, 1, 12, false, false, false, false, false, false, null),
	(629, 'Weaver', 4, 32, false, ARRAY [8], 0, 0, 0, 0, 6, 1, 15, false, false, false, false, false, false, null),
	(630, 'Crafter', 4, 32, false, ARRAY [10], 1, 0, 0, 0, 5, 1, 20, false, false, false, false, false, false, null),
	(631, 'Healer', 4, 32, false, ARRAY [8], 0, 1, 0, 0, 6, 1, 10, false, false, false, false, false, false, null),
	(632, 'Trader', 4, 32, false, ARRAY [8], 0, 0, 0, 0, 6, 1, 16, false, false, false, false, false, false, null),
	(633, 'Deputy', 4, 32, false, ARRAY [4], 0, 0, 1, 0, 6, 1, 6, false, false, false, false, false, false, null),
	(634, 'Sheriff', 4, 32, false, ARRAY [8], 1, 0, 0, 0, 6, 1, 8, false, false, false, false, false, false, null),
	(635, 'Mayor', 4, 32, false, ARRAY [10], 0, 0, 0, 0, 7, 1, 20, false, false, false, false, false, false, null),
	(636, 'Brother/Sister', 4, 32, false, ARRAY [5], 0, 1, 0, 0, 6, 2, 14, false, false, false, false, false, false, null),
	(637, 'Missionary', 4, 32, false, ARRAY [5], 0, 1, 1, 0, 5, 2, 5, false, false, false, false, false, false, null),
	(638, 'Father/Mother', 4, 32, false, ARRAY [7], 0, 1, 0, 0, 6, 2, 15, false, false, false, false, false, false, null),
	(639, 'Abbot/Abbess', 4, 32, false, ARRAY [10], 0, 1, 0, 0, 5, 1, 30, false, false, false, false, false, false, null),
	(640, 'Initiate', 4, 33, false, ARRAY [3], 0, 0, 0, 0, 3, 2, 2, false, false, false, false, false, false, null),
	(641, 'Cultist', 4, 33, false, ARRAY [4], 0, 1, 0, 0, 5, 1, 4, false, false, false, false, false, false, null),
	(642, 'Shadow', 4, 33, false, ARRAY [6], 0, 0, 1, 0, 6, 1, 6, false, false, false, false, false, false, null),
	(643, 'Arsonist', 4, 33, false, ARRAY [6], 0, 0, 0, 0, 6, 1, 6, false, false, false, false, false, false, null),
	(644, 'Murderer', 4, 33, false, ARRAY [6], 0, 0, 1, 0, 5, 1, 7, false, false, false, false, false, false, null),
	(645, 'Willard', 4, 33, false, ARRAY [5], 0, 0, 0, 0, 4, 2, 5, false, false, false, false, false, false, null),
	(646, 'Perverter', 4, 33, false, ARRAY [8], 0, 1, 0, 0, 6, 1, 10, false, false, false, false, false, false, null),
	(647, 'Poisoner', 4, 33, false, ARRAY [6], 0, 0, 0, 0, 5, 1, 7, false, false, false, false, false, false, null),
	(648, 'Guardian', 4, 33, false, ARRAY [6], 0, 0, 1, 0, 8, 2, 9, false, false, false, false, false, false, null),
	(649, 'Preacher', 4, 33, false, ARRAY [8], 0, 1, 0, 0, 6, 2, 15, false, false, false, false, false, false, null),
	(650, 'Visionary', 4, 33, false, ARRAY [10], 0, 1, 0, 0, 11, 4, 30, false, false, false, false, false, false, null),
	(651, 'Born to Dark Caves', 5, 34, true, ARRAY [5], 0, 0, 0, 2, 0, 2, 2, false, false, false, false, false, false, null),
	(652, 'Dweller', 5, 34, false, ARRAY [4], 0, 0, 1, 0, 2, 2, 1, false, false, false, false, false, false, null),
	(653, 'Mine Haunt', 5, 34, false, ARRAY [12], 1, 0, 0, 0, 2, 1, 1, false, false, false, false, false, false, null),
	(654, 'Dwarf Hunter', 5, 34, false, ARRAY [6], 0, 1, 1, 0, 3, 1, 3, false, false, false, false, false, false, null),
	(655, 'Dread Stone', 5, 34, false, ARRAY [30], 0, 0, 2, 0, 3, 3, 4, false, false, false, false, false, false, null),
	(656, 'Born to the Pit', 5, 35, true, ARRAY [4], 0, 0, 0, 1, 0, 2, 1, false, false, false, false, false, false, null),
	(657, 'Tortured', 5, 35, false, ARRAY [3], 0, 0, 0, 0, 1, 3, 0, false, false, false, false, false, false, null),
	(658, 'Ox', 5, 35, false, ARRAY [9], 0, 0, 1, 0, 2, 1, 1, false, false, false, false, false, false, null),
	(659, 'Battering Ram', 5, 35, false, ARRAY [6], 0, 0, 1, 0, 2, 1, 1, false, false, false, false, false, false, null),
	(660, 'Mattock', 5, 35, false, ARRAY [7], 0, 0, 1, 0, 3, 1, 7, false, false, false, false, false, false, null),
	(661, 'Ironshield', 5, 35, false, ARRAY [8], 1, 0, 0, 0, 3, 1, 6, false, false, false, false, false, false, null),
	(662, 'Bellower', 5, 35, false, ARRAY [16], 0, 1, 1, 0, 3, 1, 4, false, false, false, false, false, false, null),
	(663, 'Warlord', 5, 35, false, ARRAY [56], 0, 1, 1, 1, 3, 2, 10, false, false, false, false, false, false, null),
	(664, 'Born Wild', 5, 36, true, ARRAY [5], 0, 0, 0, 2, 0, 1, 2, false, false, false, false, false, false, null),
	(665, 'Bogey', 5, 36, false, ARRAY [7], 0, 0, 1, 0, 3, 2, 1, false, false, false, false, false, false, null),
	(666, 'Bridgehaunt', 5, 36, false, ARRAY [10], 0, 0, 1, 0, 2, 1, 2, false, false, false, false, false, false, null),
	(667, 'Manhunter', 5, 36, false, ARRAY [7], 1, 0, 0, 0, 2, 1, 2, false, false, false, false, false, false, null),
	(668, 'Forlorn', 5, 36, false, ARRAY [13], 0, 1, 0, 1, 0, 2, 1, false, false, false, false, false, false, null),
	(669, 'Brute', 5, 36, false, ARRAY [15], 0, 0, 2, 0, 2, 1, 2, false, false, false, false, false, false, null),
	(670, 'Brood Mother', 5, 36, false, ARRAY [33], 0, 1, 1, 0, 3, 2, 10, false, false, false, false, false, false, null),
	(671, 'Bull', 5, 36, false, ARRAY [45], 0, 1, 1, 0, 3, 2, 5, false, false, false, false, false, false, null),
	(672, 'Captive', 6, 37, false, ARRAY [0], 0, 0, 0, 0, 3, 3, 1, false, false, false, false, false, false, null),
	(673, 'Wandering Lost', 6, 38, false, ARRAY [0], 0, 1, 0, 0, 2, 1, 0, false, false, false, false, false, false, null),
	(674, 'Dire Haunt', 6, 38, false, ARRAY [1], 0, 1, 1, 0, 3, 2, 10, false, false, false, false, false, false, null),
	(675, 'Ancient Journeyer', 6, 38, false, ARRAY [0], 0, 1, 0, 0, 2, 1, 0, false, false, false, false, false, false, null),
	(676, 'Fell Ancient', 6, 38, false, ARRAY [2], 0, 1, 1, 0, 3, 2, 15, false, false, false, false, false, false, null),
	(677, 'Ghost of the Wood', 6, 38, false, ARRAY [2], 0, 2, 0, 1, 6, 3, 10, false, false, false, false, false, false, null),
	(678, 'Lone Wolf', 6, 39, false, ARRAY [1], 0, 1, 0, 0, 4, 1, 1, false, false, false, false, false, false, null),
	(679, 'Scavenger', 6, 39, false, ARRAY [1], 0, 0, 0, 0, 3, 1, 2, false, false, false, false, false, false, null),
	(680, 'Born to the Legion', 6, 40, true, ARRAY [1], 0, 0, 0, 2, 2, 1, 0, false, false, false, false, false, false, null),
	(681, 'Caged and Beaten', 6, 40, false, ARRAY [0], 0, 0, 0, 0, 3, 2, 1, false, false, false, false, false, false, null),
	(682, 'Shadow Chaser', 6, 40, false, ARRAY [1], 0, 0, 1, 0, 8, 1, 2, false, false, false, false, false, false, null),
	(683, 'Wayward', 6, 40, false, ARRAY [0], 0, 1, 0, 0, 6, 1, 2, false, false, false, false, false, false, null),
	(684, 'Bitch', 6, 40, false, ARRAY [1], 0, 0, 0, 0, 5, 1, 4, false, false, false, false, false, false, null),
	(685, 'Howling Beast', 6, 40, false, ARRAY [1], 0, 0, 1, 0, 7, 1, 1, false, false, false, false, false, false, null),
	(686, 'Black Destroyer', 6, 40, false, ARRAY [2], 0, 1, 1, 0, 4, 2, 2, false, false, false, false, false, false, null),
	(687, 'Ebon Tyrant', 6, 40, false, ARRAY [2], 0, 1, 1, 0, 5, 1, 5, false, false, false, false, false, false, null),
	(688, 'Dark Friend', 6, 40, false, ARRAY [3], 0, 1, 0, 1, 5, 1, 3, false, false, false, false, false, false, null),
	(689, 'Spirit Chaser', 6, 41, false, ARRAY [1], 0, 0, 1, 0, 5, 1, 1, false, false, false, false, false, false, null),
	(690, 'Spirit Howler', 6, 41, false, ARRAY [1], 0, 0, 0, 0, 3, 1, 2, false, false, false, false, false, false, null),
	(691, 'Spirit Hunter', 6, 41, false, ARRAY [2], 0, 1, 1, 0, 3, 1, 3, false, false, false, false, false, false, null),
	(692, 'Born to the Pack', 6, 42, true, ARRAY [1], 0, 0, 0, 2, 2, 2, 0, false, false, false, false, false, false, null),
	(693, 'Yearling', 6, 42, false, ARRAY [1], 0, 0, 1, 0, 8, 1, 1, false, false, false, false, false, false, null),
	(694, 'Hunter', 6, 42, false, ARRAY [1], 0, 0, 1, 0, 7, 1, 2, false, false, false, false, false, false, null),
	(695, 'Dominant', 6, 42, false, ARRAY [1], 0, 1, 1, 0, 5, 1, 3, false, false, false, false, false, false, 'Dominant wolves are the pack leaders. Female Dominants of three years or older may take the Nursing skill. Males may not take this skill at all.'),
	(696, 'Aunt', 6, 42, false, ARRAY [0], 1, 0, 0, 0, 4, 1, 2, false, false, false, false, false, false, null),
	(697, 'Uncle', 6, 42, false, ARRAY [0], 1, 0, 0, 0, 4, 1, 2, false, false, false, false, false, false, null),
	(698, 'Elder', 6, 42, false, ARRAY [2], 0, 1, 0, 1, 7, 1, 1, false, false, false, false, false, false, null),
	(699, 'Last Wolf', 6, 42, false, ARRAY [0], 0, 1, 0, 0, 2, 2, 1, false, false, false, false, false, false, null);

INSERT INTO dat."RulesetLifepaths"
	("LifepathId", "RulesetId")
VALUES
	(0, 'bwgr'),
	(0, 'bs'),
	(1, 'bwgr'),
	(1, 'bs'),
	(2, 'bwgr'),
	(2, 'bs'),
	(3, 'bwgr'),
	(3, 'bs'),
	(4, 'bwgr'),
	(4, 'bs'),
	(5, 'bwgr'),
	(5, 'bs'),
	(6, 'bwgr'),
	(6, 'bs'),
	(7, 'bwgr'),
	(7, 'bs'),
	(8, 'bs'),
	(9, 'bwgr'),
	(9, 'bs'),
	(10, 'bwgr'),
	(10, 'bs'),
	(11, 'bwgr'),
	(11, 'bs'),
	(12, 'bwgr'),
	(12, 'bs'),
	(13, 'bwgr'),
	(13, 'bs'),
	(14, 'bwgr'),
	(14, 'bs'),
	(15, 'bwgr'),
	(15, 'bs'),
	(16, 'bwgr'),
	(16, 'bs'),
	(17, 'bwgr'),
	(17, 'bs'),
	(18, 'bwgr'),
	(18, 'bs'),
	(19, 'bwgr'),
	(19, 'bs'),
	(20, 'bwgr'),
	(20, 'bs'),
	(21, 'bwgr'),
	(21, 'bs'),
	(22, 'bwgr'),
	(22, 'bs'),
	(23, 'bwgr'),
	(23, 'bs'),
	(24, 'bwgr'),
	(24, 'bs'),
	(25, 'bwgr'),
	(25, 'bs'),
	(26, 'bwgr'),
	(26, 'bs'),
	(27, 'bwgr'),
	(27, 'bs'),
	(28, 'bs'),
	(29, 'bs'),
	(30, 'bs'),
	(31, 'bwgr'),
	(31, 'bs'),
	(32, 'bwgr'),
	(32, 'bs'),
	(33, 'bwgr'),
	(33, 'bs'),
	(34, 'bwgr'),
	(34, 'bs'),
	(35, 'bwgr'),
	(35, 'bs'),
	(36, 'bwgr'),
	(36, 'bs'),
	(37, 'bwgr'),
	(37, 'bs'),
	(38, 'bwgr'),
	(38, 'bs'),
	(39, 'bwgr'),
	(39, 'bs'),
	(40, 'bwgr'),
	(40, 'bs'),
	(41, 'bwgr'),
	(41, 'bs'),
	(42, 'bwgr'),
	(42, 'bs'),
	(43, 'bs'),
	(44, 'bs'),
	(45, 'bwgr'),
	(46, 'bwgr'),
	(47, 'bwgr'),
	(48, 'bwgr'),
	(49, 'bwgr'),
	(50, 'bwgr'),
	(51, 'bwgr'),
	(52, 'bwgr'),
	(53, 'bwgr'),
	(54, 'bwgr'),
	(54, 'bs'),
	(55, 'bwgr'),
	(55, 'bs'),
	(56, 'bwgr'),
	(56, 'bs'),
	(57, 'bwgr'),
	(57, 'bs'),
	(58, 'bwgr'),
	(58, 'bs'),
	(59, 'bwgr'),
	(59, 'bs'),
	(60, 'bs'),
	(61, 'bs'),
	(62, 'bs'),
	(63, 'bs'),
	(64, 'bs'),
	(65, 'bs'),
	(66, 'bs'),
	(67, 'bs'),
	(68, 'bs'),
	(69, 'bwgr'),
	(70, 'bwgr'),
	(71, 'bwgr'),
	(72, 'bwgr'),
	(73, 'bwgr'),
	(74, 'bwgr'),
	(75, 'bwgr'),
	(76, 'bwgr'),
	(77, 'bwgr'),
	(78, 'bwgr'),
	(79, 'bwgr'),
	(80, 'bwgr'),
	(81, 'bwgr'),
	(82, 'bwgr'),
	(83, 'bwgr'),
	(84, 'bwgr'),
	(85, 'bwgr'),
	(86, 'bwgr'),
	(87, 'bwgr'),
	(88, 'bwgr'),
	(89, 'bwgr'),
	(90, 'bwgr'),
	(91, 'bwgr'),
	(92, 'bwgr'),
	(93, 'bwgr'),
	(94, 'bwgr'),
	(95, 'bwgr'),
	(96, 'bwgr'),
	(97, 'bwgr'),
	(98, 'bwgr'),
	(99, 'bwgr'),
	(100, 'bwgr'),
	(101, 'bwgr'),
	(102, 'bwgr'),
	(103, 'bwgr'),
	(104, 'bwgr'),
	(105, 'bwgr'),
	(106, 'bwgr'),
	(107, 'bwgr'),
	(108, 'bwgr'),
	(109, 'bwgr'),
	(110, 'bwgr'),
	(111, 'bwgr'),
	(112, 'bwgr'),
	(113, 'bwgr'),
	(114, 'bwgr'),
	(115, 'bwgr'),
	(116, 'bwgr'),
	(117, 'bwgr'),
	(118, 'bwgr'),
	(119, 'bwgr'),
	(120, 'bwgr'),
	(121, 'bwgr'),
	(122, 'bwgr'),
	(123, 'bwgr'),
	(124, 'bwgr'),
	(125, 'bwgr'),
	(126, 'bwgr'),
	(127, 'bwc'),
	(128, 'bwc'),
	(129, 'bwc'),
	(130, 'bwc'),
	(131, 'bwc'),
	(132, 'bwc'),
	(133, 'bwc'),
	(134, 'bwc'),
	(135, 'bwc'),
	(136, 'bwc'),
	(137, 'bwgr'),
	(137, 'bs'),
	(138, 'bwc'),
	(139, 'bwgr'),
	(139, 'bs'),
	(140, 'bwgr'),
	(140, 'bs'),
	(141, 'bwgr'),
	(141, 'bs'),
	(142, 'bwgr'),
	(142, 'bs'),
	(143, 'bwgr'),
	(143, 'bs'),
	(144, 'bwgr'),
	(144, 'bs'),
	(145, 'bwgr'),
	(145, 'bs'),
	(146, 'bwgr'),
	(146, 'bs'),
	(147, 'bwgr'),
	(147, 'bs'),
	(148, 'bwgr'),
	(148, 'bs'),
	(149, 'bwgr'),
	(149, 'bs'),
	(150, 'bwgr'),
	(150, 'bs'),
	(151, 'bwgr'),
	(151, 'bs'),
	(152, 'bwgr'),
	(152, 'bs'),
	(153, 'bwgr'),
	(154, 'bwgr'),
	(154, 'bs'),
	(155, 'bwgr'),
	(155, 'bs'),
	(156, 'bwgr'),
	(156, 'bs'),
	(157, 'bwgr'),
	(158, 'bwgr'),
	(159, 'bwgr'),
	(159, 'bs'),
	(160, 'bwgr'),
	(160, 'bs'),
	(161, 'bwgr'),
	(161, 'bs'),
	(162, 'bwgr'),
	(162, 'bs'),
	(163, 'bwgr'),
	(163, 'bs'),
	(164, 'bwgr'),
	(164, 'bs'),
	(165, 'bwgr'),
	(165, 'bs'),
	(166, 'bwgr'),
	(166, 'bs'),
	(167, 'bwgr'),
	(167, 'bs'),
	(168, 'bwgr'),
	(168, 'bs'),
	(169, 'bwgr'),
	(169, 'bs'),
	(170, 'bwgr'),
	(170, 'bs'),
	(171, 'bwgr'),
	(171, 'bs'),
	(172, 'bwgr'),
	(172, 'bs'),
	(173, 'bwgr'),
	(174, 'bwgr'),
	(174, 'bs'),
	(175, 'bwgr'),
	(176, 'bwgr'),
	(176, 'bs'),
	(177, 'bwgr'),
	(177, 'bs'),
	(178, 'bwgr'),
	(178, 'bs'),
	(179, 'bwgr'),
	(180, 'bwgr'),
	(180, 'bs'),
	(181, 'bwgr'),
	(181, 'bs'),
	(182, 'bwgr'),
	(182, 'bs'),
	(183, 'bwgr'),
	(183, 'bs'),
	(184, 'bwgr'),
	(184, 'bs'),
	(185, 'bwgr'),
	(185, 'bs'),
	(186, 'bwgr'),
	(186, 'bs'),
	(187, 'bwgr'),
	(187, 'bs'),
	(188, 'bwgr'),
	(188, 'bs'),
	(189, 'bwgr'),
	(189, 'bs'),
	(190, 'bwgr'),
	(190, 'bs'),
	(191, 'bwgr'),
	(191, 'bs'),
	(192, 'bwgr'),
	(192, 'bs'),
	(193, 'bwgr'),
	(193, 'bs'),
	(194, 'bwgr'),
	(195, 'bwgr'),
	(196, 'bwgr'),
	(197, 'bwgr'),
	(198, 'bwgr'),
	(199, 'bwgr'),
	(200, 'bwgr'),
	(200, 'bs'),
	(201, 'bwgr'),
	(201, 'bs'),
	(202, 'bwgr'),
	(202, 'bs'),
	(203, 'bwgr'),
	(203, 'bs'),
	(204, 'bwgr'),
	(204, 'bs'),
	(205, 'bwgr'),
	(206, 'bwgr'),
	(207, 'bwgr'),
	(207, 'bs'),
	(208, 'bwc'),
	(209, 'bwc'),
	(210, 'bwc'),
	(211, 'bwc'),
	(212, 'bwc'),
	(213, 'bwc'),
	(214, 'bwc'),
	(215, 'bwc'),
	(216, 'bwc'),
	(217, 'bwc'),
	(218, 'bwc'),
	(219, 'bwc'),
	(220, 'bwc'),
	(221, 'bwc'),
	(222, 'bwc'),
	(223, 'bwc'),
	(224, 'bwc'),
	(225, 'bwc'),
	(226, 'bwc'),
	(227, 'bwgr'),
	(227, 'bs'),
	(228, 'bwgr'),
	(228, 'bs'),
	(229, 'bwgr'),
	(229, 'bs'),
	(230, 'bwgr'),
	(230, 'bs'),
	(231, 'bwgr'),
	(231, 'bs'),
	(232, 'bwgr'),
	(233, 'bwgr'),
	(233, 'bs'),
	(234, 'bwgr'),
	(234, 'bs'),
	(235, 'bwgr'),
	(235, 'bs'),
	(236, 'bwgr'),
	(236, 'bs'),
	(237, 'bwgr'),
	(237, 'bs'),
	(238, 'bwgr'),
	(238, 'bs'),
	(239, 'bwgr'),
	(239, 'bs'),
	(240, 'bwgr'),
	(240, 'bs'),
	(241, 'bwgr'),
	(241, 'bs'),
	(242, 'bwgr'),
	(242, 'bs'),
	(243, 'bwgr'),
	(244, 'bwgr'),
	(245, 'bwc'),
	(246, 'bwgr'),
	(246, 'bs'),
	(247, 'bwgr'),
	(247, 'bs'),
	(248, 'bwgr'),
	(248, 'bs'),
	(249, 'bwgr'),
	(249, 'bs'),
	(250, 'bwgr'),
	(250, 'bs'),
	(251, 'bwgr'),
	(251, 'bs'),
	(252, 'bwgr'),
	(252, 'bs'),
	(253, 'bwgr'),
	(253, 'bs'),
	(254, 'bwgr'),
	(254, 'bs'),
	(255, 'bwgr'),
	(255, 'bs'),
	(256, 'bwgr'),
	(256, 'bs'),
	(257, 'bwgr'),
	(257, 'bs'),
	(258, 'bwgr'),
	(258, 'bs'),
	(259, 'bwgr'),
	(259, 'bs'),
	(260, 'bwgr'),
	(260, 'bs'),
	(261, 'bwgr'),
	(261, 'bs'),
	(262, 'bwgr'),
	(262, 'bs'),
	(263, 'bwgr'),
	(263, 'bs'),
	(264, 'bwgr'),
	(264, 'bs'),
	(265, 'bwgr'),
	(265, 'bs'),
	(266, 'bwgr'),
	(266, 'bs'),
	(267, 'bwgr'),
	(267, 'bs'),
	(268, 'bwgr'),
	(268, 'bs'),
	(269, 'bwgr'),
	(269, 'bs'),
	(270, 'bwgr'),
	(270, 'bs'),
	(271, 'bwgr'),
	(271, 'bs'),
	(272, 'bwgr'),
	(272, 'bs'),
	(273, 'bwgr'),
	(273, 'bs'),
	(274, 'bwgr'),
	(274, 'bs'),
	(275, 'bwgr'),
	(275, 'bs'),
	(276, 'bwgr'),
	(277, 'bwgr'),
	(277, 'bs'),
	(278, 'bwgr'),
	(278, 'bs'),
	(279, 'bwgr'),
	(279, 'bs'),
	(280, 'bwgr'),
	(280, 'bs'),
	(281, 'bwgr'),
	(281, 'bs'),
	(282, 'bwgr'),
	(282, 'bs'),
	(283, 'bwgr'),
	(283, 'bs'),
	(284, 'bwgr'),
	(284, 'bs'),
	(285, 'bwgr'),
	(285, 'bs'),
	(286, 'bwc'),
	(287, 'bwc'),
	(288, 'bwc'),
	(289, 'bwgr'),
	(289, 'bs'),
	(290, 'bwgr'),
	(291, 'bwgr'),
	(291, 'bs'),
	(292, 'bwgr'),
	(292, 'bs'),
	(293, 'bwgr'),
	(293, 'bs'),
	(294, 'bwgr'),
	(294, 'bs'),
	(295, 'bwgr'),
	(295, 'bs'),
	(296, 'bwgr'),
	(296, 'bs'),
	(297, 'bwgr'),
	(297, 'bs'),
	(298, 'bwgr'),
	(298, 'bs'),
	(299, 'bwgr'),
	(299, 'bs'),
	(300, 'bwgr'),
	(300, 'bs'),
	(301, 'bwgr'),
	(301, 'bs'),
	(302, 'bwgr'),
	(302, 'bs'),
	(303, 'bwgr'),
	(303, 'bs'),
	(304, 'bwgr'),
	(304, 'bs'),
	(305, 'bwgr'),
	(305, 'bs'),
	(306, 'bwgr'),
	(306, 'bs'),
	(307, 'bwgr'),
	(307, 'bs'),
	(308, 'bwgr'),
	(308, 'bs'),
	(309, 'bwgr'),
	(309, 'bs'),
	(310, 'bwgr'),
	(310, 'bs'),
	(311, 'bwgr'),
	(311, 'bs'),
	(312, 'bwgr'),
	(312, 'bs'),
	(313, 'bwgr'),
	(314, 'bwgr'),
	(314, 'bs'),
	(315, 'bwgr'),
	(315, 'bs'),
	(316, 'bwgr'),
	(316, 'bs'),
	(317, 'bwgr'),
	(318, 'bwgr'),
	(318, 'bs'),
	(319, 'bwgr'),
	(319, 'bs'),
	(320, 'bwgr'),
	(320, 'bs'),
	(321, 'bwgr'),
	(321, 'bs'),
	(322, 'bwc'),
	(323, 'bwc'),
	(324, 'bs'),
	(325, 'bs'),
	(326, 'bs'),
	(327, 'bs'),
	(328, 'bs'),
	(329, 'bs'),
	(330, 'bs'),
	(331, 'bs'),
	(332, 'bs'),
	(333, 'bs'),
	(334, 'bwgr'),
	(334, 'bs'),
	(335, 'bwc'),
	(336, 'bwgr'),
	(336, 'bs'),
	(337, 'bwgr'),
	(337, 'bs'),
	(338, 'bwgr'),
	(338, 'bs'),
	(339, 'bwgr'),
	(339, 'bs'),
	(340, 'bwgr'),
	(340, 'bs'),
	(341, 'bwgr'),
	(341, 'bs'),
	(342, 'bwgr'),
	(342, 'bs'),
	(343, 'bwgr'),
	(344, 'bwgr'),
	(344, 'bs'),
	(345, 'bwgr'),
	(345, 'bs'),
	(346, 'bwgr'),
	(346, 'bs'),
	(347, 'bwgr'),
	(347, 'bs'),
	(348, 'bwgr'),
	(348, 'bs'),
	(349, 'bwgr'),
	(349, 'bs'),
	(350, 'bwgr'),
	(350, 'bs'),
	(351, 'bwgr'),
	(351, 'bs'),
	(352, 'bwgr'),
	(352, 'bs'),
	(353, 'bwgr'),
	(353, 'bs'),
	(354, 'bwc'),
	(355, 'bwc'),
	(356, 'bwgr'),
	(356, 'bs'),
	(357, 'bwgr'),
	(357, 'bs'),
	(358, 'bwgr'),
	(358, 'bs'),
	(359, 'bwgr'),
	(359, 'bs'),
	(360, 'bwgr'),
	(360, 'bs'),
	(361, 'bwgr'),
	(361, 'bs'),
	(362, 'bwgr'),
	(363, 'bwgr'),
	(363, 'bs'),
	(364, 'bwgr'),
	(364, 'bs'),
	(365, 'bwgr'),
	(365, 'bs'),
	(366, 'bwgr'),
	(366, 'bs'),
	(367, 'bwgr'),
	(367, 'bs'),
	(368, 'bwgr'),
	(368, 'bs'),
	(369, 'bwgr'),
	(369, 'bs'),
	(370, 'bwgr'),
	(370, 'bs'),
	(371, 'bwgr'),
	(371, 'bs'),
	(372, 'bwgr'),
	(372, 'bs'),
	(373, 'bwgr'),
	(373, 'bs'),
	(374, 'bwgr'),
	(375, 'bwgr'),
	(375, 'bs'),
	(376, 'bwgr'),
	(376, 'bs'),
	(377, 'bwc'),
	(378, 'bwgr'),
	(378, 'bs'),
	(379, 'bwgr'),
	(379, 'bs'),
	(380, 'bwgr'),
	(380, 'bs'),
	(381, 'bwgr'),
	(381, 'bs'),
	(382, 'bwgr'),
	(382, 'bs'),
	(383, 'bwgr'),
	(383, 'bs'),
	(384, 'bwgr'),
	(384, 'bs'),
	(385, 'bwgr'),
	(385, 'bs'),
	(386, 'bwgr'),
	(387, 'bwgr'),
	(387, 'bs'),
	(388, 'bwgr'),
	(389, 'bwgr'),
	(390, 'bwgr'),
	(391, 'bwgr'),
	(392, 'bwgr'),
	(392, 'bs'),
	(393, 'bwgr'),
	(393, 'bs'),
	(394, 'bwgr'),
	(394, 'bs'),
	(395, 'bwgr'),
	(396, 'bwgr'),
	(396, 'bs'),
	(397, 'bwgr'),
	(397, 'bs'),
	(398, 'bwgr'),
	(399, 'bs'),
	(400, 'bs'),
	(401, 'bs'),
	(402, 'bs'),
	(403, 'bs'),
	(404, 'bs'),
	(405, 'bwgr'),
	(406, 'bwc'),
	(407, 'bwgr'),
	(408, 'bwgr'),
	(409, 'bwgr'),
	(410, 'bwgr'),
	(411, 'bwgr'),
	(412, 'bwgr'),
	(413, 'bwgr'),
	(414, 'bwgr'),
	(415, 'bwgr'),
	(416, 'bwgr'),
	(417, 'bwgr'),
	(418, 'bwgr'),
	(419, 'bwgr'),
	(420, 'bwgr'),
	(421, 'bwgr'),
	(422, 'bwgr'),
	(423, 'bwgr'),
	(424, 'bwgr'),
	(425, 'bwgr'),
	(426, 'bwgr'),
	(427, 'bwgr'),
	(428, 'bwgr'),
	(429, 'bwgr'),
	(430, 'bwgr'),
	(431, 'bwgr'),
	(432, 'bwgr'),
	(433, 'bwgr'),
	(433, 'bs'),
	(434, 'bwc'),
	(435, 'bwgr'),
	(435, 'bs'),
	(436, 'bwgr'),
	(436, 'bs'),
	(437, 'bwgr'),
	(437, 'bs'),
	(438, 'bwgr'),
	(438, 'bs'),
	(439, 'bwgr'),
	(439, 'bs'),
	(440, 'bwgr'),
	(440, 'bs'),
	(441, 'bwgr'),
	(441, 'bs'),
	(442, 'bs'),
	(443, 'bs'),
	(444, 'bs'),
	(445, 'bs'),
	(446, 'bs'),
	(447, 'bs'),
	(448, 'bs'),
	(449, 'bs'),
	(450, 'bs'),
	(451, 'bs'),
	(452, 'bs'),
	(453, 'bs'),
	(454, 'bs'),
	(455, 'bs'),
	(456, 'bs'),
	(457, 'bs'),
	(458, 'bs'),
	(459, 'bs'),
	(460, 'bs'),
	(461, 'bs'),
	(462, 'bs'),
	(463, 'bs'),
	(464, 'bs'),
	(465, 'bwgr'),
	(465, 'bs'),
	(466, 'bwc'),
	(467, 'bwgr'),
	(467, 'bs'),
	(468, 'bwgr'),
	(468, 'bs'),
	(469, 'bwgr'),
	(469, 'bs'),
	(470, 'bwgr'),
	(470, 'bs'),
	(471, 'bwgr'),
	(471, 'bs'),
	(472, 'bwgr'),
	(472, 'bs'),
	(473, 'bwgr'),
	(473, 'bs'),
	(474, 'bwgr'),
	(474, 'bs'),
	(475, 'bwgr'),
	(475, 'bs'),
	(476, 'bwgr'),
	(477, 'bwgr'),
	(477, 'bs'),
	(478, 'bwgr'),
	(478, 'bs'),
	(479, 'bwgr'),
	(479, 'bs'),
	(480, 'bwgr'),
	(480, 'bs'),
	(481, 'bwgr'),
	(481, 'bs'),
	(482, 'bwgr'),
	(482, 'bs'),
	(483, 'bwgr'),
	(483, 'bs'),
	(484, 'bwgr'),
	(484, 'bs'),
	(485, 'bwgr'),
	(485, 'bs'),
	(486, 'bwgr'),
	(486, 'bs'),
	(487, 'bwgr'),
	(487, 'bs'),
	(488, 'bwgr'),
	(488, 'bs'),
	(489, 'bwgr'),
	(489, 'bs'),
	(490, 'bwgr'),
	(490, 'bs'),
	(491, 'bwgr'),
	(491, 'bs'),
	(492, 'bwgr'),
	(492, 'bs'),
	(493, 'bwgr'),
	(493, 'bs'),
	(494, 'bwgr'),
	(494, 'bs'),
	(495, 'bwgr'),
	(495, 'bs'),
	(496, 'bwgr'),
	(496, 'bs'),
	(497, 'bwgr'),
	(497, 'bs'),
	(498, 'bwgr'),
	(498, 'bs'),
	(499, 'bwgr'),
	(499, 'bs'),
	(500, 'bwgr'),
	(500, 'bs'),
	(501, 'bwgr'),
	(501, 'bs'),
	(502, 'bwgr'),
	(502, 'bs'),
	(503, 'bwgr'),
	(503, 'bs'),
	(504, 'bwgr'),
	(504, 'bs'),
	(505, 'bwgr'),
	(505, 'bs'),
	(506, 'bwgr'),
	(506, 'bs'),
	(507, 'bwc'),
	(508, 'bwc'),
	(509, 'bs'),
	(510, 'bs'),
	(511, 'bs'),
	(512, 'bs'),
	(513, 'bs'),
	(514, 'bs'),
	(515, 'bs'),
	(516, 'bs'),
	(517, 'bs'),
	(518, 'bs'),
	(519, 'bs'),
	(520, 'bs'),
	(521, 'bs'),
	(522, 'bs'),
	(523, 'bs'),
	(524, 'bs'),
	(525, 'bs'),
	(526, 'bs'),
	(527, 'bs'),
	(528, 'bs'),
	(529, 'bs'),
	(530, 'bs'),
	(531, 'bs'),
	(532, 'bs'),
	(533, 'bs'),
	(534, 'bs'),
	(535, 'bs'),
	(536, 'bs'),
	(537, 'bs'),
	(538, 'bs'),
	(539, 'bs'),
	(540, 'bs'),
	(541, 'bs'),
	(542, 'bs'),
	(543, 'bs'),
	(544, 'bs'),
	(545, 'bs'),
	(546, 'bwgr'),
	(547, 'bwgr'),
	(548, 'bwgr'),
	(549, 'bwgr'),
	(550, 'bwgr'),
	(551, 'bwgr'),
	(552, 'bwgr'),
	(553, 'bwgr'),
	(554, 'bwgr'),
	(555, 'bwgr'),
	(556, 'bwgr'),
	(557, 'bwgr'),
	(558, 'bwgr'),
	(559, 'bwgr'),
	(560, 'bwgr'),
	(561, 'bwgr'),
	(562, 'bwgr'),
	(563, 'bwgr'),
	(564, 'bwgr'),
	(565, 'bwgr'),
	(566, 'bwgr'),
	(567, 'bwgr'),
	(568, 'bwgr'),
	(569, 'bwgr'),
	(570, 'bwgr'),
	(571, 'bwgr'),
	(572, 'bwgr'),
	(573, 'bwgr'),
	(574, 'bwgr'),
	(575, 'bwgr'),
	(576, 'bwgr'),
	(577, 'bwgr'),
	(578, 'bwgr'),
	(579, 'bwgr'),
	(580, 'bwgr'),
	(581, 'bwgr'),
	(582, 'bwgr'),
	(583, 'bwgr'),
	(584, 'bwgr'),
	(585, 'bwgr'),
	(586, 'bwgr'),
	(587, 'bwgr'),
	(588, 'bwgr'),
	(589, 'bwgr'),
	(590, 'bwgr'),
	(591, 'bwgr'),
	(592, 'bwc'),
	(593, 'bwc'),
	(594, 'bwc'),
	(595, 'bwc'),
	(596, 'bwc'),
	(597, 'bwc'),
	(598, 'bwc'),
	(599, 'bwc'),
	(600, 'bwc'),
	(601, 'bwc'),
	(602, 'bwc'),
	(603, 'bwc'),
	(604, 'bwc'),
	(605, 'bwc'),
	(606, 'bwc'),
	(607, 'bwc'),
	(608, 'bwc'),
	(609, 'bwc'),
	(610, 'bwc'),
	(611, 'bwc'),
	(612, 'bwc'),
	(613, 'bwc'),
	(614, 'bwc'),
	(615, 'bwc'),
	(616, 'bwc'),
	(617, 'bwc'),
	(618, 'bwc'),
	(619, 'bwc'),
	(620, 'bwc'),
	(621, 'bwc'),
	(622, 'bwc'),
	(623, 'bwc'),
	(624, 'bwc'),
	(625, 'bwc'),
	(626, 'bwc'),
	(627, 'bwc'),
	(628, 'bwc'),
	(629, 'bwc'),
	(630, 'bwc'),
	(631, 'bwc'),
	(632, 'bwc'),
	(633, 'bwc'),
	(634, 'bwc'),
	(635, 'bwc'),
	(636, 'bwc'),
	(637, 'bwc'),
	(638, 'bwc'),
	(639, 'bwc'),
	(640, 'bwc'),
	(641, 'bwc'),
	(642, 'bwc'),
	(643, 'bwc'),
	(644, 'bwc'),
	(645, 'bwc'),
	(646, 'bwc'),
	(647, 'bwc'),
	(648, 'bwc'),
	(649, 'bwc'),
	(650, 'bwc'),
	(651, 'bwc'),
	(652, 'bwc'),
	(653, 'bwc'),
	(654, 'bwc'),
	(655, 'bwc'),
	(656, 'bwc'),
	(657, 'bwc'),
	(658, 'bwc'),
	(659, 'bwc'),
	(660, 'bwc'),
	(661, 'bwc'),
	(662, 'bwc'),
	(663, 'bwc'),
	(664, 'bwc'),
	(665, 'bwc'),
	(666, 'bwc'),
	(667, 'bwc'),
	(668, 'bwc'),
	(669, 'bwc'),
	(670, 'bwc'),
	(671, 'bwc'),
	(672, 'bwc'),
	(673, 'bwc'),
	(674, 'bwc'),
	(675, 'bwc'),
	(676, 'bwc'),
	(677, 'bwc'),
	(678, 'bwc'),
	(679, 'bwc'),
	(680, 'bwc'),
	(681, 'bwc'),
	(682, 'bwc'),
	(683, 'bwc'),
	(684, 'bwc'),
	(685, 'bwc'),
	(686, 'bwc'),
	(687, 'bwc'),
	(688, 'bwc'),
	(689, 'bwc'),
	(690, 'bwc'),
	(691, 'bwc'),
	(692, 'bwc'),
	(693, 'bwc'),
	(694, 'bwc'),
	(695, 'bwc'),
	(696, 'bwc'),
	(697, 'bwc'),
	(698, 'bwc'),
	(699, 'bwc');

INSERT INTO dat."LifepathLeads"
	("LifepathId", "SettingId")
VALUES
	(0, 1),
	(1, 1),
	(1, 4),
	(1, 3),
	(1, 2),
	(2, 1),
	(2, 3),
	(2, 5),
	(3, 5),
	(3, 3),
	(4, 5),
	(4, 3),
	(4, 4),
	(5, 5),
	(5, 3),
	(6, 5),
	(6, 3),
	(7, 5),
	(7, 3),
	(8, 2),
	(8, 5),
	(8, 6),
	(9, 2),
	(10, 2),
	(10, 3),
	(11, 2),
	(11, 3),
	(12, 2),
	(12, 5),
	(13, 3),
	(13, 2),
	(14, 2),
	(14, 3),
	(15, 2),
	(15, 3),
	(15, 5),
	(16, 2),
	(16, 3),
	(16, 0),
	(17, 2),
	(17, 3),
	(17, 5),
	(18, 3),
	(18, 2),
	(19, 1),
	(20, 1),
	(20, 3),
	(21, 1),
	(21, 3),
	(22, 1),
	(22, 3),
	(22, 5),
	(23, 1),
	(23, 5),
	(23, 3),
	(24, 1),
	(24, 0),
	(25, 1),
	(25, 0),
	(25, 3),
	(26, 1),
	(26, 0),
	(27, 1),
	(27, 5),
	(28, 0),
	(28, 5),
	(28, 3),
	(30, 5),
	(31, 1),
	(31, 5),
	(31, 2),
	(32, 1),
	(32, 5),
	(32, 2),
	(33, 1),
	(33, 5),
	(33, 2),
	(34, 1),
	(34, 5),
	(34, 2),
	(35, 2),
	(35, 5),
	(35, 4),
	(36, 2),
	(36, 5),
	(36, 4),
	(37, 2),
	(37, 5),
	(37, 4),
	(38, 2),
	(38, 5),
	(38, 4),
	(39, 2),
	(39, 5),
	(39, 4),
	(40, 0),
	(40, 5),
	(40, 4),
	(41, 0),
	(41, 4),
	(42, 5),
	(42, 4),
	(43, 6),
	(44, 5),
	(45, 2),
	(45, 0),
	(46, 2),
	(46, 0),
	(46, 5),
	(47, 2),
	(47, 0),
	(47, 5),
	(48, 3),
	(48, 5),
	(49, 2),
	(49, 0),
	(49, 3),
	(50, 2),
	(50, 3),
	(51, 5),
	(51, 3),
	(52, 3),
	(52, 5),
	(53, 3),
	(53, 5),
	(54, 1),
	(54, 2),
	(55, 1),
	(56, 1),
	(57, 1),
	(59, 1),
	(59, 2),
	(59, 0),
	(59, 4),
	(60, 1),
	(60, 6),
	(62, 3),
	(62, 6),
	(63, 2),
	(64, 3),
	(65, 5),
	(66, 3),
	(67, 1),
	(67, 5),
	(68, 3),
	(68, 5),
	(69, 8),
	(69, 11),
	(70, 8),
	(70, 10),
	(70, 11),
	(71, 10),
	(71, 11),
	(72, 11),
	(73, 8),
	(73, 11),
	(74, 8),
	(74, 11),
	(75, 8),
	(75, 11),
	(76, 8),
	(76, 10),
	(76, 11),
	(77, 8),
	(77, 10),
	(77, 11),
	(78, 8),
	(78, 11),
	(79, 7),
	(79, 10),
	(79, 11),
	(80, 7),
	(80, 11),
	(81, 7),
	(81, 11),
	(82, 7),
	(82, 10),
	(82, 11),
	(83, 7),
	(83, 10),
	(83, 11),
	(84, 7),
	(84, 11),
	(85, 7),
	(85, 9),
	(85, 11),
	(86, 7),
	(86, 11),
	(87, 7),
	(87, 10),
	(87, 11),
	(88, 7),
	(88, 11),
	(89, 7),
	(89, 10),
	(89, 11),
	(90, 7),
	(90, 10),
	(90, 11),
	(91, 7),
	(91, 10),
	(91, 11),
	(92, 7),
	(92, 10),
	(92, 9),
	(92, 11),
	(93, 7),
	(93, 10),
	(93, 11),
	(94, 7),
	(94, 10),
	(94, 9),
	(94, 11),
	(95, 7),
	(95, 11),
	(96, 7),
	(96, 10),
	(96, 11),
	(97, 7),
	(97, 10),
	(97, 11),
	(98, 7),
	(98, 10),
	(98, 9),
	(98, 11),
	(99, 7),
	(99, 10),
	(99, 11),
	(100, 7),
	(100, 11),
	(101, 7),
	(101, 10),
	(101, 11),
	(102, 7),
	(102, 10),
	(102, 11),
	(103, 7),
	(103, 9),
	(103, 11),
	(104, 7),
	(104, 10),
	(104, 9),
	(104, 11),
	(105, 7),
	(105, 8),
	(105, 11),
	(106, 7),
	(106, 8),
	(106, 11),
	(107, 7),
	(107, 8),
	(107, 10),
	(107, 11),
	(108, 7),
	(108, 8),
	(108, 10),
	(108, 11),
	(109, 7),
	(109, 8),
	(109, 10),
	(109, 11),
	(110, 8),
	(110, 10),
	(110, 11),
	(111, 8),
	(111, 10),
	(111, 11),
	(112, 8),
	(112, 10),
	(112, 11),
	(113, 8),
	(113, 7),
	(113, 11),
	(114, 8),
	(114, 7),
	(114, 11),
	(115, 8),
	(115, 7),
	(115, 11),
	(116, 7),
	(116, 11),
	(117, 8),
	(117, 7),
	(117, 11),
	(118, 8),
	(118, 7),
	(118, 11),
	(119, 7),
	(119, 8),
	(119, 9),
	(119, 11),
	(120, 8),
	(120, 7),
	(120, 11),
	(121, 7),
	(121, 8),
	(121, 9),
	(121, 11),
	(122, 7),
	(122, 8),
	(122, 9),
	(122, 11),
	(123, 7),
	(123, 8),
	(123, 9),
	(123, 11),
	(124, 7),
	(124, 8),
	(124, 11),
	(125, 7),
	(125, 8),
	(125, 11),
	(126, 7),
	(126, 8),
	(126, 9),
	(126, 11),
	(135, 29),
	(137, 22),
	(137, 16),
	(137, 15),
	(137, 17),
	(137, 13),
	(138, 17),
	(138, 16),
	(138, 20),
	(139, 23),
	(139, 19),
	(140, 17),
	(140, 22),
	(140, 23),
	(141, 17),
	(141, 22),
	(141, 23),
	(142, 23),
	(142, 19),
	(143, 19),
	(143, 17),
	(143, 22),
	(143, 18),
	(144, 20),
	(144, 22),
	(144, 23),
	(145, 18),
	(145, 23),
	(145, 19),
	(146, 19),
	(146, 17),
	(146, 22),
	(147, 17),
	(147, 16),
	(148, 17),
	(148, 23),
	(148, 22),
	(149, 17),
	(149, 22),
	(149, 19),
	(150, 17),
	(150, 23),
	(150, 19),
	(151, 17),
	(151, 19),
	(151, 23),
	(152, 23),
	(152, 22),
	(152, 18),
	(152, 17),
	(153, 19),
	(153, 21),
	(153, 18),
	(153, 22),
	(154, 18),
	(154, 23),
	(154, 21),
	(154, 22),
	(154, 16),
	(154, 20),
	(154, 19),
	(154, 17),
	(155, 17),
	(155, 22),
	(155, 16),
	(156, 23),
	(156, 16),
	(156, 17),
	(157, 23),
	(157, 18),
	(157, 17),
	(157, 22),
	(157, 13),
	(158, 18),
	(158, 17),
	(158, 22),
	(158, 20),
	(159, 17),
	(159, 18),
	(159, 16),
	(160, 17),
	(160, 18),
	(160, 16),
	(161, 17),
	(161, 18),
	(161, 16),
	(162, 17),
	(162, 18),
	(162, 16),
	(163, 23),
	(163, 17),
	(163, 19),
	(164, 23),
	(164, 18),
	(164, 17),
	(165, 22),
	(165, 18),
	(165, 17),
	(165, 19),
	(166, 23),
	(166, 18),
	(167, 23),
	(167, 18),
	(168, 23),
	(168, 18),
	(169, 23),
	(169, 18),
	(170, 16),
	(170, 18),
	(170, 23),
	(171, 16),
	(171, 18),
	(171, 23),
	(172, 23),
	(172, 17),
	(172, 19),
	(173, 23),
	(173, 18),
	(174, 23),
	(174, 18),
	(175, 23),
	(175, 17),
	(175, 16),
	(175, 13),
	(176, 23),
	(176, 18),
	(176, 17),
	(177, 23),
	(177, 18),
	(177, 17),
	(178, 23),
	(178, 17),
	(178, 19),
	(179, 19),
	(179, 21),
	(179, 17),
	(180, 19),
	(180, 17),
	(181, 19),
	(181, 17),
	(182, 19),
	(182, 17),
	(182, 16),
	(183, 23),
	(183, 18),
	(183, 19),
	(183, 21),
	(184, 23),
	(184, 19),
	(185, 23),
	(185, 18),
	(185, 19),
	(185, 21),
	(186, 19),
	(186, 16),
	(187, 23),
	(187, 19),
	(187, 16),
	(188, 19),
	(188, 16),
	(188, 17),
	(189, 16),
	(189, 17),
	(190, 18),
	(190, 23),
	(191, 18),
	(191, 23),
	(192, 17),
	(192, 16),
	(192, 19),
	(192, 23),
	(193, 17),
	(193, 16),
	(193, 23),
	(194, 17),
	(194, 16),
	(194, 23),
	(195, 16),
	(195, 19),
	(195, 18),
	(196, 17),
	(196, 22),
	(196, 20),
	(197, 16),
	(197, 15),
	(198, 23),
	(198, 18),
	(198, 16),
	(199, 23),
	(199, 17),
	(199, 16),
	(199, 13),
	(200, 18),
	(200, 23),
	(200, 21),
	(200, 22),
	(200, 16),
	(200, 20),
	(200, 19),
	(200, 17),
	(201, 16),
	(201, 23),
	(202, 23),
	(202, 16),
	(202, 17),
	(203, 19),
	(203, 16),
	(204, 23),
	(204, 16),
	(204, 19),
	(205, 16),
	(205, 20),
	(206, 18),
	(206, 23),
	(206, 15),
	(206, 21),
	(206, 22),
	(206, 16),
	(206, 20),
	(206, 19),
	(206, 17),
	(207, 20),
	(208, 17),
	(208, 16),
	(208, 20),
	(208, 14),
	(209, 18),
	(209, 19),
	(209, 22),
	(210, 16),
	(210, 12),
	(210, 17),
	(211, 16),
	(211, 12),
	(211, 17),
	(212, 20),
	(212, 17),
	(212, 12),
	(213, 16),
	(213, 12),
	(213, 17),
	(213, 21),
	(214, 16),
	(214, 12),
	(214, 17),
	(215, 16),
	(215, 12),
	(215, 17),
	(216, 16),
	(216, 20),
	(216, 17),
	(217, 16),
	(217, 12),
	(218, 16),
	(218, 20),
	(219, 17),
	(219, 22),
	(220, 17),
	(220, 19),
	(220, 22),
	(221, 17),
	(221, 19),
	(221, 22),
	(222, 17),
	(222, 19),
	(222, 12),
	(223, 17),
	(223, 19),
	(223, 22),
	(223, 12),
	(224, 17),
	(224, 19),
	(224, 22),
	(225, 17),
	(225, 19),
	(225, 20),
	(226, 17),
	(226, 22),
	(227, 18),
	(227, 23),
	(227, 12),
	(227, 21),
	(227, 22),
	(227, 20),
	(227, 19),
	(227, 17),
	(227, 13),
	(228, 17),
	(228, 19),
	(228, 12),
	(228, 20),
	(229, 19),
	(229, 12),
	(229, 22),
	(230, 12),
	(230, 20),
	(230, 16),
	(231, 19),
	(231, 12),
	(231, 22),
	(231, 17),
	(232, 12),
	(232, 16),
	(232, 17),
	(232, 13),
	(233, 12),
	(233, 20),
	(233, 16),
	(234, 12),
	(234, 16),
	(234, 20),
	(235, 19),
	(235, 12),
	(235, 17),
	(235, 20),
	(236, 12),
	(236, 17),
	(236, 20),
	(236, 16),
	(237, 19),
	(237, 16),
	(237, 12),
	(238, 12),
	(238, 16),
	(238, 17),
	(238, 20),
	(239, 16),
	(239, 19),
	(240, 16),
	(240, 19),
	(241, 16),
	(241, 19),
	(242, 16),
	(242, 19),
	(243, 16),
	(243, 19),
	(244, 16),
	(244, 19),
	(244, 20),
	(245, 17),
	(245, 19),
	(245, 22),
	(245, 13),
	(245, 14),
	(246, 12),
	(246, 17),
	(246, 23),
	(247, 17),
	(247, 22),
	(248, 12),
	(248, 17),
	(249, 17),
	(249, 22),
	(250, 17),
	(250, 22),
	(250, 23),
	(251, 12),
	(251, 23),
	(251, 19),
	(252, 12),
	(252, 22),
	(253, 17),
	(253, 22),
	(253, 19),
	(254, 18),
	(254, 16),
	(254, 23),
	(254, 17),
	(255, 12),
	(255, 15),
	(255, 20),
	(256, 19),
	(256, 12),
	(256, 17),
	(257, 18),
	(257, 19),
	(257, 17),
	(258, 18),
	(258, 19),
	(258, 12),
	(259, 18),
	(259, 19),
	(260, 19),
	(260, 22),
	(260, 12),
	(261, 17),
	(261, 12),
	(262, 19),
	(262, 12),
	(262, 22),
	(262, 17),
	(262, 16),
	(263, 12),
	(263, 16),
	(263, 20),
	(264, 19),
	(264, 16),
	(264, 17),
	(265, 12),
	(265, 17),
	(265, 16),
	(266, 17),
	(266, 22),
	(266, 23),
	(267, 19),
	(267, 20),
	(267, 22),
	(268, 17),
	(268, 12),
	(268, 13),
	(269, 12),
	(269, 17),
	(269, 20),
	(270, 12),
	(270, 17),
	(271, 12),
	(271, 17),
	(271, 23),
	(272, 12),
	(272, 19),
	(273, 19),
	(273, 12),
	(274, 17),
	(274, 12),
	(274, 20),
	(275, 12),
	(275, 16),
	(275, 17),
	(275, 20),
	(276, 12),
	(276, 19),
	(277, 12),
	(277, 19),
	(278, 12),
	(278, 16),
	(278, 19),
	(278, 20),
	(279, 12),
	(279, 19),
	(279, 17),
	(280, 12),
	(280, 19),
	(280, 20),
	(280, 17),
	(281, 12),
	(281, 19),
	(282, 12),
	(282, 19),
	(282, 17),
	(283, 12),
	(283, 19),
	(283, 20),
	(284, 12),
	(284, 19),
	(284, 20),
	(285, 18),
	(285, 23),
	(285, 12),
	(285, 15),
	(285, 21),
	(285, 22),
	(285, 20),
	(285, 19),
	(285, 17),
	(286, 17),
	(286, 12),
	(286, 13),
	(287, 17),
	(287, 18),
	(287, 23),
	(287, 13),
	(288, 19),
	(288, 22),
	(288, 13),
	(288, 14),
	(289, 18),
	(289, 19),
	(289, 22),
	(290, 12),
	(290, 19),
	(290, 20),
	(291, 12),
	(291, 19),
	(291, 23),
	(291, 21),
	(292, 12),
	(292, 19),
	(292, 23),
	(292, 21),
	(293, 19),
	(293, 12),
	(293, 22),
	(293, 21),
	(293, 14),
	(294, 12),
	(294, 19),
	(294, 22),
	(295, 22),
	(295, 12),
	(295, 14),
	(296, 22),
	(296, 19),
	(296, 23),
	(297, 22),
	(297, 14),
	(298, 19),
	(298, 12),
	(298, 23),
	(298, 18),
	(298, 21),
	(299, 22),
	(299, 12),
	(299, 19),
	(300, 19),
	(300, 22),
	(300, 14),
	(302, 18),
	(302, 19),
	(302, 23),
	(303, 19),
	(303, 18),
	(303, 14),
	(304, 18),
	(304, 23),
	(304, 12),
	(304, 19),
	(305, 23),
	(305, 12),
	(305, 19),
	(306, 18),
	(306, 23),
	(306, 12),
	(306, 19),
	(307, 12),
	(307, 19),
	(307, 14),
	(308, 18),
	(308, 22),
	(308, 19),
	(308, 14),
	(309, 12),
	(309, 23),
	(309, 16),
	(310, 19),
	(310, 12),
	(311, 19),
	(311, 12),
	(311, 22),
	(312, 19),
	(312, 18),
	(313, 21),
	(313, 12),
	(313, 23),
	(314, 19),
	(314, 12),
	(314, 23),
	(315, 19),
	(315, 18),
	(315, 22),
	(315, 14),
	(316, 19),
	(316, 18),
	(316, 22),
	(317, 18),
	(317, 12),
	(317, 21),
	(318, 22),
	(318, 21),
	(318, 20),
	(318, 14),
	(319, 18),
	(319, 22),
	(319, 23),
	(320, 18),
	(320, 22),
	(320, 14),
	(321, 18),
	(321, 23),
	(321, 12),
	(321, 15),
	(321, 21),
	(321, 22),
	(321, 16),
	(321, 20),
	(321, 19),
	(322, 18),
	(322, 23),
	(323, 14),
	(324, 12),
	(324, 19),
	(324, 13),
	(325, 12),
	(325, 16),
	(325, 19),
	(326, 12),
	(326, 23),
	(326, 18),
	(326, 19),
	(327, 18),
	(327, 23),
	(327, 24),
	(329, 12),
	(329, 16),
	(329, 22),
	(329, 24),
	(330, 18),
	(330, 22),
	(331, 22),
	(331, 19),
	(331, 16),
	(332, 24),
	(332, 23),
	(333, 22),
	(333, 24),
	(334, 22),
	(334, 19),
	(334, 21),
	(334, 20),
	(334, 13),
	(335, 17),
	(335, 16),
	(335, 20),
	(336, 23),
	(336, 19),
	(336, 22),
	(337, 23),
	(337, 19),
	(338, 23),
	(338, 17),
	(339, 17),
	(339, 22),
	(339, 19),
	(340, 22),
	(340, 19),
	(340, 17),
	(341, 17),
	(341, 22),
	(341, 23),
	(342, 23),
	(343, 23),
	(343, 19),
	(343, 21),
	(344, 23),
	(344, 19),
	(345, 23),
	(345, 17),
	(346, 23),
	(346, 17),
	(346, 19),
	(347, 23),
	(347, 17),
	(347, 19),
	(348, 23),
	(348, 22),
	(348, 12),
	(348, 17),
	(349, 23),
	(349, 17),
	(350, 22),
	(350, 17),
	(351, 23),
	(351, 17),
	(351, 12),
	(352, 17),
	(352, 23),
	(352, 12),
	(352, 16),
	(353, 20),
	(354, 17),
	(354, 23),
	(355, 17),
	(355, 22),
	(355, 13),
	(355, 14),
	(356, 23),
	(356, 18),
	(356, 22),
	(356, 17),
	(356, 14),
	(357, 12),
	(357, 18),
	(357, 23),
	(357, 14),
	(358, 23),
	(358, 18),
	(358, 22),
	(358, 14),
	(359, 17),
	(359, 23),
	(359, 22),
	(359, 14),
	(360, 17),
	(360, 23),
	(360, 22),
	(360, 14),
	(361, 17),
	(361, 23),
	(361, 22),
	(361, 14),
	(362, 21),
	(362, 17),
	(362, 23),
	(362, 22),
	(362, 14),
	(363, 23),
	(363, 22),
	(363, 16),
	(363, 14),
	(364, 23),
	(364, 22),
	(364, 16),
	(364, 14),
	(365, 18),
	(365, 22),
	(365, 17),
	(365, 14),
	(366, 23),
	(366, 22),
	(366, 16),
	(366, 14),
	(367, 17),
	(367, 16),
	(367, 14),
	(368, 23),
	(368, 22),
	(368, 16),
	(368, 14),
	(369, 23),
	(369, 18),
	(369, 17),
	(369, 14),
	(370, 12),
	(370, 23),
	(370, 17),
	(370, 14),
	(371, 16),
	(371, 12),
	(371, 17),
	(371, 14),
	(372, 17),
	(372, 12),
	(372, 21),
	(372, 16),
	(372, 20),
	(372, 14),
	(373, 12),
	(373, 16),
	(373, 17),
	(373, 14),
	(374, 12),
	(374, 16),
	(374, 17),
	(374, 14),
	(375, 23),
	(375, 12),
	(375, 16),
	(375, 14),
	(376, 18),
	(376, 23),
	(376, 12),
	(376, 21),
	(376, 22),
	(376, 16),
	(376, 20),
	(376, 17),
	(376, 14),
	(377, 17),
	(377, 19),
	(377, 22),
	(377, 13),
	(377, 14),
	(378, 17),
	(378, 16),
	(379, 18),
	(379, 12),
	(379, 23),
	(379, 17),
	(380, 17),
	(380, 18),
	(380, 22),
	(380, 16),
	(381, 23),
	(381, 12),
	(381, 15),
	(381, 21),
	(381, 22),
	(381, 16),
	(381, 19),
	(381, 17),
	(382, 17),
	(382, 22),
	(382, 12),
	(382, 14),
	(382, 23),
	(383, 17),
	(383, 23),
	(383, 18),
	(384, 12),
	(384, 17),
	(384, 16),
	(385, 12),
	(385, 17),
	(386, 12),
	(386, 16),
	(386, 23),
	(387, 12),
	(387, 23),
	(387, 16),
	(388, 18),
	(388, 23),
	(388, 17),
	(389, 18),
	(389, 17),
	(389, 16),
	(390, 12),
	(390, 17),
	(390, 19),
	(391, 23),
	(391, 17),
	(391, 19),
	(391, 16),
	(392, 17),
	(392, 12),
	(392, 16),
	(393, 17),
	(393, 19),
	(393, 12),
	(393, 16),
	(394, 12),
	(394, 23),
	(394, 16),
	(395, 12),
	(395, 17),
	(395, 16),
	(396, 12),
	(396, 17),
	(396, 16),
	(397, 12),
	(397, 17),
	(397, 16),
	(398, 12),
	(398, 17),
	(398, 16),
	(400, 23),
	(400, 19),
	(400, 17),
	(401, 23),
	(401, 18),
	(401, 25),
	(402, 23),
	(402, 12),
	(402, 16),
	(402, 19),
	(402, 17),
	(403, 23),
	(403, 17),
	(403, 16),
	(404, 23),
	(404, 17),
	(404, 16),
	(405, 22),
	(405, 19),
	(405, 17),
	(405, 13),
	(406, 17),
	(406, 16),
	(406, 20),
	(407, 12),
	(407, 22),
	(407, 19),
	(407, 17),
	(408, 22),
	(408, 19),
	(408, 17),
	(409, 17),
	(409, 22),
	(409, 12),
	(410, 22),
	(410, 19),
	(410, 17),
	(411, 19),
	(411, 12),
	(411, 23),
	(411, 17),
	(412, 22),
	(412, 19),
	(412, 12),
	(412, 17),
	(413, 22),
	(413, 17),
	(414, 22),
	(414, 19),
	(415, 22),
	(415, 19),
	(416, 19),
	(416, 12),
	(416, 23),
	(416, 17),
	(417, 19),
	(417, 12),
	(417, 23),
	(417, 17),
	(418, 19),
	(418, 12),
	(418, 23),
	(418, 17),
	(419, 19),
	(419, 12),
	(419, 23),
	(419, 17),
	(420, 19),
	(420, 12),
	(420, 23),
	(420, 17),
	(421, 19),
	(421, 12),
	(421, 23),
	(421, 17),
	(422, 23),
	(422, 12),
	(422, 20),
	(422, 19),
	(423, 22),
	(423, 12),
	(423, 23),
	(423, 17),
	(424, 19),
	(424, 12),
	(424, 22),
	(424, 17),
	(425, 19),
	(425, 22),
	(425, 23),
	(425, 17),
	(426, 19),
	(426, 12),
	(426, 22),
	(426, 17),
	(427, 19),
	(427, 12),
	(427, 22),
	(427, 17),
	(428, 19),
	(428, 12),
	(428, 22),
	(428, 17),
	(429, 22),
	(429, 17),
	(429, 19),
	(429, 12),
	(430, 22),
	(430, 17),
	(430, 19),
	(430, 12),
	(431, 22),
	(431, 17),
	(431, 19),
	(431, 12),
	(432, 18),
	(432, 23),
	(432, 12),
	(432, 22),
	(432, 16),
	(432, 20),
	(432, 19),
	(432, 17),
	(433, 19),
	(433, 17),
	(434, 17),
	(434, 16),
	(434, 20),
	(435, 19),
	(435, 17),
	(436, 19),
	(436, 17),
	(436, 12),
	(436, 16),
	(437, 19),
	(437, 17),
	(438, 19),
	(438, 17),
	(438, 12),
	(438, 14),
	(439, 19),
	(439, 17),
	(439, 12),
	(439, 14),
	(440, 17),
	(440, 14),
	(441, 18),
	(441, 19),
	(441, 17),
	(442, 24),
	(442, 25),
	(443, 25),
	(444, 17),
	(444, 19),
	(444, 24),
	(445, 17),
	(445, 20),
	(446, 17),
	(446, 12),
	(446, 16),
	(447, 17),
	(447, 24),
	(448, 17),
	(449, 17),
	(450, 17),
	(450, 25),
	(451, 17),
	(451, 25),
	(452, 17),
	(452, 12),
	(453, 17),
	(454, 17),
	(454, 19),
	(454, 25),
	(455, 17),
	(455, 24),
	(456, 17),
	(456, 25),
	(457, 17),
	(458, 17),
	(459, 17),
	(459, 12),
	(459, 25),
	(460, 17),
	(460, 24),
	(461, 23),
	(461, 19),
	(462, 23),
	(462, 19),
	(462, 24),
	(463, 17),
	(463, 25),
	(464, 17),
	(464, 16),
	(464, 25),
	(465, 18),
	(465, 22),
	(465, 21),
	(465, 20),
	(465, 13),
	(466, 17),
	(466, 16),
	(466, 20),
	(467, 18),
	(467, 12),
	(467, 21),
	(467, 22),
	(467, 20),
	(467, 19),
	(467, 17),
	(468, 17),
	(468, 18),
	(469, 20),
	(469, 22),
	(469, 12),
	(470, 22),
	(470, 17),
	(471, 18),
	(471, 12),
	(471, 19),
	(472, 12),
	(472, 18),
	(472, 19),
	(473, 18),
	(473, 22),
	(473, 12),
	(473, 17),
	(474, 12),
	(474, 18),
	(475, 12),
	(475, 17),
	(475, 19),
	(476, 19),
	(476, 12),
	(476, 18),
	(476, 22),
	(476, 21),
	(477, 19),
	(477, 17),
	(477, 22),
	(477, 18),
	(478, 19),
	(478, 17),
	(478, 22),
	(478, 18),
	(479, 12),
	(479, 17),
	(479, 19),
	(480, 18),
	(480, 12),
	(480, 21),
	(480, 22),
	(480, 16),
	(480, 20),
	(480, 19),
	(480, 17),
	(481, 12),
	(481, 18),
	(482, 19),
	(482, 12),
	(482, 18),
	(482, 22),
	(483, 19),
	(483, 22),
	(483, 16),
	(484, 19),
	(484, 22),
	(484, 16),
	(485, 12),
	(485, 18),
	(486, 12),
	(486, 18),
	(486, 17),
	(487, 18),
	(487, 19),
	(487, 12),
	(488, 18),
	(488, 19),
	(488, 12),
	(489, 12),
	(489, 18),
	(489, 17),
	(490, 12),
	(490, 18),
	(490, 17),
	(491, 12),
	(491, 18),
	(491, 16),
	(492, 18),
	(492, 22),
	(492, 12),
	(492, 17),
	(493, 17),
	(493, 19),
	(493, 18),
	(494, 18),
	(494, 12),
	(494, 21),
	(494, 22),
	(494, 20),
	(494, 19),
	(494, 17),
	(495, 18),
	(495, 12),
	(495, 21),
	(495, 22),
	(495, 20),
	(495, 19),
	(495, 17),
	(495, 14),
	(496, 12),
	(496, 18),
	(496, 19),
	(496, 21),
	(497, 12),
	(497, 18),
	(497, 19),
	(497, 21),
	(498, 12),
	(498, 18),
	(499, 19),
	(499, 17),
	(499, 18),
	(500, 12),
	(500, 19),
	(501, 16),
	(501, 18),
	(502, 12),
	(502, 18),
	(502, 16),
	(503, 12),
	(503, 16),
	(503, 19),
	(504, 12),
	(504, 17),
	(504, 19),
	(505, 12),
	(505, 17),
	(505, 21),
	(506, 20),
	(506, 12),
	(506, 22),
	(507, 18),
	(507, 15),
	(507, 17),
	(507, 22),
	(508, 18),
	(508, 15),
	(508, 17),
	(509, 17),
	(509, 22),
	(510, 17),
	(510, 22),
	(511, 18),
	(511, 17),
	(511, 22),
	(512, 23),
	(512, 17),
	(512, 22),
	(513, 18),
	(513, 17),
	(513, 22),
	(514, 23),
	(514, 17),
	(514, 22),
	(514, 25),
	(515, 20),
	(515, 17),
	(515, 22),
	(516, 19),
	(516, 17),
	(516, 22),
	(517, 18),
	(517, 23),
	(517, 12),
	(517, 15),
	(517, 22),
	(517, 24),
	(517, 16),
	(517, 20),
	(517, 19),
	(517, 17),
	(517, 25),
	(518, 18),
	(518, 23),
	(518, 12),
	(518, 17),
	(518, 22),
	(519, 17),
	(519, 22),
	(519, 25),
	(520, 23),
	(520, 12),
	(520, 17),
	(520, 22),
	(521, 22),
	(521, 17),
	(521, 19),
	(522, 22),
	(522, 17),
	(522, 12),
	(523, 22),
	(523, 17),
	(523, 12),
	(524, 22),
	(524, 17),
	(525, 22),
	(525, 17),
	(526, 22),
	(526, 17),
	(526, 23),
	(526, 12),
	(526, 25),
	(527, 22),
	(527, 17),
	(527, 19),
	(528, 22),
	(528, 17),
	(528, 19),
	(529, 17),
	(529, 22),
	(529, 20),
	(530, 17),
	(530, 22),
	(531, 17),
	(531, 22),
	(531, 19),
	(532, 17),
	(532, 22),
	(533, 18),
	(533, 22),
	(534, 23),
	(535, 17),
	(535, 18),
	(536, 17),
	(536, 12),
	(536, 16),
	(537, 17),
	(537, 18),
	(538, 17),
	(538, 12),
	(538, 19),
	(539, 17),
	(539, 12),
	(539, 18),
	(539, 25),
	(540, 17),
	(540, 12),
	(540, 16),
	(540, 25),
	(541, 12),
	(541, 17),
	(542, 12),
	(542, 17),
	(543, 19),
	(543, 17),
	(544, 12),
	(544, 16),
	(544, 17),
	(545, 12),
	(545, 17),
	(546, 27),
	(547, 27),
	(548, 27),
	(549, 27),
	(550, 27),
	(551, 27),
	(552, 27),
	(553, 27),
	(553, 28),
	(554, 27),
	(554, 28),
	(555, 27),
	(555, 28),
	(556, 27),
	(556, 28),
	(557, 28),
	(557, 29),
	(558, 26),
	(558, 29),
	(560, 26),
	(565, 26),
	(570, 26),
	(571, 26),
	(572, 29),
	(573, 26),
	(573, 29),
	(574, 26),
	(574, 27),
	(575, 26),
	(575, 27),
	(576, 27),
	(577, 27),
	(578, 27),
	(579, 27),
	(580, 29),
	(582, 27),
	(583, 27),
	(584, 27),
	(585, 27),
	(585, 26),
	(586, 27),
	(586, 26),
	(593, 33),
	(595, 31),
	(595, 33),
	(597, 31),
	(597, 33),
	(598, 33),
	(599, 31),
	(599, 33),
	(600, 31),
	(600, 33),
	(601, 31),
	(601, 33),
	(603, 33),
	(605, 31),
	(605, 33),
	(607, 31),
	(608, 33),
	(609, 33),
	(612, 30),
	(612, 33),
	(613, 32),
	(613, 33),
	(614, 32),
	(614, 33),
	(615, 32),
	(615, 30),
	(615, 33),
	(616, 32),
	(616, 30),
	(616, 33),
	(617, 32),
	(617, 30),
	(617, 33),
	(619, 33),
	(620, 31),
	(621, 31),
	(622, 31),
	(622, 33),
	(623, 31),
	(632, 31),
	(633, 31),
	(633, 33),
	(636, 31),
	(636, 33),
	(637, 31),
	(637, 33),
	(640, 31),
	(646, 32),
	(646, 30),
	(646, 31),
	(650, 31),
	(650, 30),
	(651, 35),
	(652, 36),
	(653, 35),
	(653, 36),
	(654, 35),
	(656, 34),
	(659, 36),
	(660, 36),
	(661, 36),
	(664, 35),
	(665, 34),
	(667, 35),
	(669, 35),
	(670, 34),
	(670, 35),
	(671, 35),
	(672, 40),
	(672, 39),
	(673, 41),
	(673, 39),
	(675, 41),
	(675, 39),
	(678, 42),
	(678, 40),
	(678, 37),
	(678, 41),
	(678, 38),
	(679, 42),
	(679, 40),
	(679, 37),
	(680, 37),
	(681, 37),
	(683, 39),
	(688, 39),
	(689, 39),
	(689, 37),
	(691, 38),
	(692, 37),
	(693, 37),
	(693, 39),
	(694, 37),
	(694, 39),
	(695, 37),
	(695, 39),
	(696, 37),
	(696, 39),
	(697, 37),
	(697, 39),
	(698, 39),
	(699, 37),
	(699, 39);

INSERT INTO dat."LifepathSkills"
	("LifepathId", "SkillId")
VALUES
	(0, 708),
	(1, 82),
	(1, 177),
	(1, 555),
	(2, 687),
	(2, 128),
	(2, 355),
	(3, 701),
	(3, 74),
	(3, 704),
	(3, 692),
	(4, 112),
	(4, 384),
	(4, 702),
	(5, 694),
	(5, 165),
	(5, 693),
	(5, 188),
	(5, 75),
	(6, 691),
	(6, 12),
	(6, 71),
	(6, 47),
	(6, 454),
	(7, 696),
	(7, 560),
	(7, 468),
	(8, 212),
	(8, 322),
	(8, 631),
	(10, 79),
	(10, 328),
	(10, 415),
	(11, 10),
	(11, 385),
	(11, 709),
	(11, 44),
	(12, 714),
	(12, 128),
	(12, 164),
	(13, 596),
	(13, 391),
	(13, 690),
	(14, 711),
	(14, 130),
	(14, 128),
	(14, 31),
	(14, 396),
	(15, 706),
	(15, 695),
	(15, 130),
	(15, 269),
	(16, 485),
	(16, 599),
	(16, 71),
	(17, 313),
	(17, 379),
	(17, 97),
	(17, 177),
	(18, 688),
	(18, 200),
	(18, 407),
	(18, 421),
	(20, 416),
	(20, 531),
	(20, 140),
	(20, 707),
	(21, 99),
	(21, 607),
	(21, 290),
	(21, 525),
	(22, 10),
	(22, 65),
	(22, 128),
	(22, 470),
	(23, 107),
	(23, 49),
	(23, 183),
	(23, 97),
	(23, 557),
	(24, 39),
	(24, 190),
	(24, 36),
	(24, 539),
	(25, 97),
	(25, 519),
	(25, 38),
	(25, 128),
	(25, 687),
	(26, 12),
	(26, 171),
	(26, 253),
	(27, 699),
	(27, 698),
	(27, 97),
	(27, 143),
	(28, 157),
	(28, 212),
	(28, 694),
	(28, 696),
	(28, 103),
	(28, 628),
	(28, 354),
	(29, 699),
	(29, 3),
	(29, 710),
	(29, 289),
	(29, 559),
	(30, 698),
	(30, 1),
	(30, 122),
	(30, 78),
	(30, 461),
	(30, 629),
	(30, 630),
	(31, 87),
	(31, 30),
	(31, 98),
	(31, 15),
	(31, 169),
	(31, 286),
	(32, 54),
	(32, 128),
	(32, 84),
	(32, 705),
	(32, 620),
	(33, 49),
	(33, 262),
	(33, 111),
	(34, 713),
	(34, 49),
	(34, 286),
	(34, 562),
	(35, 87),
	(35, 20),
	(35, 49),
	(35, 111),
	(35, 15),
	(35, 169),
	(35, 92),
	(35, 193),
	(36, 111),
	(36, 80),
	(36, 47),
	(36, 287),
	(37, 712),
	(37, 177),
	(37, 50),
	(37, 428),
	(38, 122),
	(38, 1),
	(38, 182),
	(38, 566),
	(38, 421),
	(39, 47),
	(39, 49),
	(39, 92),
	(39, 189),
	(39, 37),
	(39, 400),
	(40, 17),
	(40, 128),
	(40, 36),
	(40, 561),
	(41, 112),
	(41, 703),
	(41, 164),
	(41, 445),
	(42, 49),
	(42, 140),
	(42, 139),
	(42, 182),
	(42, 75),
	(42, 300),
	(43, 215),
	(43, 13),
	(43, 105),
	(43, 189),
	(43, 174),
	(44, 214),
	(44, 13),
	(44, 189),
	(44, 141),
	(44, 195),
	(44, 157),
	(45, 708),
	(46, 42),
	(46, 75),
	(46, 480),
	(47, 173),
	(47, 177),
	(47, 1),
	(47, 617),
	(48, 20),
	(48, 15),
	(48, 169),
	(48, 92),
	(48, 193),
	(49, 106),
	(49, 8),
	(49, 313),
	(49, 354),
	(49, 148),
	(49, 37),
	(49, 75),
	(49, 188),
	(49, 478),
	(50, 75),
	(50, 47),
	(50, 73),
	(50, 416),
	(51, 1),
	(51, 75),
	(51, 590),
	(51, 3),
	(52, 47),
	(52, 182),
	(52, 49),
	(53, 49),
	(53, 75),
	(53, 111),
	(53, 140),
	(53, 47),
	(53, 285),
	(54, 186),
	(54, 44),
	(54, 116),
	(54, 101),
	(54, 97),
	(54, 82),
	(54, 30),
	(54, 115),
	(54, 187),
	(54, 54),
	(54, 120),
	(54, 12),
	(54, 138),
	(54, 188),
	(54, 452),
	(55, 710),
	(55, 139),
	(55, 175),
	(55, 303),
	(56, 200),
	(56, 78),
	(56, 478),
	(57, 700),
	(57, 689),
	(57, 574),
	(58, 107),
	(58, 200),
	(58, 140),
	(58, 425),
	(59, 697),
	(59, 87),
	(59, 164),
	(59, 259),
	(60, 194),
	(60, 110),
	(60, 111),
	(60, 6),
	(60, 712),
	(60, 632),
	(61, 689),
	(61, 700),
	(61, 212),
	(61, 269),
	(61, 633),
	(61, 634),
	(62, 213),
	(62, 214),
	(62, 127),
	(62, 101),
	(62, 10),
	(62, 139),
	(62, 156),
	(63, 78),
	(63, 91),
	(63, 107),
	(63, 60),
	(63, 99),
	(63, 635),
	(63, 636),
	(63, 709),
	(64, 154),
	(64, 208),
	(64, 62),
	(64, 576),
	(64, 685),
	(65, 155),
	(65, 62),
	(65, 124),
	(65, 183),
	(65, 678),
	(65, 679),
	(65, 680),
	(66, 140),
	(66, 49),
	(66, 13),
	(66, 177),
	(66, 162),
	(66, 681),
	(66, 682),
	(67, 111),
	(67, 110),
	(67, 139),
	(67, 162),
	(67, 686),
	(67, 326),
	(67, 471),
	(67, 683),
	(68, 47),
	(68, 13),
	(68, 713),
	(68, 75),
	(68, 684),
	(68, 257),
	(69, 173),
	(69, 715),
	(70, 159),
	(70, 768),
	(70, 775),
	(71, 738),
	(71, 82),
	(71, 10),
	(71, 128),
	(72, 733),
	(72, 412),
	(72, 141),
	(73, 727),
	(73, 145),
	(73, 26),
	(73, 116),
	(73, 128),
	(73, 50),
	(73, 166),
	(73, 160),
	(74, 743),
	(74, 44),
	(74, 622),
	(75, 746),
	(75, 757),
	(75, 87),
	(75, 239),
	(76, 722),
	(76, 113),
	(76, 27),
	(76, 195),
	(76, 180),
	(76, 139),
	(77, 762),
	(77, 97),
	(77, 49),
	(77, 12),
	(78, 754),
	(78, 752),
	(78, 128),
	(79, 783),
	(79, 388),
	(79, 591),
	(79, 748),
	(80, 732),
	(80, 604),
	(80, 51),
	(80, 605),
	(80, 578),
	(81, 726),
	(81, 128),
	(81, 36),
	(81, 463),
	(81, 396),
	(82, 788),
	(82, 747),
	(82, 774),
	(82, 140),
	(83, 747),
	(83, 781),
	(83, 742),
	(83, 382),
	(84, 769),
	(84, 777),
	(84, 724),
	(85, 794),
	(85, 763),
	(86, 715),
	(86, 173),
	(87, 99),
	(87, 139),
	(87, 310),
	(87, 243),
	(88, 746),
	(88, 757),
	(88, 164),
	(88, 183),
	(89, 173),
	(89, 788),
	(89, 747),
	(89, 773),
	(90, 730),
	(90, 720),
	(90, 75),
	(90, 140),
	(91, 752),
	(91, 69),
	(91, 729),
	(91, 754),
	(92, 758),
	(92, 15),
	(92, 169),
	(92, 187),
	(92, 27),
	(92, 115),
	(92, 84),
	(92, 128),
	(93, 797),
	(93, 737),
	(93, 734),
	(93, 145),
	(93, 166),
	(93, 178),
	(94, 740),
	(94, 791),
	(94, 47),
	(94, 140),
	(94, 187),
	(95, 128),
	(95, 322),
	(95, 360),
	(96, 755),
	(96, 751),
	(96, 741),
	(97, 728),
	(97, 725),
	(97, 12),
	(98, 719),
	(98, 750),
	(98, 761),
	(98, 718),
	(99, 171),
	(99, 545),
	(99, 39),
	(100, 744),
	(100, 142),
	(101, 786),
	(101, 772),
	(101, 795),
	(101, 793),
	(101, 140),
	(101, 49),
	(101, 123),
	(101, 85),
	(102, 723),
	(102, 75),
	(102, 3),
	(102, 367),
	(102, 310),
	(102, 514),
	(103, 7),
	(103, 157),
	(103, 720),
	(103, 730),
	(103, 761),
	(103, 782),
	(104, 763),
	(104, 787),
	(104, 143),
	(104, 177),
	(104, 200),
	(104, 3),
	(105, 715),
	(105, 75),
	(105, 173),
	(106, 717),
	(106, 730),
	(106, 720),
	(106, 140),
	(106, 34),
	(106, 748),
	(107, 75),
	(107, 159),
	(107, 30),
	(107, 187),
	(108, 784),
	(108, 187),
	(108, 115),
	(108, 27),
	(108, 128),
	(108, 159),
	(108, 133),
	(109, 789),
	(109, 187),
	(109, 15),
	(109, 169),
	(109, 115),
	(109, 30),
	(110, 73),
	(110, 1),
	(110, 75),
	(110, 366),
	(110, 430),
	(111, 745),
	(111, 796),
	(112, 763),
	(112, 753),
	(112, 766),
	(112, 764),
	(113, 159),
	(113, 10),
	(113, 768),
	(113, 775),
	(114, 731),
	(114, 779),
	(114, 767),
	(114, 780),
	(114, 716),
	(115, 777),
	(115, 747),
	(115, 765),
	(115, 87),
	(116, 139),
	(116, 180),
	(116, 27),
	(116, 87),
	(116, 735),
	(116, 747),
	(116, 792),
	(116, 777),
	(117, 721),
	(117, 128),
	(117, 27),
	(117, 279),
	(118, 749),
	(118, 178),
	(118, 15),
	(118, 92),
	(119, 187),
	(119, 15),
	(119, 169),
	(119, 115),
	(119, 30),
	(119, 789),
	(120, 27),
	(120, 178),
	(120, 139),
	(120, 587),
	(120, 134),
	(120, 10),
	(120, 128),
	(120, 180),
	(121, 785),
	(121, 771),
	(121, 117),
	(121, 133),
	(121, 169),
	(121, 15),
	(122, 731),
	(122, 47),
	(122, 187),
	(122, 169),
	(122, 92),
	(123, 140),
	(123, 187),
	(123, 47),
	(123, 189),
	(123, 92),
	(123, 778),
	(123, 739),
	(123, 770),
	(124, 16),
	(124, 74),
	(124, 168),
	(124, 190),
	(124, 718),
	(125, 736),
	(125, 74),
	(125, 361),
	(126, 790),
	(126, 759),
	(126, 760),
	(126, 47),
	(126, 92),
	(126, 3),
	(126, 122),
	(126, 182),
	(127, 804),
	(127, 336),
	(128, 164),
	(128, 30),
	(128, 388),
	(128, 610),
	(128, 246),
	(129, 120),
	(129, 180),
	(129, 44),
	(129, 175),
	(129, 799),
	(130, 111),
	(130, 149),
	(130, 115),
	(130, 801),
	(131, 105),
	(131, 358),
	(131, 195),
	(131, 196),
	(131, 139),
	(131, 180),
	(131, 193),
	(131, 113),
	(131, 805),
	(132, 175),
	(132, 60),
	(132, 107),
	(132, 803),
	(133, 78),
	(133, 177),
	(133, 143),
	(133, 806),
	(134, 167),
	(134, 75),
	(134, 143),
	(134, 177),
	(134, 394),
	(134, 800),
	(134, 756),
	(135, 144),
	(135, 200),
	(135, 138),
	(135, 188),
	(135, 182),
	(135, 358),
	(135, 484),
	(135, 354),
	(135, 455),
	(135, 802),
	(136, 8),
	(136, 354),
	(136, 363),
	(136, 798),
	(139, 183),
	(139, 107),
	(140, 107),
	(140, 78),
	(140, 183),
	(140, 180),
	(141, 22),
	(141, 107),
	(141, 143),
	(141, 78),
	(141, 312),
	(141, 311),
	(141, 612),
	(142, 159),
	(142, 183),
	(142, 319),
	(143, 61),
	(143, 99),
	(144, 155),
	(144, 312),
	(144, 550),
	(144, 62),
	(145, 525),
	(145, 65),
	(145, 159),
	(145, 10),
	(145, 128),
	(145, 312),
	(145, 589),
	(146, 187),
	(146, 30),
	(146, 199),
	(146, 183),
	(146, 97),
	(146, 49),
	(146, 592),
	(147, 183),
	(147, 91),
	(147, 78),
	(147, 111),
	(147, 53),
	(147, 316),
	(148, 107),
	(148, 183),
	(148, 175),
	(148, 328),
	(149, 30),
	(149, 111),
	(149, 183),
	(149, 338),
	(150, 107),
	(150, 183),
	(150, 111),
	(150, 115),
	(150, 44),
	(151, 78),
	(151, 107),
	(151, 60),
	(151, 143),
	(151, 404),
	(152, 128),
	(152, 173),
	(152, 97),
	(152, 40),
	(152, 143),
	(152, 107),
	(152, 78),
	(153, 160),
	(153, 116),
	(153, 30),
	(153, 128),
	(153, 173),
	(153, 94),
	(154, 208),
	(154, 154),
	(154, 144),
	(154, 162),
	(154, 103),
	(154, 188),
	(154, 6),
	(154, 816),
	(154, 107),
	(154, 183),
	(154, 312),
	(155, 380),
	(155, 107),
	(155, 49),
	(155, 177),
	(156, 556),
	(156, 138),
	(156, 78),
	(157, 208),
	(157, 154),
	(157, 157),
	(157, 188),
	(157, 402),
	(158, 62),
	(158, 32),
	(158, 154),
	(158, 208),
	(158, 576),
	(159, 165),
	(159, 126),
	(159, 24),
	(159, 36),
	(159, 560),
	(160, 142),
	(160, 106),
	(160, 6),
	(160, 488),
	(161, 135),
	(161, 148),
	(161, 173),
	(161, 136),
	(162, 146),
	(162, 48),
	(162, 208),
	(162, 348),
	(163, 2),
	(163, 143),
	(163, 173),
	(163, 78),
	(163, 49),
	(163, 175),
	(163, 136),
	(164, 128),
	(164, 164),
	(164, 432),
	(165, 82),
	(165, 183),
	(165, 301),
	(165, 97),
	(166, 168),
	(166, 69),
	(166, 315),
	(166, 380),
	(167, 349),
	(167, 351),
	(167, 143),
	(168, 461),
	(168, 97),
	(168, 1),
	(168, 139),
	(169, 21),
	(169, 50),
	(169, 334),
	(169, 567),
	(170, 31),
	(170, 128),
	(170, 64),
	(170, 3),
	(170, 350),
	(171, 31),
	(171, 128),
	(171, 64),
	(171, 51),
	(171, 269),
	(172, 32),
	(172, 154),
	(172, 208),
	(172, 1),
	(172, 282),
	(172, 490),
	(173, 208),
	(173, 106),
	(173, 90),
	(173, 409),
	(174, 1),
	(174, 32),
	(174, 76),
	(174, 443),
	(174, 395),
	(175, 154),
	(175, 157),
	(175, 103),
	(175, 144),
	(175, 188),
	(175, 109),
	(175, 106),
	(175, 90),
	(175, 9),
	(176, 331),
	(176, 97),
	(176, 1),
	(177, 111),
	(177, 1),
	(177, 97),
	(177, 110),
	(178, 111),
	(178, 30),
	(178, 173),
	(178, 49),
	(178, 436),
	(179, 145),
	(179, 381),
	(179, 187),
	(179, 44),
	(179, 111),
	(180, 30),
	(180, 111),
	(180, 64),
	(180, 13),
	(180, 15),
	(181, 111),
	(181, 13),
	(181, 15),
	(181, 80),
	(182, 75),
	(182, 159),
	(182, 111),
	(182, 47),
	(182, 13),
	(183, 128),
	(183, 208),
	(183, 154),
	(183, 99),
	(183, 65),
	(183, 61),
	(184, 254),
	(184, 126),
	(184, 210),
	(184, 36),
	(184, 154),
	(184, 208),
	(184, 112),
	(185, 97),
	(185, 12),
	(185, 24),
	(185, 36),
	(185, 190),
	(185, 151),
	(185, 51),
	(186, 72),
	(186, 74),
	(186, 112),
	(187, 163),
	(187, 190),
	(187, 168),
	(187, 69),
	(187, 128),
	(187, 467),
	(188, 569),
	(188, 24),
	(188, 190),
	(188, 16),
	(188, 203),
	(189, 147),
	(189, 71),
	(189, 52),
	(189, 611),
	(190, 121),
	(190, 448),
	(191, 114),
	(191, 118),
	(191, 12),
	(191, 78),
	(192, 3),
	(192, 75),
	(192, 390),
	(192, 368),
	(193, 162),
	(193, 32),
	(193, 143),
	(193, 103),
	(193, 158),
	(194, 6),
	(194, 11),
	(194, 25),
	(194, 185),
	(194, 177),
	(195, 101),
	(195, 11),
	(195, 6),
	(195, 157),
	(195, 413),
	(196, 3),
	(196, 270),
	(196, 598),
	(196, 444),
	(197, 1),
	(197, 3),
	(197, 331),
	(198, 1),
	(198, 97),
	(198, 565),
	(198, 450),
	(198, 495),
	(199, 812),
	(199, 811),
	(199, 34),
	(200, 306),
	(200, 62),
	(200, 140),
	(200, 184),
	(200, 188),
	(201, 162),
	(201, 5),
	(201, 326),
	(201, 110),
	(202, 143),
	(202, 162),
	(202, 3),
	(202, 140),
	(202, 439),
	(202, 465),
	(203, 112),
	(203, 126),
	(203, 71),
	(203, 14),
	(204, 323),
	(204, 254),
	(204, 458),
	(204, 581),
	(205, 75),
	(205, 32),
	(205, 161),
	(205, 308),
	(205, 312),
	(206, 3),
	(206, 461),
	(206, 321),
	(206, 317),
	(206, 504),
	(206, 261),
	(207, 41),
	(207, 424),
	(208, 70),
	(208, 59),
	(208, 140),
	(208, 330),
	(209, 10),
	(209, 82),
	(210, 154),
	(210, 208),
	(210, 8),
	(210, 809),
	(210, 106),
	(210, 816),
	(210, 188),
	(211, 34),
	(211, 158),
	(211, 19),
	(211, 70),
	(211, 59),
	(211, 62),
	(211, 537),
	(211, 431),
	(212, 157),
	(212, 86),
	(212, 807),
	(212, 191),
	(212, 446),
	(213, 812),
	(213, 109),
	(213, 373),
	(213, 256),
	(214, 811),
	(214, 109),
	(214, 39),
	(214, 74),
	(214, 101),
	(214, 114),
	(214, 600),
	(215, 814),
	(215, 109),
	(215, 808),
	(215, 200),
	(215, 177),
	(215, 162),
	(215, 144),
	(215, 536),
	(216, 157),
	(216, 48),
	(216, 37),
	(216, 55),
	(216, 62),
	(216, 11),
	(216, 161),
	(216, 810),
	(216, 90),
	(216, 335),
	(216, 365),
	(216, 482),
	(216, 355),
	(217, 3),
	(217, 158),
	(217, 206),
	(217, 595),
	(218, 140),
	(218, 75),
	(218, 148),
	(218, 181),
	(218, 201),
	(218, 337),
	(219, 324),
	(219, 345),
	(219, 341),
	(219, 221),
	(220, 342),
	(220, 523),
	(220, 542),
	(221, 61),
	(221, 399),
	(221, 475),
	(221, 549),
	(222, 107),
	(222, 180),
	(222, 78),
	(222, 91),
	(222, 139),
	(222, 522),
	(223, 97),
	(223, 143),
	(223, 99),
	(223, 12),
	(223, 191),
	(223, 447),
	(224, 178),
	(224, 115),
	(224, 30),
	(224, 608),
	(225, 47),
	(225, 161),
	(225, 393),
	(225, 341),
	(226, 810),
	(226, 580),
	(226, 483),
	(226, 369),
	(226, 341),
	(228, 377),
	(228, 75),
	(228, 76),
	(229, 159),
	(229, 30),
	(229, 154),
	(229, 208),
	(229, 187),
	(229, 75),
	(230, 208),
	(230, 154),
	(230, 162),
	(230, 140),
	(230, 62),
	(230, 75),
	(231, 187),
	(231, 133),
	(231, 169),
	(231, 15),
	(231, 117),
	(231, 115),
	(231, 54),
	(232, 34),
	(232, 154),
	(232, 208),
	(232, 157),
	(232, 188),
	(233, 62),
	(233, 32),
	(233, 154),
	(233, 208),
	(233, 75),
	(234, 208),
	(234, 154),
	(234, 75),
	(234, 58),
	(234, 816),
	(234, 136),
	(234, 48),
	(234, 80),
	(234, 11),
	(234, 62),
	(235, 133),
	(235, 13),
	(235, 111),
	(235, 105),
	(235, 49),
	(236, 75),
	(236, 73),
	(236, 143),
	(236, 167),
	(236, 107),
	(236, 62),
	(236, 424),
	(236, 366),
	(236, 559),
	(236, 321),
	(237, 105),
	(237, 58),
	(237, 173),
	(237, 77),
	(237, 73),
	(238, 73),
	(238, 476),
	(245, 138),
	(245, 200),
	(245, 111),
	(246, 148),
	(246, 173),
	(246, 136),
	(247, 173),
	(247, 175),
	(247, 44),
	(247, 49),
	(247, 193),
	(247, 200),
	(248, 165),
	(248, 142),
	(248, 72),
	(248, 167),
	(248, 392),
	(249, 107),
	(249, 75),
	(249, 320),
	(250, 41),
	(250, 75),
	(250, 320),
	(250, 80),
	(250, 305),
	(251, 10),
	(251, 159),
	(251, 128),
	(251, 277),
	(251, 525),
	(252, 505),
	(252, 386),
	(252, 591),
	(252, 498),
	(252, 101),
	(252, 79),
	(252, 4),
	(253, 110),
	(253, 194),
	(253, 6),
	(253, 582),
	(254, 139),
	(254, 141),
	(254, 87),
	(254, 186),
	(254, 195),
	(254, 196),
	(254, 56),
	(254, 179),
	(254, 27),
	(254, 506),
	(254, 492),
	(255, 208),
	(255, 154),
	(255, 162),
	(255, 140),
	(255, 62),
	(255, 75),
	(256, 159),
	(256, 30),
	(256, 154),
	(256, 208),
	(256, 187),
	(257, 133),
	(257, 169),
	(257, 15),
	(257, 30),
	(257, 111),
	(257, 75),
	(257, 13),
	(258, 77),
	(258, 10),
	(258, 105),
	(259, 105),
	(259, 10),
	(259, 388),
	(259, 180),
	(259, 50),
	(259, 195),
	(259, 141),
	(259, 54),
	(260, 100),
	(260, 476),
	(261, 50),
	(261, 173),
	(261, 101),
	(261, 78),
	(262, 187),
	(262, 169),
	(262, 15),
	(262, 117),
	(262, 30),
	(262, 133),
	(262, 75),
	(263, 208),
	(263, 154),
	(263, 75),
	(263, 148),
	(263, 816),
	(263, 136),
	(263, 48),
	(263, 80),
	(263, 11),
	(263, 320),
	(264, 49),
	(264, 111),
	(264, 77),
	(264, 13),
	(265, 75),
	(265, 139),
	(265, 143),
	(265, 167),
	(265, 107),
	(265, 320),
	(265, 476),
	(266, 379),
	(266, 3),
	(266, 111),
	(266, 75),
	(266, 143),
	(266, 200),
	(267, 140),
	(267, 62),
	(267, 159),
	(267, 15),
	(267, 133),
	(267, 169),
	(267, 13),
	(268, 75),
	(268, 78),
	(268, 816),
	(268, 807),
	(268, 812),
	(269, 75),
	(269, 140),
	(269, 143),
	(269, 5),
	(269, 103),
	(270, 75),
	(270, 11),
	(270, 25),
	(270, 185),
	(270, 6),
	(270, 816),
	(270, 78),
	(271, 48),
	(271, 103),
	(271, 75),
	(271, 106),
	(271, 138),
	(272, 74),
	(272, 16),
	(272, 24),
	(272, 190),
	(272, 168),
	(272, 203),
	(273, 18),
	(273, 36),
	(273, 39),
	(274, 75),
	(274, 103),
	(274, 188),
	(274, 62),
	(274, 143),
	(275, 73),
	(275, 1),
	(275, 139),
	(275, 456),
	(276, 104),
	(276, 12),
	(276, 419),
	(277, 63),
	(277, 346),
	(277, 105),
	(277, 109),
	(277, 131),
	(278, 75),
	(278, 321),
	(278, 90),
	(278, 89),
	(279, 111),
	(279, 110),
	(279, 162),
	(279, 486),
	(279, 603),
	(279, 312),
	(279, 575),
	(280, 162),
	(280, 5),
	(280, 110),
	(280, 326),
	(280, 309),
	(281, 162),
	(281, 6),
	(281, 627),
	(281, 139),
	(282, 47),
	(282, 100),
	(282, 122),
	(282, 434),
	(282, 479),
	(282, 554),
	(282, 293),
	(283, 1),
	(283, 73),
	(283, 575),
	(283, 343),
	(284, 177),
	(284, 143),
	(284, 200),
	(286, 75),
	(286, 816),
	(286, 807),
	(286, 811),
	(286, 370),
	(287, 75),
	(287, 816),
	(287, 814),
	(287, 809),
	(287, 808),
	(287, 427),
	(287, 512),
	(288, 138),
	(288, 200),
	(288, 111),
	(289, 107),
	(289, 183),
	(289, 175),
	(290, 62),
	(290, 102),
	(290, 88),
	(291, 76),
	(291, 91),
	(291, 200),
	(291, 78),
	(291, 282),
	(292, 110),
	(292, 194),
	(292, 111),
	(292, 516),
	(293, 164),
	(293, 87),
	(293, 251),
	(293, 265),
	(293, 97),
	(294, 525),
	(294, 422),
	(294, 420),
	(294, 107),
	(295, 22),
	(295, 107),
	(295, 49),
	(296, 529),
	(296, 105),
	(296, 180),
	(296, 195),
	(296, 141),
	(297, 107),
	(297, 515),
	(298, 257),
	(298, 107),
	(298, 49),
	(299, 12),
	(299, 97),
	(299, 107),
	(299, 183),
	(299, 405),
	(300, 61),
	(300, 144),
	(300, 398),
	(300, 297),
	(300, 275),
	(301, 196),
	(301, 149),
	(301, 153),
	(302, 107),
	(302, 49),
	(302, 183),
	(302, 78),
	(303, 107),
	(303, 420),
	(303, 510),
	(303, 501),
	(304, 49),
	(304, 107),
	(304, 143),
	(304, 78),
	(304, 97),
	(304, 177),
	(305, 111),
	(305, 97),
	(305, 513),
	(305, 312),
	(305, 405),
	(306, 50),
	(306, 168),
	(306, 2),
	(306, 175),
	(306, 97),
	(306, 128),
	(306, 60),
	(307, 144),
	(307, 162),
	(307, 62),
	(307, 140),
	(307, 815),
	(308, 57),
	(308, 107),
	(308, 49),
	(308, 78),
	(308, 143),
	(309, 149),
	(309, 50),
	(309, 107),
	(309, 60),
	(310, 183),
	(310, 471),
	(310, 405),
	(310, 30),
	(311, 13),
	(311, 107),
	(311, 255),
	(312, 13),
	(312, 111),
	(312, 180),
	(312, 289),
	(313, 503),
	(313, 160),
	(313, 116),
	(313, 115),
	(313, 540),
	(313, 457),
	(314, 143),
	(314, 78),
	(314, 12),
	(314, 439),
	(314, 91),
	(314, 180),
	(314, 107),
	(315, 111),
	(315, 13),
	(315, 319),
	(315, 389),
	(315, 460),
	(315, 90),
	(315, 609),
	(315, 449),
	(315, 371),
	(316, 388),
	(316, 657),
	(316, 141),
	(316, 87),
	(316, 195),
	(316, 82),
	(316, 159),
	(316, 180),
	(316, 13),
	(317, 814),
	(317, 811),
	(317, 59),
	(317, 70),
	(318, 812),
	(318, 107),
	(318, 399),
	(318, 816),
	(318, 25),
	(318, 200),
	(318, 248),
	(318, 811),
	(318, 807),
	(319, 86),
	(319, 101),
	(319, 149),
	(319, 814),
	(319, 511),
	(320, 102),
	(320, 140),
	(320, 249),
	(320, 59),
	(320, 563),
	(320, 330),
	(321, 144),
	(321, 182),
	(321, 181),
	(321, 34),
	(321, 103),
	(321, 142),
	(322, 453),
	(322, 128),
	(322, 811),
	(322, 24),
	(322, 205),
	(323, 810),
	(323, 6),
	(323, 399),
	(324, 154),
	(324, 208),
	(324, 188),
	(324, 812),
	(324, 157),
	(325, 812),
	(325, 811),
	(325, 111),
	(325, 673),
	(326, 812),
	(326, 811),
	(326, 674),
	(326, 107),
	(327, 657),
	(327, 186),
	(327, 127),
	(327, 468),
	(327, 144),
	(328, 656),
	(328, 564),
	(328, 816),
	(328, 657),
	(328, 813),
	(329, 111),
	(329, 47),
	(329, 141),
	(329, 261),
	(329, 289),
	(329, 13),
	(329, 674),
	(329, 668),
	(330, 164),
	(330, 667),
	(330, 665),
	(330, 186),
	(330, 30),
	(331, 671),
	(331, 669),
	(331, 13),
	(331, 180),
	(331, 667),
	(331, 105),
	(331, 186),
	(332, 111),
	(332, 47),
	(332, 76),
	(332, 675),
	(333, 275),
	(333, 810),
	(333, 86),
	(333, 188),
	(333, 138),
	(333, 816),
	(333, 481),
	(336, 79),
	(336, 128),
	(336, 10),
	(336, 204),
	(336, 50),
	(336, 168),
	(336, 82),
	(336, 173),
	(337, 36),
	(337, 105),
	(337, 97),
	(337, 4),
	(338, 10),
	(338, 101),
	(338, 129),
	(338, 481),
	(339, 441),
	(339, 495),
	(339, 619),
	(339, 624),
	(340, 87),
	(340, 265),
	(340, 531),
	(341, 62),
	(341, 502),
	(341, 534),
	(342, 130),
	(342, 31),
	(342, 128),
	(342, 36),
	(343, 83),
	(343, 160),
	(343, 116),
	(343, 128),
	(343, 50),
	(343, 26),
	(344, 10),
	(344, 173),
	(344, 44),
	(344, 85),
	(344, 193),
	(345, 82),
	(345, 128),
	(345, 87),
	(345, 141),
	(345, 591),
	(345, 197),
	(346, 105),
	(346, 195),
	(346, 180),
	(346, 50),
	(346, 141),
	(346, 209),
	(347, 196),
	(347, 180),
	(347, 195),
	(347, 50),
	(347, 97),
	(347, 191),
	(348, 128),
	(348, 173),
	(348, 97),
	(348, 40),
	(348, 143),
	(348, 107),
	(348, 78),
	(349, 139),
	(349, 143),
	(349, 200),
	(349, 495),
	(349, 119),
	(350, 816),
	(350, 812),
	(350, 78),
	(350, 200),
	(350, 481),
	(351, 140),
	(351, 184),
	(351, 40),
	(351, 159),
	(351, 154),
	(351, 208),
	(351, 62),
	(352, 816),
	(352, 807),
	(352, 811),
	(352, 106),
	(352, 8),
	(352, 138),
	(353, 41),
	(353, 50),
	(354, 813),
	(354, 809),
	(354, 493),
	(354, 558),
	(354, 347),
	(355, 138),
	(355, 200),
	(355, 111),
	(356, 107),
	(356, 180),
	(356, 173),
	(357, 128),
	(357, 208),
	(357, 154),
	(357, 99),
	(357, 65),
	(357, 61),
	(358, 136),
	(358, 49),
	(358, 159),
	(359, 176),
	(359, 13),
	(359, 169),
	(359, 30),
	(359, 87),
	(359, 82),
	(360, 27),
	(360, 84),
	(360, 30),
	(360, 87),
	(360, 82),
	(361, 54),
	(361, 84),
	(361, 30),
	(361, 87),
	(361, 176),
	(362, 166),
	(362, 160),
	(362, 116),
	(362, 128),
	(362, 137),
	(362, 115),
	(362, 187),
	(363, 140),
	(363, 49),
	(363, 159),
	(363, 100),
	(363, 263),
	(364, 49),
	(364, 159),
	(364, 13),
	(364, 15),
	(365, 180),
	(365, 87),
	(365, 141),
	(365, 13),
	(365, 139),
	(366, 111),
	(366, 47),
	(366, 80),
	(366, 13),
	(367, 554),
	(367, 176),
	(367, 35),
	(367, 189),
	(368, 159),
	(368, 133),
	(368, 15),
	(368, 169),
	(368, 13),
	(368, 419),
	(368, 97),
	(369, 24),
	(369, 12),
	(369, 97),
	(369, 521),
	(370, 128),
	(370, 24),
	(370, 16),
	(370, 203),
	(370, 74),
	(370, 190),
	(371, 18),
	(371, 36),
	(371, 39),
	(371, 24),
	(371, 190),
	(372, 140),
	(372, 159),
	(372, 15),
	(372, 133),
	(372, 13),
	(373, 17),
	(373, 71),
	(373, 93),
	(374, 812),
	(374, 181),
	(374, 554),
	(374, 609),
	(374, 97),
	(374, 37),
	(375, 3),
	(375, 1),
	(375, 97),
	(375, 122),
	(376, 47),
	(376, 318),
	(376, 97),
	(376, 140),
	(376, 13),
	(376, 80),
	(376, 159),
	(376, 182),
	(377, 138),
	(377, 200),
	(377, 111),
	(378, 173),
	(378, 143),
	(378, 78),
	(378, 75),
	(378, 3),
	(378, 162),
	(379, 143),
	(379, 78),
	(379, 111),
	(379, 62),
	(380, 155),
	(380, 62),
	(380, 158),
	(381, 62),
	(381, 159),
	(381, 15),
	(381, 13),
	(382, 61),
	(382, 398),
	(382, 298),
	(383, 576),
	(383, 510),
	(383, 626),
	(383, 307),
	(384, 162),
	(384, 32),
	(384, 43),
	(384, 282),
	(385, 517),
	(385, 139),
	(385, 138),
	(385, 156),
	(385, 86),
	(385, 534),
	(386, 154),
	(386, 9),
	(386, 109),
	(386, 208),
	(386, 62),
	(386, 90),
	(387, 157),
	(387, 446),
	(387, 8),
	(387, 188),
	(388, 62),
	(388, 184),
	(388, 127),
	(388, 22),
	(388, 242),
	(388, 183),
	(388, 525),
	(389, 157),
	(389, 103),
	(389, 127),
	(389, 201),
	(389, 188),
	(390, 208),
	(390, 154),
	(390, 62),
	(390, 576),
	(391, 140),
	(391, 184),
	(391, 161),
	(391, 188),
	(391, 156),
	(391, 535),
	(391, 272),
	(392, 62),
	(392, 138),
	(392, 139),
	(392, 43),
	(392, 188),
	(392, 59),
	(392, 9),
	(393, 62),
	(393, 110),
	(393, 194),
	(393, 414),
	(394, 62),
	(394, 158),
	(394, 144),
	(394, 103),
	(394, 156),
	(394, 43),
	(394, 138),
	(394, 154),
	(394, 208),
	(395, 140),
	(395, 184),
	(395, 154),
	(395, 208),
	(395, 62),
	(395, 103),
	(395, 156),
	(395, 161),
	(395, 308),
	(395, 491),
	(395, 579),
	(396, 162),
	(396, 43),
	(396, 3),
	(396, 62),
	(396, 308),
	(397, 3),
	(397, 1),
	(397, 201),
	(397, 206),
	(397, 530),
	(397, 240),
	(398, 156),
	(398, 111),
	(398, 161),
	(398, 188),
	(398, 103),
	(398, 138),
	(399, 154),
	(399, 208),
	(399, 32),
	(399, 62),
	(399, 162),
	(400, 32),
	(400, 154),
	(400, 208),
	(400, 1),
	(400, 282),
	(400, 490),
	(401, 208),
	(401, 106),
	(401, 154),
	(401, 409),
	(402, 140),
	(402, 62),
	(402, 188),
	(402, 111),
	(402, 154),
	(402, 208),
	(402, 676),
	(402, 217),
	(403, 140),
	(403, 154),
	(403, 208),
	(403, 62),
	(403, 103),
	(403, 161),
	(403, 579),
	(403, 312),
	(403, 677),
	(403, 217),
	(403, 143),
	(404, 217),
	(404, 177),
	(404, 111),
	(404, 161),
	(404, 188),
	(404, 103),
	(404, 138),
	(407, 533),
	(407, 545),
	(408, 551),
	(408, 573),
	(408, 173),
	(408, 166),
	(408, 116),
	(409, 196),
	(409, 149),
	(409, 153),
	(410, 166),
	(410, 116),
	(410, 30),
	(410, 528),
	(411, 67),
	(411, 173),
	(411, 66),
	(412, 166),
	(412, 160),
	(412, 116),
	(412, 30),
	(412, 173),
	(412, 540),
	(412, 94),
	(413, 200),
	(413, 111),
	(413, 481),
	(414, 1),
	(414, 325),
	(414, 566),
	(414, 545),
	(415, 172),
	(415, 139),
	(415, 55),
	(416, 145),
	(416, 545),
	(416, 139),
	(416, 546),
	(417, 13),
	(417, 116),
	(417, 111),
	(418, 111),
	(418, 30),
	(418, 533),
	(419, 168),
	(419, 204),
	(419, 128),
	(419, 532),
	(420, 11),
	(420, 25),
	(420, 185),
	(420, 6),
	(420, 816),
	(420, 78),
	(420, 572),
	(420, 538),
	(421, 50),
	(421, 82),
	(421, 173),
	(421, 78),
	(421, 472),
	(422, 140),
	(422, 62),
	(422, 545),
	(423, 540),
	(423, 814),
	(423, 564),
	(423, 137),
	(423, 816),
	(424, 137),
	(424, 540),
	(424, 37),
	(424, 816),
	(424, 332),
	(425, 128),
	(425, 94),
	(425, 623),
	(425, 292),
	(426, 36),
	(426, 171),
	(426, 26),
	(426, 160),
	(426, 545),
	(427, 128),
	(427, 36),
	(427, 17),
	(428, 71),
	(428, 817),
	(428, 17),
	(428, 36),
	(428, 128),
	(429, 75),
	(429, 288),
	(429, 166),
	(430, 1),
	(430, 170),
	(430, 97),
	(430, 461),
	(430, 12),
	(431, 111),
	(431, 47),
	(431, 49),
	(431, 541),
	(431, 187),
	(432, 47),
	(432, 140),
	(432, 545),
	(432, 540),
	(433, 552),
	(435, 61),
	(435, 173),
	(435, 278),
	(436, 177),
	(436, 107),
	(436, 394),
	(437, 79),
	(437, 128),
	(437, 173),
	(437, 99),
	(437, 65),
	(437, 376),
	(438, 296),
	(438, 299),
	(439, 390),
	(439, 153),
	(440, 78),
	(440, 167),
	(443, 176),
	(443, 637),
	(443, 13),
	(443, 169),
	(444, 178),
	(444, 176),
	(444, 111),
	(444, 638),
	(445, 177),
	(445, 639),
	(445, 476),
	(446, 640),
	(446, 101),
	(446, 129),
	(446, 377),
	(447, 641),
	(447, 142),
	(447, 165),
	(448, 173),
	(448, 2),
	(448, 136),
	(449, 136),
	(449, 173),
	(450, 208),
	(450, 106),
	(450, 37),
	(451, 99),
	(451, 560),
	(451, 643),
	(451, 642),
	(452, 645),
	(452, 644),
	(452, 177),
	(452, 80),
	(452, 47),
	(453, 647),
	(453, 646),
	(454, 30),
	(454, 13),
	(454, 2),
	(454, 64),
	(454, 300),
	(455, 49),
	(455, 13),
	(455, 169),
	(455, 30),
	(455, 189),
	(456, 648),
	(456, 61),
	(457, 649),
	(457, 582),
	(458, 65),
	(458, 128),
	(458, 651),
	(459, 646),
	(459, 10),
	(459, 650),
	(459, 111),
	(460, 99),
	(460, 61),
	(461, 79),
	(461, 128),
	(461, 10),
	(461, 204),
	(461, 50),
	(461, 168),
	(461, 82),
	(461, 173),
	(462, 10),
	(462, 173),
	(462, 44),
	(462, 85),
	(463, 111),
	(463, 30),
	(463, 110),
	(463, 194),
	(464, 177),
	(464, 167),
	(464, 78),
	(464, 652),
	(464, 143),
	(467, 594),
	(467, 193),
	(467, 107),
	(468, 107),
	(468, 49),
	(468, 200),
	(468, 602),
	(469, 518),
	(469, 525),
	(469, 550),
	(469, 242),
	(469, 517),
	(469, 62),
	(470, 87),
	(470, 260),
	(471, 10),
	(471, 159),
	(471, 128),
	(471, 419),
	(471, 525),
	(472, 183),
	(472, 107),
	(472, 548),
	(473, 128),
	(473, 173),
	(473, 97),
	(473, 40),
	(473, 143),
	(473, 107),
	(473, 78),
	(474, 97),
	(474, 1),
	(474, 139),
	(474, 461),
	(475, 32),
	(475, 208),
	(475, 154),
	(475, 318),
	(476, 160),
	(476, 116),
	(476, 30),
	(476, 128),
	(476, 173),
	(476, 83),
	(477, 61),
	(477, 438),
	(478, 132),
	(478, 294),
	(479, 111),
	(479, 30),
	(479, 173),
	(479, 49),
	(479, 440),
	(480, 177),
	(480, 200),
	(480, 333),
	(480, 175),
	(481, 50),
	(481, 128),
	(481, 1),
	(481, 177),
	(481, 406),
	(482, 13),
	(482, 111),
	(482, 30),
	(482, 395),
	(482, 603),
	(482, 405),
	(483, 47),
	(483, 111),
	(483, 80),
	(483, 13),
	(483, 169),
	(483, 15),
	(483, 282),
	(483, 613),
	(484, 111),
	(484, 13),
	(484, 169),
	(484, 15),
	(484, 282),
	(484, 613),
	(484, 326),
	(485, 168),
	(485, 69),
	(485, 315),
	(486, 111),
	(486, 1),
	(486, 97),
	(486, 143),
	(487, 46),
	(487, 547),
	(487, 383),
	(487, 442),
	(487, 473),
	(488, 24),
	(488, 10),
	(488, 419),
	(488, 97),
	(489, 33),
	(489, 50),
	(489, 408),
	(489, 6),
	(490, 25),
	(490, 6),
	(490, 11),
	(490, 603),
	(490, 394),
	(491, 31),
	(491, 130),
	(491, 396),
	(491, 281),
	(492, 62),
	(492, 32),
	(492, 154),
	(492, 208),
	(492, 161),
	(492, 156),
	(492, 576),
	(493, 576),
	(493, 344),
	(493, 62),
	(493, 156),
	(494, 140),
	(494, 184),
	(494, 188),
	(495, 143),
	(495, 177),
	(495, 78),
	(496, 128),
	(496, 24),
	(496, 36),
	(496, 190),
	(496, 151),
	(496, 51),
	(497, 97),
	(497, 12),
	(497, 154),
	(497, 208),
	(498, 45),
	(498, 68),
	(498, 1),
	(498, 97),
	(498, 372),
	(498, 464),
	(499, 28),
	(499, 84),
	(499, 128),
	(499, 27),
	(499, 279),
	(500, 323),
	(500, 254),
	(500, 458),
	(500, 581),
	(501, 201),
	(501, 206),
	(501, 73),
	(501, 397),
	(502, 108),
	(502, 36),
	(502, 82),
	(502, 417),
	(503, 152),
	(503, 71),
	(503, 485),
	(503, 526),
	(503, 47),
	(504, 162),
	(504, 143),
	(504, 75),
	(504, 110),
	(504, 78),
	(504, 583),
	(505, 1),
	(505, 143),
	(505, 78),
	(505, 618),
	(505, 437),
	(506, 41),
	(506, 50),
	(507, 154),
	(507, 87),
	(507, 188),
	(507, 809),
	(507, 500),
	(507, 274),
	(508, 812),
	(508, 811),
	(508, 807),
	(508, 138),
	(508, 498),
	(508, 387),
	(509, 653),
	(509, 159),
	(510, 87),
	(510, 164),
	(510, 186),
	(510, 50),
	(510, 275),
	(511, 105),
	(511, 195),
	(511, 180),
	(511, 50),
	(511, 141),
	(511, 193),
	(511, 27),
	(512, 128),
	(512, 39),
	(512, 190),
	(512, 82),
	(512, 151),
	(512, 204),
	(513, 10),
	(513, 173),
	(513, 44),
	(513, 654),
	(513, 159),
	(514, 186),
	(514, 87),
	(514, 655),
	(515, 107),
	(515, 87),
	(516, 141),
	(516, 139),
	(516, 44),
	(516, 159),
	(516, 186),
	(516, 656),
	(517, 657),
	(517, 97),
	(517, 177),
	(517, 186),
	(518, 97),
	(518, 173),
	(518, 78),
	(518, 175),
	(519, 12),
	(519, 31),
	(519, 25),
	(519, 97),
	(519, 658),
	(519, 659),
	(520, 97),
	(520, 69),
	(520, 163),
	(520, 28),
	(520, 84),
	(520, 203),
	(520, 16),
	(521, 49),
	(521, 30),
	(521, 178),
	(521, 27),
	(521, 115),
	(521, 111),
	(521, 133),
	(522, 173),
	(522, 58),
	(522, 143),
	(522, 136),
	(522, 78),
	(522, 175),
	(523, 86),
	(523, 148),
	(523, 2),
	(523, 140),
	(523, 49),
	(524, 41),
	(524, 50),
	(525, 177),
	(525, 101),
	(525, 25),
	(525, 129),
	(525, 481),
	(526, 12),
	(526, 97),
	(526, 629),
	(526, 660),
	(526, 661),
	(526, 289),
	(527, 13),
	(527, 180),
	(527, 111),
	(527, 583),
	(527, 289),
	(527, 449),
	(528, 265),
	(528, 80),
	(528, 169),
	(528, 176),
	(528, 47),
	(529, 86),
	(529, 816),
	(529, 216),
	(529, 662),
	(529, 663),
	(529, 140),
	(530, 379),
	(530, 662),
	(530, 664),
	(530, 143),
	(530, 4),
	(531, 47),
	(531, 13),
	(531, 140),
	(531, 159),
	(531, 189),
	(531, 80),
	(531, 174),
	(532, 664),
	(532, 140),
	(532, 3),
	(532, 665),
	(533, 119),
	(533, 664),
	(533, 139),
	(533, 200),
	(533, 666),
	(533, 143),
	(534, 186),
	(534, 665),
	(534, 87),
	(534, 82),
	(534, 667),
	(534, 261),
	(535, 13),
	(535, 180),
	(535, 289),
	(535, 186),
	(535, 665),
	(535, 111),
	(536, 111),
	(536, 47),
	(536, 141),
	(536, 261),
	(536, 668),
	(536, 289),
	(536, 13),
	(536, 199),
	(537, 180),
	(537, 671),
	(537, 669),
	(537, 670),
	(537, 13),
	(537, 186),
	(537, 665),
	(538, 261),
	(538, 195),
	(538, 13),
	(538, 180),
	(538, 139),
	(538, 141),
	(538, 186),
	(539, 164),
	(539, 667),
	(539, 665),
	(539, 186),
	(539, 30),
	(539, 105),
	(540, 667),
	(540, 449),
	(540, 672),
	(540, 180),
	(540, 44),
	(540, 8),
	(540, 188),
	(540, 164),
	(541, 65),
	(541, 128),
	(541, 665),
	(541, 289),
	(541, 30),
	(542, 111),
	(542, 30),
	(542, 13),
	(542, 169),
	(542, 665),
	(542, 261),
	(543, 133),
	(543, 159),
	(543, 13),
	(543, 169),
	(543, 139),
	(543, 419),
	(543, 665),
	(543, 261),
	(544, 211),
	(544, 90),
	(544, 143),
	(544, 47),
	(544, 97),
	(544, 665),
	(544, 668),
	(545, 49),
	(545, 143),
	(545, 78),
	(545, 177),
	(545, 128),
	(545, 97),
	(546, 87),
	(546, 30),
	(547, 27),
	(547, 128),
	(547, 84),
	(548, 141),
	(548, 195),
	(548, 196),
	(548, 180),
	(548, 44),
	(548, 224),
	(549, 178),
	(549, 169),
	(549, 30),
	(549, 87),
	(550, 49),
	(550, 273),
	(551, 819),
	(551, 111),
	(551, 30),
	(552, 27),
	(552, 105),
	(552, 80),
	(552, 180),
	(553, 133),
	(553, 159),
	(553, 96),
	(553, 111),
	(553, 178),
	(553, 15),
	(554, 616),
	(554, 111),
	(554, 194),
	(554, 47),
	(554, 187),
	(554, 30),
	(555, 96),
	(555, 403),
	(555, 487),
	(555, 128),
	(556, 47),
	(556, 820),
	(556, 20),
	(556, 30),
	(557, 593),
	(557, 198),
	(557, 98),
	(557, 169),
	(559, 10),
	(560, 87),
	(560, 107),
	(561, 61),
	(562, 65),
	(562, 267),
	(563, 830),
	(563, 61),
	(564, 61),
	(564, 596),
	(565, 30),
	(565, 56),
	(565, 111),
	(566, 826),
	(566, 128),
	(566, 111),
	(567, 33),
	(567, 190),
	(567, 111),
	(568, 24),
	(568, 111),
	(569, 132),
	(569, 111),
	(570, 128),
	(570, 203),
	(570, 16),
	(570, 190),
	(571, 110),
	(571, 111),
	(571, 30),
	(571, 194),
	(573, 30),
	(573, 111),
	(573, 194),
	(574, 177),
	(574, 61),
	(574, 99),
	(575, 15),
	(575, 20),
	(575, 27),
	(575, 115),
	(575, 124),
	(575, 159),
	(575, 169),
	(575, 313),
	(576, 133),
	(576, 96),
	(576, 159),
	(576, 20),
	(576, 178),
	(577, 47),
	(577, 820),
	(577, 194),
	(578, 828),
	(578, 17),
	(578, 128),
	(579, 126),
	(579, 818),
	(579, 132),
	(580, 823),
	(580, 78),
	(580, 143),
	(580, 313),
	(580, 244),
	(581, 47),
	(581, 182),
	(581, 822),
	(582, 827),
	(583, 821),
	(584, 824),
	(584, 194),
	(584, 111),
	(584, 115),
	(585, 825),
	(585, 831),
	(585, 87),
	(586, 829),
	(586, 159),
	(586, 133),
	(586, 614),
	(586, 44),
	(587, 524),
	(587, 10),
	(587, 484),
	(587, 358),
	(587, 622),
	(588, 295),
	(588, 596),
	(589, 339),
	(590, 507),
	(590, 264),
	(590, 593),
	(591, 401),
	(591, 822),
	(592, 810),
	(592, 248),
	(592, 399),
	(592, 471),
	(594, 177),
	(594, 271),
	(595, 107),
	(595, 164),
	(595, 186),
	(595, 12),
	(595, 432),
	(596, 61),
	(596, 596),
	(596, 128),
	(597, 107),
	(597, 78),
	(597, 97),
	(597, 543),
	(598, 30),
	(598, 177),
	(598, 411),
	(598, 496),
	(599, 128),
	(599, 24),
	(599, 282),
	(600, 107),
	(600, 116),
	(600, 97),
	(600, 56),
	(600, 111),
	(600, 305),
	(601, 175),
	(601, 107),
	(601, 115),
	(601, 183),
	(602, 180),
	(602, 120),
	(602, 115),
	(602, 527),
	(602, 621),
	(603, 97),
	(603, 109),
	(603, 203),
	(603, 435),
	(603, 568),
	(604, 139),
	(604, 44),
	(604, 193),
	(604, 121),
	(604, 449),
	(605, 13),
	(605, 111),
	(605, 76),
	(605, 169),
	(606, 12),
	(606, 97),
	(606, 78),
	(606, 247),
	(606, 375),
	(607, 80),
	(607, 11),
	(607, 149),
	(607, 97),
	(608, 143),
	(608, 340),
	(608, 97),
	(608, 111),
	(608, 200),
	(609, 177),
	(609, 154),
	(609, 208),
	(609, 157),
	(609, 816),
	(609, 182),
	(609, 122),
	(609, 78),
	(609, 103),
	(609, 138),
	(609, 625),
	(610, 111),
	(610, 143),
	(610, 140),
	(610, 78),
	(610, 47),
	(610, 271),
	(610, 187),
	(610, 314),
	(610, 474),
	(610, 588),
	(611, 76),
	(611, 111),
	(611, 154),
	(611, 208),
	(611, 48),
	(611, 308),
	(611, 489),
	(611, 508),
	(612, 105),
	(612, 195),
	(612, 196),
	(612, 27),
	(612, 388),
	(613, 107),
	(613, 177),
	(613, 433),
	(613, 284),
	(613, 474),
	(613, 271),
	(613, 603),
	(613, 291),
	(614, 144),
	(614, 816),
	(614, 158),
	(614, 140),
	(614, 87),
	(614, 276),
	(614, 451),
	(615, 13),
	(615, 111),
	(615, 180),
	(615, 245),
	(616, 145),
	(616, 160),
	(616, 116),
	(616, 137),
	(616, 128),
	(616, 545),
	(616, 266),
	(617, 111),
	(617, 47),
	(617, 187),
	(617, 261),
	(617, 289),
	(618, 816),
	(618, 200),
	(618, 154),
	(618, 208),
	(618, 812),
	(618, 813),
	(620, 173),
	(620, 624),
	(620, 61),
	(621, 197),
	(621, 591),
	(621, 128),
	(621, 141),
	(622, 128),
	(622, 97),
	(622, 458),
	(623, 87),
	(623, 101),
	(623, 477),
	(624, 79),
	(624, 128),
	(624, 544),
	(625, 23),
	(625, 82),
	(625, 268),
	(625, 386),
	(625, 417),
	(626, 130),
	(626, 396),
	(626, 97),
	(627, 31),
	(627, 459),
	(627, 97),
	(627, 51),
	(628, 21),
	(628, 82),
	(628, 280),
	(628, 50),
	(629, 204),
	(629, 168),
	(629, 69),
	(629, 177),
	(629, 173),
	(630, 112),
	(630, 109),
	(630, 250),
	(630, 24),
	(630, 36),
	(630, 151),
	(630, 126),
	(631, 101),
	(631, 80),
	(631, 11),
	(631, 200),
	(631, 423),
	(632, 97),
	(632, 12),
	(632, 1),
	(632, 49),
	(632, 603),
	(633, 49),
	(633, 178),
	(633, 27),
	(633, 30),
	(633, 169),
	(634, 47),
	(634, 111),
	(634, 110),
	(634, 187),
	(635, 140),
	(635, 143),
	(635, 162),
	(635, 75),
	(635, 97),
	(635, 499),
	(636, 62),
	(636, 154),
	(636, 208),
	(636, 127),
	(636, 550),
	(636, 509),
	(637, 184),
	(637, 833),
	(637, 90),
	(637, 111),
	(637, 271),
	(637, 30),
	(637, 455),
	(638, 241),
	(638, 140),
	(638, 106),
	(638, 34),
	(638, 173),
	(638, 103),
	(638, 157),
	(638, 37),
	(638, 148),
	(639, 3),
	(639, 1),
	(639, 49),
	(639, 75),
	(640, 62),
	(640, 553),
	(641, 158),
	(641, 184),
	(641, 56),
	(641, 570),
	(642, 180),
	(642, 139),
	(642, 107),
	(642, 44),
	(642, 570),
	(643, 815),
	(643, 82),
	(643, 107),
	(643, 832),
	(643, 252),
	(644, 115),
	(644, 180),
	(644, 111),
	(644, 107),
	(644, 224),
	(645, 10),
	(645, 107),
	(645, 153),
	(646, 60),
	(646, 833),
	(646, 107),
	(646, 78),
	(646, 353),
	(647, 149),
	(647, 107),
	(647, 11),
	(647, 584),
	(648, 13),
	(648, 30),
	(648, 15),
	(648, 169),
	(648, 111),
	(649, 833),
	(649, 49),
	(649, 188),
	(649, 138),
	(650, 140),
	(650, 47),
	(650, 816),
	(650, 157),
	(650, 110),
	(650, 194),
	(650, 139),
	(650, 148),
	(650, 329),
	(650, 429),
	(650, 597),
	(652, 44),
	(652, 526),
	(652, 30),
	(653, 837),
	(653, 30),
	(654, 354),
	(654, 193),
	(655, 835),
	(655, 180),
	(658, 61),
	(658, 99),
	(658, 132),
	(659, 30),
	(659, 193),
	(660, 98),
	(660, 92),
	(661, 169),
	(661, 111),
	(662, 194),
	(662, 227),
	(663, 47),
	(663, 182),
	(665, 30),
	(665, 388),
	(665, 180),
	(666, 283),
	(666, 111),
	(667, 455),
	(667, 603),
	(669, 111),
	(669, 30),
	(670, 229),
	(670, 200),
	(671, 194),
	(671, 836),
	(672, 840),
	(672, 839),
	(672, 455),
	(673, 849),
	(674, 868),
	(675, 851),
	(676, 838),
	(677, 870),
	(677, 866),
	(677, 848),
	(677, 856),
	(677, 862),
	(677, 855),
	(678, 577),
	(678, 855),
	(678, 164),
	(679, 865),
	(679, 867),
	(679, 842),
	(679, 164),
	(680, 847),
	(681, 854),
	(681, 840),
	(681, 839),
	(682, 180),
	(682, 864),
	(682, 586),
	(682, 852),
	(682, 164),
	(682, 111),
	(682, 860),
	(682, 840),
	(683, 853),
	(683, 87),
	(683, 30),
	(683, 180),
	(683, 847),
	(683, 844),
	(684, 850),
	(684, 859),
	(684, 858),
	(684, 164),
	(684, 840),
	(685, 860),
	(685, 841),
	(685, 863),
	(685, 111),
	(686, 860),
	(686, 841),
	(686, 863),
	(687, 49),
	(687, 47),
	(687, 174),
	(687, 182),
	(688, 180),
	(688, 864),
	(688, 30),
	(688, 861),
	(688, 857),
	(689, 873),
	(689, 853),
	(689, 869),
	(690, 871),
	(691, 872),
	(692, 847),
	(693, 854),
	(693, 180),
	(693, 853),
	(693, 864),
	(693, 87),
	(693, 30),
	(694, 853),
	(694, 846),
	(694, 111),
	(694, 30),
	(694, 840),
	(694, 865),
	(695, 111),
	(695, 47),
	(695, 850),
	(695, 30),
	(696, 850),
	(696, 858),
	(696, 164),
	(696, 840),
	(697, 859),
	(697, 858),
	(697, 164),
	(697, 840),
	(698, 840),
	(698, 455),
	(698, 852),
	(698, 845),
	(699, 840),
	(699, 854);

INSERT INTO dat."LifepathTraits"
	("LifepathId", "TraitId")
VALUES
	(1, 187),
	(1, 173),
	(2, 88),
	(3, 367),
	(5, 68),
	(5, 278),
	(6, 480),
	(6, 765),
	(8, 480),
	(10, 78),
	(11, 461),
	(11, 743),
	(12, 76),
	(12, 763),
	(13, 747),
	(17, 748),
	(17, 289),
	(18, 141),
	(18, 756),
	(20, 300),
	(20, 752),
	(20, 759),
	(21, 754),
	(22, 278),
	(22, 753),
	(24, 338),
	(25, 188),
	(28, 511),
	(29, 589),
	(30, 66),
	(30, 592),
	(31, 326),
	(32, 361),
	(33, 488),
	(33, 757),
	(35, 375),
	(36, 57),
	(36, 758),
	(38, 258),
	(40, 65),
	(41, 765),
	(42, 58),
	(42, 751),
	(43, 107),
	(44, 113),
	(45, 749),
	(46, 218),
	(47, 186),
	(48, 297),
	(50, 288),
	(51, 746),
	(51, 576),
	(52, 252),
	(52, 761),
	(53, 165),
	(53, 750),
	(53, 744),
	(54, 742),
	(54, 39),
	(55, 762),
	(56, 755),
	(56, 35),
	(57, 105),
	(57, 87),
	(58, 745),
	(59, 760),
	(60, 413),
	(60, 414),
	(61, 105),
	(61, 415),
	(62, 278),
	(62, 768),
	(63, 416),
	(64, 179),
	(64, 607),
	(65, 458),
	(66, 107),
	(66, 761),
	(67, 588),
	(67, 290),
	(68, 594),
	(68, 333),
	(68, 329),
	(70, 268),
	(71, 333),
	(72, 321),
	(73, 402),
	(74, 255),
	(76, 403),
	(78, 128),
	(79, 365),
	(80, 302),
	(81, 109),
	(82, 400),
	(84, 239),
	(85, 791),
	(87, 187),
	(87, 783),
	(88, 225),
	(89, 401),
	(90, 113),
	(91, 407),
	(92, 107),
	(93, 50),
	(93, 578),
	(95, 555),
	(96, 226),
	(97, 278),
	(97, 481),
	(99, 282),
	(100, 22),
	(102, 785),
	(102, 278),
	(104, 787),
	(105, 779),
	(105, 780),
	(105, 776),
	(106, 222),
	(107, 777),
	(108, 782),
	(108, 278),
	(109, 781),
	(109, 520),
	(111, 786),
	(112, 784),
	(113, 354),
	(114, 588),
	(116, 163),
	(116, 587),
	(117, 59),
	(119, 788),
	(120, 81),
	(122, 778),
	(123, 790),
	(124, 278),
	(125, 775),
	(126, 789),
	(127, 798),
	(128, 796),
	(128, 795),
	(129, 799),
	(130, 250),
	(130, 51),
	(130, 517),
	(131, 797),
	(132, 793),
	(133, 66),
	(134, 462),
	(134, 794),
	(135, 312),
	(135, 792),
	(136, 800),
	(138, 906),
	(138, 897),
	(138, 4),
	(138, 910),
	(140, 581),
	(140, 470),
	(140, 861),
	(141, 546),
	(141, 103),
	(141, 189),
	(141, 815),
	(143, 105),
	(143, 840),
	(144, 856),
	(144, 366),
	(145, 283),
	(146, 243),
	(146, 517),
	(146, 535),
	(147, 549),
	(148, 484),
	(149, 73),
	(149, 494),
	(150, 79),
	(150, 486),
	(150, 576),
	(150, 502),
	(152, 858),
	(153, 373),
	(153, 490),
	(154, 301),
	(154, 105),
	(154, 538),
	(155, 136),
	(155, 63),
	(155, 342),
	(155, 882),
	(156, 373),
	(156, 531),
	(156, 514),
	(157, 123),
	(157, 35),
	(157, 897),
	(158, 812),
	(158, 859),
	(158, 893),
	(159, 277),
	(160, 265),
	(160, 483),
	(160, 540),
	(161, 117),
	(161, 312),
	(161, 524),
	(162, 270),
	(163, 62),
	(165, 167),
	(166, 147),
	(166, 342),
	(167, 158),
	(169, 142),
	(170, 823),
	(171, 306),
	(171, 105),
	(173, 843),
	(173, 71),
	(174, 40),
	(175, 218),
	(175, 511),
	(176, 847),
	(177, 828),
	(178, 208),
	(178, 467),
	(179, 291),
	(180, 105),
	(181, 273),
	(182, 120),
	(183, 814),
	(183, 810),
	(185, 837),
	(185, 538),
	(186, 153),
	(188, 90),
	(189, 385),
	(190, 364),
	(191, 166),
	(193, 344),
	(194, 149),
	(196, 273),
	(196, 151),
	(196, 397),
	(196, 190),
	(197, 207),
	(200, 862),
	(200, 16),
	(200, 194),
	(200, 370),
	(201, 269),
	(201, 573),
	(203, 339),
	(204, 18),
	(204, 462),
	(205, 179),
	(206, 340),
	(206, 162),
	(206, 808),
	(208, 812),
	(208, 896),
	(209, 814),
	(209, 897),
	(209, 580),
	(209, 536),
	(210, 900),
	(211, 898),
	(211, 881),
	(212, 273),
	(212, 469),
	(213, 912),
	(213, 583),
	(214, 481),
	(214, 571),
	(215, 532),
	(215, 535),
	(215, 564),
	(216, 842),
	(216, 511),
	(216, 357),
	(217, 886),
	(217, 831),
	(218, 588),
	(218, 905),
	(218, 823),
	(219, 939),
	(220, 866),
	(220, 911),
	(221, 230),
	(222, 652),
	(222, 556),
	(223, 909),
	(223, 891),
	(223, 588),
	(224, 890),
	(224, 555),
	(225, 887),
	(225, 902),
	(225, 543),
	(225, 888),
	(226, 79),
	(226, 558),
	(226, 562),
	(226, 566),
	(226, 480),
	(226, 885),
	(227, 839),
	(227, 865),
	(227, 863),
	(227, 864),
	(228, 878),
	(228, 35),
	(228, 79),
	(228, 172),
	(232, 29),
	(232, 897),
	(233, 859),
	(233, 893),
	(235, 854),
	(239, 844),
	(239, 309),
	(239, 287),
	(239, 342),
	(239, 51),
	(240, 844),
	(240, 309),
	(240, 287),
	(240, 342),
	(240, 51),
	(241, 844),
	(241, 309),
	(241, 287),
	(241, 342),
	(241, 51),
	(242, 844),
	(242, 309),
	(242, 287),
	(242, 342),
	(242, 51),
	(243, 844),
	(243, 309),
	(243, 287),
	(243, 342),
	(243, 51),
	(244, 879),
	(244, 844),
	(244, 309),
	(244, 287),
	(244, 342),
	(244, 51),
	(245, 812),
	(245, 897),
	(245, 591),
	(246, 305),
	(247, 328),
	(247, 460),
	(248, 320),
	(249, 398),
	(249, 834),
	(249, 40),
	(250, 238),
	(252, 110),
	(252, 326),
	(252, 824),
	(252, 499),
	(253, 395),
	(255, 80),
	(255, 538),
	(258, 39),
	(258, 405),
	(258, 813),
	(260, 145),
	(260, 576),
	(260, 529),
	(262, 290),
	(262, 600),
	(262, 88),
	(264, 854),
	(264, 341),
	(265, 850),
	(266, 94),
	(266, 411),
	(266, 35),
	(268, 202),
	(268, 897),
	(268, 580),
	(269, 317),
	(269, 119),
	(270, 832),
	(271, 296),
	(271, 137),
	(271, 85),
	(271, 79),
	(271, 318),
	(272, 297),
	(273, 293),
	(274, 322),
	(274, 893),
	(276, 228),
	(276, 554),
	(276, 809),
	(277, 99),
	(277, 284),
	(277, 115),
	(277, 476),
	(278, 181),
	(278, 40),
	(278, 522),
	(279, 259),
	(280, 365),
	(280, 19),
	(281, 828),
	(281, 337),
	(282, 404),
	(283, 280),
	(283, 220),
	(284, 570),
	(286, 903),
	(286, 899),
	(287, 94),
	(287, 909),
	(287, 25),
	(287, 149),
	(287, 894),
	(288, 812),
	(288, 897),
	(288, 591),
	(289, 8),
	(289, 858),
	(290, 876),
	(291, 820),
	(292, 828),
	(295, 546),
	(295, 562),
	(297, 345),
	(297, 568),
	(297, 230),
	(297, 478),
	(297, 848),
	(298, 908),
	(299, 344),
	(300, 35),
	(301, 822),
	(301, 851),
	(302, 858),
	(303, 223),
	(303, 390),
	(303, 408),
	(304, 384),
	(306, 265),
	(307, 866),
	(308, 866),
	(308, 301),
	(308, 357),
	(309, 267),
	(310, 517),
	(310, 544),
	(311, 86),
	(311, 250),
	(311, 820),
	(311, 828),
	(313, 292),
	(313, 332),
	(313, 838),
	(313, 821),
	(313, 546),
	(314, 275),
	(315, 517),
	(315, 245),
	(316, 224),
	(317, 232),
	(317, 129),
	(317, 130),
	(317, 13),
	(318, 360),
	(318, 505),
	(318, 564),
	(319, 0),
	(319, 897),
	(319, 237),
	(320, 230),
	(320, 271),
	(320, 827),
	(322, 889),
	(322, 763),
	(323, 885),
	(323, 892),
	(324, 449),
	(324, 35),
	(324, 897),
	(325, 868),
	(325, 450),
	(325, 869),
	(325, 232),
	(326, 451),
	(327, 452),
	(327, 569),
	(327, 604),
	(328, 604),
	(329, 46),
	(329, 324),
	(329, 35),
	(329, 579),
	(330, 248),
	(330, 330),
	(330, 263),
	(330, 448),
	(331, 97),
	(331, 535),
	(331, 549),
	(331, 447),
	(331, 232),
	(332, 867),
	(332, 275),
	(332, 453),
	(332, 505),
	(333, 454),
	(333, 230),
	(333, 455),
	(333, 567),
	(335, 906),
	(335, 897),
	(335, 4),
	(335, 910),
	(336, 178),
	(338, 31),
	(339, 1),
	(340, 139),
	(341, 319),
	(341, 15),
	(342, 227),
	(343, 373),
	(344, 74),
	(347, 146),
	(348, 509),
	(348, 472),
	(348, 529),
	(349, 72),
	(350, 96),
	(350, 526),
	(350, 55),
	(350, 597),
	(351, 106),
	(351, 893),
	(352, 30),
	(352, 897),
	(354, 914),
	(354, 880),
	(354, 536),
	(355, 812),
	(355, 897),
	(355, 591),
	(356, 350),
	(356, 470),
	(356, 587),
	(357, 825),
	(357, 810),
	(362, 476),
	(362, 490),
	(362, 500),
	(364, 182),
	(364, 46),
	(364, 10),
	(367, 589),
	(367, 838),
	(372, 192),
	(372, 298),
	(373, 353),
	(373, 853),
	(374, 25),
	(375, 549),
	(376, 852),
	(377, 812),
	(377, 897),
	(377, 591),
	(378, 118),
	(378, 482),
	(378, 278),
	(378, 579),
	(379, 846),
	(379, 70),
	(380, 200),
	(380, 318),
	(380, 134),
	(380, 84),
	(381, 93),
	(381, 125),
	(381, 855),
	(382, 373),
	(382, 819),
	(383, 833),
	(383, 469),
	(385, 368),
	(385, 116),
	(385, 263),
	(385, 24),
	(386, 201),
	(386, 67),
	(387, 842),
	(387, 498),
	(388, 859),
	(389, 859),
	(389, 315),
	(389, 40),
	(389, 841),
	(390, 859),
	(390, 260),
	(390, 893),
	(391, 862),
	(392, 348),
	(392, 175),
	(392, 848),
	(392, 835),
	(392, 893),
	(392, 826),
	(393, 374),
	(393, 245),
	(393, 517),
	(393, 318),
	(394, 222),
	(394, 203),
	(394, 511),
	(394, 5),
	(395, 831),
	(396, 26),
	(398, 823),
	(399, 859),
	(399, 18),
	(399, 579),
	(401, 843),
	(401, 71),
	(402, 862),
	(402, 194),
	(402, 456),
	(402, 607),
	(403, 831),
	(404, 823),
	(405, 490),
	(406, 906),
	(406, 897),
	(406, 4),
	(406, 910),
	(407, 398),
	(407, 77),
	(407, 587),
	(408, 857),
	(408, 111),
	(408, 143),
	(408, 476),
	(408, 512),
	(408, 156),
	(409, 34),
	(409, 851),
	(409, 132),
	(410, 78),
	(410, 7),
	(411, 196),
	(412, 105),
	(413, 373),
	(413, 246),
	(413, 176),
	(414, 156),
	(414, 35),
	(415, 75),
	(416, 37),
	(416, 549),
	(416, 40),
	(416, 274),
	(417, 816),
	(417, 490),
	(418, 241),
	(418, 260),
	(420, 832),
	(420, 860),
	(421, 821),
	(421, 69),
	(421, 233),
	(422, 797),
	(422, 818),
	(422, 335),
	(423, 604),
	(425, 78),
	(425, 834),
	(425, 817),
	(426, 830),
	(427, 97),
	(428, 213),
	(429, 77),
	(432, 365),
	(433, 815),
	(433, 329),
	(433, 838),
	(433, 546),
	(434, 906),
	(434, 897),
	(434, 4),
	(434, 910),
	(435, 37),
	(435, 810),
	(436, 840),
	(436, 262),
	(437, 183),
	(438, 515),
	(438, 313),
	(439, 211),
	(440, 845),
	(440, 409),
	(441, 836),
	(442, 873),
	(442, 589),
	(442, 600),
	(443, 857),
	(443, 419),
	(443, 420),
	(445, 417),
	(445, 4),
	(445, 418),
	(446, 260),
	(446, 421),
	(446, 31),
	(447, 398),
	(447, 483),
	(448, 35),
	(448, 528),
	(449, 510),
	(449, 546),
	(449, 482),
	(450, 843),
	(450, 71),
	(450, 840),
	(451, 857),
	(451, 167),
	(451, 838),
	(451, 546),
	(452, 422),
	(452, 423),
	(452, 461),
	(452, 469),
	(453, 815),
	(453, 86),
	(453, 329),
	(453, 838),
	(454, 424),
	(454, 105),
	(454, 539),
	(455, 425),
	(455, 1),
	(455, 586),
	(456, 420),
	(456, 810),
	(456, 426),
	(456, 427),
	(457, 815),
	(457, 838),
	(457, 596),
	(457, 428),
	(457, 845),
	(457, 595),
	(458, 106),
	(458, 429),
	(459, 431),
	(459, 560),
	(459, 249),
	(459, 838),
	(459, 430),
	(459, 554),
	(460, 363),
	(460, 51),
	(460, 829),
	(460, 810),
	(461, 178),
	(462, 74),
	(463, 316),
	(463, 828),
	(463, 73),
	(464, 398),
	(464, 432),
	(464, 433),
	(466, 906),
	(466, 897),
	(466, 4),
	(466, 910),
	(467, 27),
	(467, 157),
	(467, 470),
	(468, 849),
	(468, 14),
	(468, 4),
	(468, 170),
	(469, 60),
	(470, 177),
	(472, 350),
	(472, 470),
	(473, 265),
	(475, 71),
	(475, 247),
	(476, 373),
	(476, 490),
	(477, 52),
	(477, 363),
	(477, 815),
	(477, 829),
	(477, 845),
	(478, 926),
	(478, 105),
	(478, 373),
	(479, 828),
	(479, 241),
	(479, 28),
	(479, 461),
	(480, 40),
	(480, 35),
	(480, 63),
	(481, 135),
	(481, 159),
	(482, 380),
	(483, 273),
	(483, 392),
	(484, 291),
	(485, 148),
	(486, 828),
	(486, 556),
	(487, 64),
	(488, 807),
	(489, 295),
	(489, 594),
	(489, 366),
	(489, 252),
	(490, 12),
	(490, 336),
	(491, 308),
	(491, 323),
	(492, 859),
	(492, 108),
	(492, 815),
	(492, 482),
	(493, 35),
	(494, 862),
	(494, 89),
	(494, 893),
	(495, 397),
	(495, 862),
	(496, 814),
	(496, 810),
	(497, 837),
	(497, 538),
	(498, 236),
	(500, 282),
	(500, 108),
	(500, 589),
	(500, 474),
	(501, 278),
	(501, 229),
	(502, 371),
	(502, 811),
	(503, 164),
	(503, 11),
	(503, 747),
	(504, 290),
	(505, 95),
	(507, 875),
	(507, 504),
	(507, 897),
	(507, 877),
	(508, 904),
	(508, 901),
	(508, 907),
	(509, 434),
	(509, 491),
	(510, 178),
	(511, 435),
	(512, 810),
	(513, 436),
	(514, 552),
	(514, 602),
	(514, 437),
	(515, 368),
	(515, 849),
	(515, 480),
	(515, 526),
	(515, 580),
	(515, 608),
	(517, 373),
	(517, 856),
	(518, 296),
	(518, 472),
	(519, 438),
	(519, 576),
	(520, 837),
	(520, 439),
	(521, 297),
	(522, 62),
	(522, 440),
	(523, 466),
	(524, 441),
	(525, 442),
	(525, 373),
	(525, 31),
	(527, 86),
	(527, 517),
	(527, 487),
	(527, 39),
	(528, 589),
	(528, 838),
	(529, 871),
	(529, 443),
	(529, 497),
	(530, 182),
	(530, 444),
	(531, 329),
	(531, 520),
	(531, 518),
	(532, 852),
	(533, 445),
	(533, 446),
	(533, 443),
	(534, 434),
	(534, 549),
	(534, 368),
	(536, 579),
	(536, 324),
	(536, 35),
	(537, 97),
	(537, 535),
	(537, 447),
	(537, 232),
	(538, 376),
	(538, 549),
	(538, 51),
	(539, 330),
	(539, 248),
	(539, 265),
	(539, 448),
	(540, 468),
	(540, 263),
	(540, 232),
	(540, 597),
	(541, 106),
	(541, 457),
	(545, 384),
	(545, 35),
	(545, 815),
	(546, 857),
	(546, 825),
	(546, 943),
	(546, 930),
	(546, 938),
	(547, 935),
	(547, 943),
	(548, 857),
	(550, 298),
	(550, 275),
	(550, 461),
	(551, 316),
	(552, 951),
	(553, 42),
	(553, 931),
	(554, 950),
	(555, 138),
	(555, 950),
	(555, 492),
	(556, 949),
	(556, 144),
	(556, 377),
	(557, 25),
	(557, 948),
	(559, 857),
	(559, 331),
	(559, 343),
	(559, 936),
	(560, 857),
	(560, 943),
	(560, 935),
	(560, 946),
	(560, 330),
	(561, 857),
	(561, 941),
	(561, 810),
	(561, 845),
	(562, 857),
	(562, 810),
	(562, 78),
	(562, 359),
	(562, 412),
	(563, 857),
	(563, 174),
	(563, 810),
	(564, 857),
	(564, 810),
	(564, 926),
	(565, 940),
	(568, 347),
	(569, 747),
	(570, 374),
	(571, 950),
	(572, 927),
	(572, 952),
	(573, 937),
	(573, 587),
	(574, 185),
	(574, 810),
	(575, 346),
	(576, 206),
	(576, 953),
	(577, 944),
	(578, 925),
	(578, 929),
	(579, 942),
	(580, 934),
	(580, 286),
	(581, 928),
	(581, 933),
	(581, 394),
	(582, 131),
	(582, 253),
	(583, 945),
	(583, 36),
	(583, 954),
	(586, 30),
	(586, 923),
	(587, 950),
	(592, 895),
	(593, 1043),
	(594, 981),
	(594, 989),
	(594, 976),
	(594, 1009),
	(595, 963),
	(596, 1000),
	(596, 985),
	(597, 983),
	(598, 1045),
	(599, 999),
	(600, 1032),
	(601, 1007),
	(601, 977),
	(602, 982),
	(602, 1038),
	(603, 1035),
	(604, 1028),
	(604, 980),
	(605, 1010),
	(605, 990),
	(606, 1023),
	(607, 1025),
	(607, 1003),
	(608, 974),
	(608, 998),
	(609, 996),
	(609, 979),
	(609, 995),
	(610, 964),
	(610, 1032),
	(611, 1015),
	(611, 992),
	(612, 997),
	(612, 971),
	(613, 962),
	(613, 1021),
	(614, 1041),
	(614, 1021),
	(614, 41),
	(614, 126),
	(615, 987),
	(616, 1032),
	(616, 1034),
	(617, 1033),
	(617, 984),
	(618, 966),
	(618, 897),
	(618, 1014),
	(619, 1044),
	(620, 967),
	(621, 1006),
	(622, 999),
	(624, 1001),
	(625, 1040),
	(625, 969),
	(626, 1005),
	(628, 994),
	(628, 1039),
	(629, 973),
	(630, 988),
	(631, 978),
	(631, 968),
	(632, 1019),
	(633, 965),
	(635, 1026),
	(636, 1020),
	(636, 992),
	(637, 1047),
	(637, 1031),
	(638, 1024),
	(638, 1022),
	(639, 1030),
	(640, 972),
	(641, 1047),
	(641, 986),
	(642, 975),
	(643, 1027),
	(644, 1016),
	(644, 1037),
	(645, 1029),
	(645, 970),
	(645, 1046),
	(646, 1033),
	(647, 1017),
	(648, 1013),
	(648, 1008),
	(649, 1018),
	(649, 1031),
	(650, 1012),
	(650, 1004),
	(650, 1057),
	(650, 991),
	(654, 1084),
	(656, 1088),
	(657, 1085),
	(657, 1081),
	(658, 1069),
	(658, 1085),
	(659, 1075),
	(660, 1072),
	(661, 1087),
	(662, 1091),
	(662, 1086),
	(662, 1070),
	(663, 1078),
	(663, 1089),
	(666, 1084),
	(668, 1083),
	(668, 1068),
	(668, 1082),
	(669, 1073),
	(670, 1080),
	(670, 1074),
	(670, 1090),
	(671, 1071),
	(672, 1122),
	(672, 1142),
	(676, 1135),
	(676, 1132),
	(676, 1131),
	(677, 1134),
	(677, 1146),
	(677, 1133),
	(677, 1141),
	(678, 1145),
	(678, 1138),
	(679, 330),
	(680, 1144),
	(680, 1123),
	(681, 1142),
	(681, 1143),
	(681, 1123),
	(682, 1142),
	(682, 1143),
	(684, 1142),
	(685, 1127),
	(686, 1149),
	(686, 1128),
	(686, 1125),
	(686, 1124),
	(686, 1142),
	(687, 1124),
	(687, 1126),
	(688, 1130),
	(688, 1129),
	(688, 1125),
	(690, 1121),
	(690, 1137),
	(691, 1139),
	(694, 1142),
	(695, 1124),
	(696, 1142),
	(697, 1142),
	(698, 1142),
	(699, 1142),
	(699, 1140);

INSERT INTO dat."LifepathCompanions"
	("LifepathId", "CompanionName", "GivesSkills", "GSPMultiplier", "LSPMultiplier", "RPMultiplier")
VALUES
	(207, 'Husband', true, 0.0, 0.5, 0.25),
	(353, 'Husband', true, 0.0, 0.5, 0.5),
	(441, 'Owner', true, 0.0, 0.25, 0.0),
	(506, 'Husband', true, 0.5, 0.5, 0.5);

INSERT INTO dat."LifepathCompanionSettings"
	("LifepathId", "CompanionSettingId")
VALUES
	(207, 12),
	(353, 18),
	(441, 15),
	(441, 12),
	(441, 19),
	(441, 23),
	(506, 23);

INSERT INTO dat."LifepathRequirements"
	("Id", "LifepathId", "LogicTypeId", "MustFulfill", "FulfillmentAmount")
VALUES
	(0, 2, 1, true, 1),
	(1, 3, 1, true, 1),
	(2, 4, 1, true, 1),
	(3, 5, 1, true, 1),
	(4, 6, 1, true, 1),
	(5, 7, 1, true, 1),
	(6, 8, 1, true, 1),
	(7, 15, 1, true, 1),
	(8, 16, 1, true, 1),
	(9, 17, 0, true, 1),
	(10, 18, 1, true, 1),
	(11, 25, 1, true, 1),
	(12, 26, 1, true, 1),
	(13, 27, 1, true, 1),
	(14, 29, 1, true, 1),
	(15, 30, 1, true, 1),
	(16, 35, 1, true, 1),
	(17, 36, 1, false, 1),
	(18, 36, 1, false, 3),
	(19, 37, 1, true, 1),
	(20, 38, 1, true, 1),
	(21, 39, 1, true, 1),
	(22, 40, 1, false, 1),
	(23, 40, 1, false, 3),
	(24, 41, 1, true, 1),
	(25, 42, 1, true, 1),
	(26, 43, 1, true, 1),
	(27, 44, 1, true, 1),
	(28, 48, 1, true, 1),
	(29, 49, 1, true, 1),
	(30, 50, 1, true, 1),
	(31, 51, 1, true, 1),
	(32, 52, 0, true, 1),
	(33, 52, 1, true, 1),
	(34, 53, 0, true, 1),
	(35, 62, 1, true, 1),
	(36, 66, 0, true, 1),
	(37, 67, 1, true, 1),
	(38, 68, 1, true, 1),
	(39, 84, 1, true, 1),
	(40, 85, 1, true, 1),
	(41, 92, 1, true, 1),
	(42, 94, 1, true, 1),
	(43, 96, 1, true, 1),
	(44, 97, 1, true, 1),
	(45, 98, 1, true, 1),
	(46, 99, 1, true, 1),
	(47, 101, 1, true, 1),
	(48, 102, 1, true, 1),
	(49, 103, 1, true, 1),
	(50, 104, 1, true, 1),
	(51, 108, 1, true, 1),
	(52, 109, 1, true, 1),
	(53, 110, 1, true, 1),
	(54, 111, 0, true, 1),
	(55, 111, 1, true, 1),
	(56, 112, 0, true, 1),
	(57, 112, 1, true, 1),
	(58, 116, 1, true, 1),
	(59, 119, 1, true, 1),
	(60, 120, 1, true, 1),
	(61, 121, 1, true, 1),
	(62, 122, 1, false, 1),
	(63, 122, 1, false, 1),
	(64, 123, 1, false, 1),
	(65, 123, 1, false, 2),
	(66, 124, 1, true, 1),
	(67, 125, 1, true, 1),
	(68, 126, 1, true, 1),
	(69, 127, 0, true, 1),
	(70, 128, 1, true, 1),
	(71, 129, 1, true, 1),
	(72, 130, 1, true, 1),
	(73, 131, 1, true, 1),
	(74, 132, 1, true, 1),
	(75, 133, 1, true, 1),
	(76, 134, 1, true, 1),
	(77, 135, 1, true, 1),
	(78, 136, 1, false, 1),
	(79, 136, 1, false, 3),
	(80, 140, 0, true, 1),
	(81, 146, 1, true, 1),
	(82, 170, 0, true, 1),
	(83, 173, 1, true, 1),
	(84, 174, 1, true, 1),
	(85, 175, 1, true, 1),
	(86, 177, 0, true, 1),
	(87, 178, 0, true, 1),
	(88, 179, 1, true, 1),
	(89, 181, 1, true, 1),
	(90, 182, 1, true, 1),
	(91, 185, 1, true, 1),
	(92, 186, 1, true, 1),
	(93, 187, 1, true, 1),
	(94, 188, 1, true, 1),
	(95, 189, 1, true, 1),
	(96, 190, 1, true, 1),
	(97, 191, 1, true, 1),
	(98, 192, 1, true, 1),
	(99, 193, 1, true, 1),
	(100, 194, 1, true, 1),
	(101, 195, 1, true, 1),
	(102, 196, 1, true, 1),
	(103, 197, 1, true, 1),
	(104, 198, 1, true, 1),
	(105, 199, 1, true, 1),
	(106, 200, 1, true, 1),
	(107, 201, 1, true, 1),
	(108, 202, 1, true, 1),
	(109, 203, 1, true, 1),
	(110, 204, 1, true, 1),
	(111, 204, 1, true, 1),
	(112, 205, 1, true, 1),
	(113, 206, 1, true, 1),
	(114, 208, 1, true, 1),
	(115, 209, 0, true, 1),
	(116, 210, 1, true, 1),
	(117, 210, 0, true, 1),
	(118, 211, 1, true, 1),
	(119, 211, 0, true, 1),
	(120, 212, 1, true, 1),
	(121, 213, 1, true, 1),
	(122, 214, 1, true, 1),
	(123, 215, 1, true, 1),
	(124, 216, 1, false, 1),
	(125, 216, 0, false, 1),
	(126, 217, 1, true, 1),
	(127, 218, 1, true, 1),
	(128, 222, 1, true, 1),
	(129, 223, 1, true, 1),
	(130, 224, 1, true, 1),
	(131, 225, 1, true, 1),
	(132, 226, 1, true, 1),
	(133, 227, 2, true, 1),
	(134, 228, 0, true, 1),
	(135, 228, 2, true, 1),
	(136, 229, 0, true, 1),
	(137, 229, 2, true, 1),
	(138, 230, 2, true, 1),
	(139, 231, 1, true, 1),
	(140, 231, 2, true, 1),
	(141, 232, 2, true, 1),
	(142, 233, 2, true, 1),
	(143, 234, 0, true, 1),
	(144, 234, 2, true, 1),
	(145, 235, 1, true, 1),
	(146, 235, 2, true, 1),
	(147, 236, 1, true, 1),
	(148, 236, 0, true, 1),
	(149, 236, 0, true, 1),
	(150, 236, 2, true, 1),
	(151, 237, 1, true, 1),
	(152, 237, 2, true, 1),
	(153, 238, 1, true, 1),
	(154, 238, 0, true, 1),
	(155, 238, 0, true, 1),
	(156, 238, 2, true, 1),
	(157, 239, 1, false, 1),
	(158, 239, 0, false, 1),
	(159, 239, 0, false, 1),
	(160, 239, 2, true, 1),
	(161, 240, 1, false, 1),
	(162, 240, 0, false, 1),
	(163, 240, 0, false, 1),
	(164, 240, 2, true, 1),
	(165, 241, 1, false, 1),
	(166, 241, 0, false, 1),
	(167, 241, 0, false, 1),
	(168, 241, 2, true, 1),
	(169, 242, 1, false, 1),
	(170, 242, 0, false, 1),
	(171, 242, 0, false, 1),
	(172, 242, 2, true, 1),
	(173, 243, 1, false, 1),
	(174, 243, 0, false, 1),
	(175, 243, 0, false, 1),
	(176, 243, 2, true, 1),
	(177, 244, 1, true, 1),
	(178, 244, 2, true, 1),
	(179, 245, 0, true, 1),
	(180, 248, 1, true, 1),
	(181, 256, 0, true, 1),
	(182, 257, 1, true, 1),
	(183, 262, 1, true, 1),
	(184, 263, 0, true, 1),
	(185, 264, 1, true, 1),
	(186, 266, 1, true, 1),
	(187, 267, 1, true, 1),
	(188, 268, 1, true, 1),
	(189, 269, 1, true, 1),
	(190, 270, 1, true, 1),
	(191, 271, 1, true, 1),
	(192, 272, 1, true, 1),
	(193, 273, 1, true, 1),
	(194, 274, 1, true, 1),
	(195, 275, 1, true, 1),
	(196, 276, 1, true, 1),
	(197, 277, 1, true, 1),
	(198, 278, 1, true, 1),
	(199, 279, 1, true, 1),
	(200, 280, 1, true, 1),
	(201, 281, 1, true, 1),
	(202, 282, 1, true, 1),
	(203, 283, 1, true, 1),
	(204, 284, 1, true, 1),
	(205, 285, 1, true, 1),
	(206, 286, 1, true, 1),
	(207, 287, 1, true, 1),
	(208, 288, 0, true, 1),
	(209, 289, 0, true, 1),
	(210, 299, 1, true, 1),
	(211, 305, 1, true, 1),
	(212, 315, 1, true, 1),
	(213, 316, 1, true, 1),
	(214, 317, 1, true, 1),
	(215, 318, 1, true, 1),
	(216, 319, 1, true, 1),
	(217, 320, 1, true, 1),
	(218, 321, 0, true, 1),
	(219, 322, 1, true, 1),
	(220, 323, 1, true, 1),
	(221, 325, 1, true, 1),
	(222, 326, 1, true, 1),
	(223, 329, 1, true, 1),
	(224, 331, 1, true, 1),
	(225, 332, 1, true, 1),
	(226, 333, 1, true, 1),
	(227, 336, 0, true, 1),
	(228, 337, 1, false, 1),
	(229, 337, 0, false, 1),
	(230, 338, 1, true, 1),
	(231, 349, 0, true, 1),
	(232, 350, 1, false, 1),
	(233, 350, 0, false, 1),
	(234, 351, 1, true, 1),
	(235, 352, 1, true, 1),
	(236, 354, 1, true, 1),
	(237, 355, 0, true, 1),
	(238, 366, 1, true, 1),
	(239, 367, 1, true, 1),
	(240, 368, 1, true, 1),
	(241, 369, 1, true, 1),
	(242, 370, 1, true, 1),
	(243, 371, 1, true, 1),
	(244, 372, 1, true, 1),
	(245, 373, 1, true, 1),
	(246, 374, 1, true, 1),
	(247, 375, 1, true, 1),
	(248, 376, 1, false, 1),
	(249, 376, 1, false, 2),
	(250, 377, 0, true, 1),
	(251, 381, 1, true, 1),
	(252, 385, 1, true, 1),
	(253, 386, 1, true, 1),
	(254, 391, 1, true, 1),
	(255, 392, 1, true, 1),
	(256, 393, 1, true, 1),
	(257, 394, 1, true, 1),
	(258, 395, 1, true, 1),
	(259, 396, 1, true, 1),
	(260, 397, 1, true, 1),
	(261, 398, 1, false, 1),
	(262, 398, 0, false, 1),
	(263, 400, 1, true, 1),
	(264, 401, 1, true, 1),
	(265, 402, 1, true, 1),
	(266, 403, 1, true, 1),
	(267, 404, 1, true, 1),
	(268, 407, 0, true, 1),
	(269, 413, 1, true, 1),
	(270, 413, 0, true, 1),
	(271, 414, 1, true, 1),
	(272, 416, 1, true, 1),
	(273, 417, 1, true, 1),
	(274, 418, 1, true, 1),
	(275, 419, 1, true, 1),
	(276, 420, 1, true, 1),
	(277, 421, 1, true, 1),
	(278, 422, 1, true, 1),
	(279, 423, 1, true, 1),
	(280, 424, 1, true, 1),
	(281, 426, 1, true, 1),
	(282, 428, 1, true, 1),
	(283, 429, 1, true, 1),
	(284, 429, 0, true, 1),
	(285, 430, 1, true, 1),
	(286, 431, 1, false, 1),
	(287, 431, 1, false, 2),
	(288, 432, 1, false, 1),
	(289, 432, 1, false, 2),
	(290, 443, 1, true, 1),
	(291, 444, 1, true, 1),
	(292, 445, 0, true, 1),
	(293, 446, 1, true, 1),
	(294, 449, 1, true, 1),
	(295, 452, 1, true, 1),
	(296, 454, 1, true, 1),
	(297, 459, 1, true, 1),
	(298, 461, 1, true, 1),
	(299, 462, 1, true, 1),
	(300, 463, 1, true, 2),
	(301, 464, 1, true, 1),
	(302, 467, 0, true, 1),
	(303, 478, 1, true, 1),
	(304, 479, 1, true, 1),
	(305, 481, 0, true, 1),
	(306, 483, 1, true, 1),
	(307, 484, 1, true, 1),
	(308, 486, 0, true, 1),
	(309, 487, 1, true, 1),
	(310, 488, 1, true, 1),
	(311, 494, 1, true, 1),
	(312, 495, 1, true, 1),
	(313, 497, 1, true, 1),
	(314, 498, 1, true, 1),
	(315, 499, 1, true, 1),
	(316, 500, 1, true, 1),
	(317, 501, 0, true, 1),
	(318, 503, 1, true, 1),
	(319, 504, 1, true, 1),
	(320, 505, 1, true, 1),
	(321, 508, 1, true, 1),
	(322, 508, 2, true, 1),
	(323, 516, 1, true, 1),
	(324, 517, 0, true, 1),
	(325, 518, 1, true, 1),
	(326, 519, 1, true, 1),
	(327, 520, 1, true, 1),
	(328, 521, 1, true, 1),
	(329, 522, 0, true, 1),
	(330, 523, 1, true, 1),
	(331, 524, 0, true, 1),
	(332, 525, 1, true, 1),
	(333, 526, 1, true, 1),
	(334, 527, 1, true, 1),
	(335, 528, 1, true, 1),
	(336, 529, 1, true, 1),
	(337, 530, 1, true, 1),
	(338, 531, 1, true, 1),
	(339, 532, 1, true, 1),
	(340, 533, 0, true, 1),
	(341, 536, 1, true, 1),
	(342, 537, 1, true, 1),
	(343, 540, 1, true, 1),
	(344, 542, 1, true, 1),
	(345, 543, 1, true, 1),
	(346, 544, 1, true, 1),
	(347, 546, 2, true, 1),
	(348, 547, 2, true, 1),
	(349, 548, 2, true, 1),
	(350, 549, 2, true, 1),
	(351, 550, 1, true, 1),
	(352, 551, 1, true, 1),
	(353, 552, 1, true, 1),
	(354, 553, 1, true, 1),
	(355, 554, 1, true, 1),
	(356, 555, 1, true, 1),
	(357, 556, 1, true, 1),
	(358, 557, 1, true, 1),
	(359, 566, 1, true, 1),
	(360, 567, 1, true, 1),
	(361, 568, 1, true, 1),
	(362, 569, 1, true, 1),
	(363, 570, 1, true, 1),
	(364, 571, 1, false, 1),
	(365, 571, 1, false, 4),
	(366, 573, 0, true, 1),
	(367, 575, 1, true, 1),
	(368, 576, 1, true, 1),
	(369, 577, 1, true, 1),
	(370, 578, 1, true, 1),
	(371, 579, 1, true, 1),
	(372, 580, 1, true, 1),
	(373, 581, 0, true, 1),
	(374, 583, 1, true, 1),
	(375, 584, 1, true, 1),
	(376, 585, 1, true, 1),
	(377, 586, 1, true, 1),
	(378, 587, 1, true, 1),
	(379, 588, 1, true, 1),
	(380, 589, 1, true, 1),
	(381, 590, 1, true, 1),
	(382, 591, 1, true, 1),
	(383, 591, 1, true, 1),
	(384, 592, 1, true, 1),
	(385, 599, 1, true, 1),
	(386, 600, 1, true, 1),
	(387, 601, 1, true, 1),
	(388, 602, 1, true, 1),
	(389, 603, 1, true, 1),
	(390, 604, 1, true, 1),
	(391, 605, 1, true, 1),
	(392, 606, 1, true, 1),
	(393, 607, 1, true, 1),
	(394, 608, 1, true, 1),
	(395, 609, 1, false, 1),
	(396, 609, 2, false, 1),
	(397, 610, 1, true, 1),
	(398, 611, 1, true, 1),
	(399, 612, 1, true, 1),
	(400, 613, 1, true, 1),
	(401, 616, 1, true, 1),
	(402, 617, 1, true, 1),
	(403, 625, 1, true, 1),
	(404, 626, 1, true, 1),
	(405, 627, 1, true, 1),
	(406, 628, 1, true, 1),
	(407, 629, 1, true, 1),
	(408, 630, 1, true, 1),
	(409, 631, 1, true, 1),
	(410, 632, 0, true, 1),
	(411, 633, 0, true, 1),
	(412, 634, 1, true, 1),
	(413, 635, 1, true, 1),
	(414, 637, 1, true, 1),
	(415, 638, 1, true, 1),
	(416, 639, 1, true, 1),
	(417, 641, 1, true, 1),
	(418, 642, 1, true, 1),
	(419, 643, 1, true, 1),
	(420, 644, 1, true, 1),
	(421, 645, 1, true, 1),
	(422, 646, 1, true, 1),
	(423, 647, 1, true, 1),
	(424, 648, 1, true, 1),
	(425, 649, 1, true, 1),
	(426, 650, 1, true, 1),
	(427, 655, 1, true, 1),
	(428, 660, 1, true, 1),
	(429, 661, 1, true, 1),
	(430, 662, 1, true, 1),
	(431, 663, 1, true, 1),
	(432, 669, 1, true, 1),
	(433, 670, 1, true, 1),
	(434, 671, 1, true, 1),
	(435, 673, 0, true, 1),
	(436, 674, 1, true, 1),
	(437, 675, 1, true, 1),
	(438, 676, 1, true, 1),
	(439, 677, 0, true, 1),
	(440, 678, 1, true, 1),
	(441, 679, 1, true, 1),
	(442, 681, 0, true, 1),
	(443, 683, 1, true, 1),
	(444, 684, 0, true, 1),
	(445, 685, 1, true, 1),
	(446, 686, 1, true, 1),
	(447, 687, 1, true, 1),
	(448, 688, 1, true, 1),
	(449, 689, 0, true, 1),
	(450, 690, 1, true, 1),
	(451, 691, 1, true, 1),
	(452, 693, 0, true, 1),
	(453, 695, 1, true, 1),
	(454, 698, 0, true, 1),
	(455, 699, 0, true, 1);

INSERT INTO dat."LifepathRequirementItems"
	("Id", "RequirementId", "RequirementTypeId", "ForCompanion", "Min", "Max", "SettingId", "LifepathId", "SkillId", "TraitId", "AttributeId")
VALUES
	(0, 0, 8, false, null, null, null, 1, null, null, null),
	(1, 0, 8, false, null, null, null, 25, null, null, null),
	(2, 1, 8, false, null, null, null, 2, null, null, null),
	(3, 1, 8, false, null, null, null, 26, null, null, null),
	(4, 2, 8, false, null, null, null, 3, null, null, null),
	(5, 3, 8, false, null, null, null, 3, null, null, null),
	(6, 4, 8, false, null, null, null, 4, null, null, null),
	(7, 5, 8, false, null, null, null, 5, null, null, null),
	(8, 6, 8, false, null, null, null, 3, null, null, null),
	(9, 6, 8, false, null, null, null, 2, null, null, null),
	(10, 7, 8, false, null, null, null, 14, null, null, null),
	(11, 7, 8, false, null, null, null, 18, null, null, null),
	(12, 7, 8, false, null, null, null, 50, null, null, null),
	(13, 7, 8, false, null, null, null, 39, null, null, null),
	(14, 7, 8, false, null, null, null, 57, null, null, null),
	(15, 8, 8, false, null, null, null, 13, null, null, null),
	(16, 8, 8, false, null, null, null, 1, null, null, null),
	(17, 8, 8, false, null, null, null, 41, null, null, null),
	(18, 9, 5, false, 3, null, null, null, null, null, null),
	(19, 10, 8, false, null, null, null, 16, null, null, null),
	(20, 10, 8, false, null, null, null, 36, null, null, null),
	(21, 10, 8, false, null, null, null, 3, null, null, null),
	(22, 10, 8, false, null, null, null, 27, null, null, null),
	(23, 10, 8, false, null, null, null, 50, null, null, null),
	(24, 10, 8, false, null, null, null, 54, null, null, null),
	(25, 10, 8, false, null, null, null, 17, null, null, null),
	(26, 11, 8, false, null, null, null, 24, null, null, null),
	(27, 11, 8, false, null, null, null, 1, null, null, null),
	(28, 11, 8, false, null, null, null, 47, null, null, null),
	(29, 12, 8, false, null, null, null, 25, null, null, null),
	(30, 12, 8, false, null, null, null, 3, null, null, null),
	(31, 12, 8, false, null, null, null, 40, null, null, null),
	(32, 12, 8, false, null, null, null, 41, null, null, null),
	(33, 13, 8, false, null, null, null, 23, null, null, null),
	(34, 13, 8, false, null, null, null, 25, null, null, null),
	(35, 13, 8, false, null, null, null, 54, null, null, null),
	(36, 13, 8, false, null, null, null, 17, null, null, null),
	(37, 14, 8, false, null, null, null, 55, null, null, null),
	(38, 14, 8, false, null, null, null, 23, null, null, null),
	(39, 14, 8, false, null, null, null, 25, null, null, null),
	(40, 14, 8, false, null, null, null, 54, null, null, null),
	(41, 14, 8, false, null, null, null, 17, null, null, null),
	(42, 15, 8, false, null, null, null, 23, null, null, null),
	(43, 15, 8, false, null, null, null, 25, null, null, null),
	(44, 15, 8, false, null, null, null, 54, null, null, null),
	(45, 15, 8, false, null, null, null, 17, null, null, null),
	(46, 16, 8, false, null, null, null, 47, null, null, null),
	(47, 16, 8, false, null, null, null, 36, null, null, null),
	(48, 16, 8, false, null, null, null, 33, null, null, null),
	(49, 17, 8, false, null, null, null, 35, null, null, null),
	(50, 17, 8, false, null, null, null, 18, null, null, null),
	(51, 18, 7, false, null, null, 3, null, null, null, null),
	(52, 19, 8, false, null, null, null, 46, null, null, null),
	(53, 19, 8, false, null, null, null, 50, null, null, null),
	(54, 19, 8, false, null, null, null, 36, null, null, null),
	(55, 20, 8, false, null, null, null, 50, null, null, null),
	(56, 20, 8, false, null, null, null, 51, null, null, null),
	(57, 20, 8, false, null, null, null, 27, null, null, null),
	(58, 20, 8, false, null, null, null, 36, null, null, null),
	(59, 21, 8, false, null, null, null, 53, null, null, null),
	(60, 21, 8, false, null, null, null, 36, null, null, null),
	(61, 22, 8, false, null, null, null, 4, null, null, null),
	(62, 22, 8, false, null, null, null, 26, null, null, null),
	(63, 22, 8, false, null, null, null, 16, null, null, null),
	(64, 23, 8, false, null, null, null, 32, null, null, null),
	(65, 24, 8, false, null, null, null, 40, null, null, null),
	(66, 24, 8, false, null, null, null, 4, null, null, null),
	(67, 25, 8, false, null, null, null, 53, null, null, null),
	(68, 25, 8, false, null, null, null, 39, null, null, null),
	(69, 25, 8, false, null, null, null, 52, null, null, null),
	(70, 26, 9, false, null, null, null, null, 212, null, null),
	(71, 26, 9, false, null, null, null, null, 213, null, null),
	(72, 26, 9, false, null, null, null, null, 214, null, null),
	(73, 26, 9, false, null, null, null, null, 215, null, null),
	(74, 26, 7, false, null, null, 3, null, null, null, null),
	(75, 27, 9, false, null, null, null, null, 212, null, null),
	(76, 27, 9, false, null, null, null, null, 213, null, null),
	(77, 27, 9, false, null, null, null, null, 214, null, null),
	(78, 27, 9, false, null, null, null, null, 215, null, null),
	(79, 27, 7, false, null, null, 3, null, null, null, null),
	(80, 28, 8, false, null, null, null, 47, null, null, null),
	(81, 28, 8, false, null, null, null, 33, null, null, null),
	(82, 29, 8, false, null, null, null, 46, null, null, null),
	(83, 29, 8, false, null, null, null, 37, null, null, null),
	(84, 29, 8, false, null, null, null, 36, null, null, null),
	(85, 30, 8, false, null, null, null, 27, null, null, null),
	(86, 30, 8, false, null, null, null, 18, null, null, null),
	(87, 30, 8, false, null, null, null, 38, null, null, null),
	(88, 30, 8, false, null, null, null, 49, null, null, null),
	(89, 30, 8, false, null, null, null, 37, null, null, null),
	(90, 30, 8, false, null, null, null, 36, null, null, null),
	(91, 31, 8, false, null, null, null, 50, null, null, null),
	(92, 31, 8, false, null, null, null, 3, null, null, null),
	(93, 31, 8, false, null, null, null, 42, null, null, null),
	(94, 32, 8, false, null, null, null, 48, null, null, null),
	(95, 33, 8, false, null, null, null, 39, null, null, null),
	(96, 33, 8, false, null, null, null, 42, null, null, null),
	(97, 34, 8, false, null, null, null, 45, null, null, null),
	(98, 34, 8, false, null, null, null, 48, null, null, null),
	(99, 35, 9, false, null, null, null, null, 212, null, null),
	(100, 35, 9, false, null, null, null, null, 213, null, null),
	(101, 35, 9, false, null, null, null, null, 214, null, null),
	(102, 35, 9, false, null, null, null, null, 215, null, null),
	(103, 35, 7, false, null, null, 3, null, null, null, null),
	(104, 36, 8, false, null, null, null, 64, null, null, null),
	(105, 37, 8, false, null, null, null, 65, null, null, null),
	(106, 37, 8, false, null, null, null, 64, null, null, null),
	(107, 38, 8, false, null, null, null, 67, null, null, null),
	(108, 38, 8, false, null, null, null, 66, null, null, null),
	(109, 39, 8, false, null, null, null, 83, null, null, null),
	(110, 40, 4, false, 600, null, null, null, null, null, null),
	(111, 40, 6, false, null, 100, null, null, null, null, null),
	(112, 41, 8, false, null, null, null, 88, null, null, null),
	(113, 41, 8, false, null, null, null, 93, null, null, null),
	(114, 41, 8, false, null, null, null, 83, null, null, null),
	(115, 41, 8, false, null, null, null, 70, null, null, null),
	(116, 41, 8, false, null, null, null, 76, null, null, null),
	(117, 41, 7, false, null, null, 9, null, null, null, null),
	(118, 41, 7, false, null, null, 10, null, null, null, null),
	(119, 42, 8, false, null, null, null, 93, null, null, null),
	(120, 42, 8, false, null, null, null, 102, null, null, null),
	(121, 42, 8, false, null, null, null, 122, null, null, null),
	(122, 42, 8, false, null, null, null, 109, null, null, null),
	(123, 42, 8, false, null, null, null, 119, null, null, null),
	(124, 43, 8, false, null, null, null, 95, null, null, null),
	(125, 44, 8, false, null, null, null, 96, null, null, null),
	(126, 45, 8, false, null, null, null, 96, null, null, null),
	(127, 46, 8, false, null, null, null, 96, null, null, null),
	(128, 47, 8, false, null, null, null, 109, null, null, null),
	(129, 47, 8, false, null, null, null, 119, null, null, null),
	(130, 48, 8, false, null, null, null, 114, null, null, null),
	(131, 48, 8, false, null, null, null, 107, null, null, null),
	(132, 48, 8, false, null, null, null, 106, null, null, null),
	(133, 48, 8, false, null, null, null, 83, null, null, null),
	(134, 49, 8, false, null, null, null, 101, null, null, null),
	(135, 49, 8, false, null, null, null, 102, null, null, null),
	(136, 49, 8, false, null, null, null, 110, null, null, null),
	(137, 49, 8, false, null, null, null, 84, null, null, null),
	(138, 50, 8, false, null, null, null, 84, null, null, null),
	(139, 50, 8, false, null, null, null, 103, null, null, null),
	(140, 50, 8, false, null, null, null, 110, null, null, null),
	(141, 50, 8, false, null, null, null, 101, null, null, null),
	(142, 50, 8, false, null, null, null, 98, null, null, null),
	(143, 50, 8, false, null, null, null, 94, null, null, null),
	(144, 50, 8, false, null, null, null, 123, null, null, null),
	(145, 51, 8, false, null, null, null, 107, null, null, null),
	(146, 51, 8, false, null, null, null, 117, null, null, null),
	(147, 51, 8, false, null, null, null, 118, null, null, null),
	(148, 51, 8, false, null, null, null, 93, null, null, null),
	(149, 51, 8, false, null, null, null, 92, null, null, null),
	(150, 52, 8, false, null, null, null, 108, null, null, null),
	(151, 52, 8, false, null, null, null, 121, null, null, null),
	(152, 52, 8, false, null, null, null, 122, null, null, null),
	(153, 53, 8, false, null, null, null, 122, null, null, null),
	(154, 53, 8, false, null, null, null, 98, null, null, null),
	(155, 53, 8, false, null, null, null, 101, null, null, null),
	(156, 53, 8, false, null, null, null, 103, null, null, null),
	(157, 53, 8, false, null, null, null, 102, null, null, null),
	(158, 53, 8, false, null, null, null, 94, null, null, null),
	(159, 53, 8, false, null, null, null, 84, null, null, null),
	(160, 54, 10, false, null, null, null, null, null, 780, null),
	(161, 55, 8, false, null, null, null, 109, null, null, null),
	(162, 55, 8, false, null, null, null, 119, null, null, null),
	(163, 56, 10, false, null, null, null, null, null, 776, null),
	(164, 57, 8, false, null, null, null, 103, null, null, null),
	(165, 57, 8, false, null, null, null, 111, null, null, null),
	(166, 58, 8, false, null, null, null, 79, null, null, null),
	(167, 58, 8, false, null, null, null, 75, null, null, null),
	(168, 58, 8, false, null, null, null, 117, null, null, null),
	(169, 58, 8, false, null, null, null, 108, null, null, null),
	(170, 59, 8, false, null, null, null, 108, null, null, null),
	(171, 59, 8, false, null, null, null, 92, null, null, null),
	(172, 59, 8, false, null, null, null, 115, null, null, null),
	(173, 59, 8, false, null, null, null, 83, null, null, null),
	(174, 59, 8, false, null, null, null, 118, null, null, null),
	(175, 60, 8, false, null, null, null, 113, null, null, null),
	(176, 61, 8, false, null, null, null, 120, null, null, null),
	(177, 61, 8, false, null, null, null, 108, null, null, null),
	(178, 62, 8, false, null, null, null, 119, null, null, null),
	(179, 62, 8, false, null, null, null, 109, null, null, null),
	(180, 62, 8, false, null, null, null, 121, null, null, null),
	(181, 62, 8, false, null, null, null, 94, null, null, null),
	(182, 63, 8, false, null, null, null, 117, null, null, null),
	(183, 63, 8, false, null, null, null, 118, null, null, null),
	(184, 64, 8, false, null, null, null, 122, null, null, null),
	(185, 64, 8, false, null, null, null, 111, null, null, null),
	(186, 64, 8, false, null, null, null, 94, null, null, null),
	(187, 64, 8, false, null, null, null, 110, null, null, null),
	(188, 65, 8, false, null, null, null, 119, null, null, null),
	(189, 65, 8, false, null, null, null, 109, null, null, null),
	(190, 66, 8, false, null, null, null, 96, null, null, null),
	(191, 66, 8, false, null, null, null, 125, null, null, null),
	(192, 67, 8, false, null, null, null, 124, null, null, null),
	(193, 67, 8, false, null, null, null, 96, null, null, null),
	(194, 67, 8, false, null, null, null, 117, null, null, null),
	(195, 67, 8, false, null, null, null, 118, null, null, null),
	(196, 68, 8, false, null, null, null, 123, null, null, null),
	(197, 68, 8, false, null, null, null, 111, null, null, null),
	(198, 69, 11, false, 3, null, null, null, null, null, 13),
	(199, 70, 8, false, null, null, null, 127, null, null, null),
	(200, 71, 8, false, null, null, null, 127, null, null, null),
	(201, 72, 8, false, null, null, null, 127, null, null, null),
	(202, 73, 8, false, null, null, null, 127, null, null, null),
	(203, 74, 8, false, null, null, null, 127, null, null, null),
	(204, 75, 8, false, null, null, null, 127, null, null, null),
	(205, 76, 8, false, null, null, null, 130, null, null, null),
	(206, 76, 8, false, null, null, null, 132, null, null, null),
	(207, 76, 8, false, null, null, null, 133, null, null, null),
	(208, 77, 8, false, null, null, null, 134, null, null, null),
	(209, 77, 8, false, null, null, null, 128, null, null, null),
	(210, 77, 8, false, null, null, null, 131, null, null, null),
	(211, 78, 8, false, null, null, null, 135, null, null, null),
	(212, 79, 7, false, null, null, 11, null, null, null, null),
	(213, 80, 5, false, null, 3, null, null, null, null, null),
	(214, 81, 8, false, null, null, null, 231, null, null, null),
	(215, 81, 8, false, null, null, null, 262, null, null, null),
	(216, 81, 8, false, null, null, null, 180, null, null, null),
	(217, 81, 8, false, null, null, null, 182, null, null, null),
	(218, 81, 8, false, null, null, null, 454, null, null, null),
	(219, 81, 7, false, null, null, 17, null, null, null, null),
	(220, 81, 7, false, null, null, 19, null, null, null, null),
	(221, 82, 2, false, null, null, null, null, null, null, null),
	(222, 83, 8, false, null, null, null, 154, null, null, null),
	(223, 83, 8, false, null, null, null, 230, null, null, null),
	(224, 83, 8, false, null, null, null, 255, null, null, null),
	(225, 83, 8, false, null, null, null, 390, null, null, null),
	(226, 83, 8, false, null, null, null, 492, null, null, null),
	(227, 83, 8, false, null, null, null, 172, null, null, null),
	(228, 83, 8, false, null, null, null, 475, null, null, null),
	(229, 84, 8, false, null, null, null, 172, null, null, null),
	(230, 84, 8, false, null, null, null, 475, null, null, null),
	(231, 84, 8, false, null, null, null, 234, null, null, null),
	(232, 84, 8, false, null, null, null, 263, null, null, null),
	(233, 84, 8, false, null, null, null, 154, null, null, null),
	(234, 84, 8, false, null, null, null, 230, null, null, null),
	(235, 84, 8, false, null, null, null, 255, null, null, null),
	(236, 85, 8, false, null, null, null, 173, null, null, null),
	(237, 85, 8, false, null, null, null, 321, null, null, null),
	(238, 85, 8, false, null, null, null, 387, null, null, null),
	(239, 85, 8, false, null, null, null, 386, null, null, null),
	(240, 85, 8, false, null, null, null, 385, null, null, null),
	(241, 85, 8, false, null, null, null, 205, null, null, null),
	(242, 85, 8, false, null, null, null, 398, null, null, null),
	(243, 85, 9, false, null, null, null, null, 812, null, null),
	(244, 85, 9, false, null, null, null, null, 811, null, null),
	(245, 85, 9, false, null, null, null, null, 814, null, null),
	(246, 86, 5, false, 3, null, null, null, null, null, null),
	(247, 87, 5, false, 3, null, null, null, null, null, null),
	(248, 88, 8, false, null, null, null, 153, null, null, null),
	(249, 88, 8, false, null, null, null, 362, null, null, null),
	(250, 88, 8, false, null, null, null, 412, null, null, null),
	(251, 88, 8, false, null, null, null, 476, null, null, null),
	(252, 88, 8, false, null, null, null, 313, null, null, null),
	(253, 88, 8, false, null, null, null, 235, null, null, null),
	(254, 88, 8, false, null, null, null, 264, null, null, null),
	(255, 89, 8, false, null, null, null, 180, null, null, null),
	(256, 89, 8, false, null, null, null, 182, null, null, null),
	(257, 89, 8, false, null, null, null, 417, null, null, null),
	(258, 89, 8, false, null, null, null, 431, null, null, null),
	(259, 89, 8, false, null, null, null, 359, null, null, null),
	(260, 89, 8, false, null, null, null, 315, null, null, null),
	(261, 89, 8, false, null, null, null, 231, null, null, null),
	(262, 89, 8, false, null, null, null, 262, null, null, null),
	(263, 89, 8, false, null, null, null, 257, null, null, null),
	(264, 89, 8, false, null, null, null, 368, null, null, null),
	(265, 90, 8, false, null, null, null, 235, null, null, null),
	(266, 90, 8, false, null, null, null, 264, null, null, null),
	(267, 90, 8, false, null, null, null, 376, null, null, null),
	(268, 90, 8, false, null, null, null, 483, null, null, null),
	(269, 90, 8, false, null, null, null, 484, null, null, null),
	(270, 90, 8, false, null, null, null, 366, null, null, null),
	(271, 91, 8, false, null, null, null, 183, null, null, null),
	(272, 91, 8, false, null, null, null, 357, null, null, null),
	(273, 91, 8, false, null, null, null, 496, null, null, null),
	(274, 92, 8, false, null, null, null, 185, null, null, null),
	(275, 92, 8, false, null, null, null, 369, null, null, null),
	(276, 92, 8, false, null, null, null, 497, null, null, null),
	(277, 93, 8, false, null, null, null, 185, null, null, null),
	(278, 93, 8, false, null, null, null, 369, null, null, null),
	(279, 93, 8, false, null, null, null, 497, null, null, null),
	(280, 94, 8, false, null, null, null, 185, null, null, null),
	(281, 94, 8, false, null, null, null, 369, null, null, null),
	(282, 94, 8, false, null, null, null, 497, null, null, null),
	(283, 95, 8, false, null, null, null, 185, null, null, null),
	(284, 95, 8, false, null, null, null, 369, null, null, null),
	(285, 95, 8, false, null, null, null, 497, null, null, null),
	(286, 96, 8, false, null, null, null, 185, null, null, null),
	(287, 96, 8, false, null, null, null, 369, null, null, null),
	(288, 96, 8, false, null, null, null, 497, null, null, null),
	(289, 97, 8, false, null, null, null, 185, null, null, null),
	(290, 97, 8, false, null, null, null, 369, null, null, null),
	(291, 97, 8, false, null, null, null, 497, null, null, null),
	(292, 98, 8, false, null, null, null, 227, null, null, null),
	(293, 98, 8, false, null, null, null, 198, null, null, null),
	(294, 98, 8, false, null, null, null, 505, null, null, null),
	(295, 98, 8, false, null, null, null, 366, null, null, null),
	(296, 98, 8, false, null, null, null, 257, null, null, null),
	(297, 98, 8, false, null, null, null, 201, null, null, null),
	(298, 99, 8, false, null, null, null, 154, null, null, null),
	(299, 99, 8, false, null, null, null, 230, null, null, null),
	(300, 99, 8, false, null, null, null, 255, null, null, null),
	(301, 99, 8, false, null, null, null, 234, null, null, null),
	(302, 99, 8, false, null, null, null, 263, null, null, null),
	(303, 100, 8, false, null, null, null, 154, null, null, null),
	(304, 100, 8, false, null, null, null, 230, null, null, null),
	(305, 100, 8, false, null, null, null, 255, null, null, null),
	(306, 100, 8, false, null, null, null, 234, null, null, null),
	(307, 100, 8, false, null, null, null, 263, null, null, null),
	(308, 101, 8, false, null, null, null, 338, null, null, null),
	(309, 101, 8, false, null, null, null, 154, null, null, null),
	(310, 101, 8, false, null, null, null, 230, null, null, null),
	(311, 101, 8, false, null, null, null, 255, null, null, null),
	(312, 101, 8, false, null, null, null, 234, null, null, null),
	(313, 101, 8, false, null, null, null, 263, null, null, null),
	(314, 102, 7, false, null, null, 15, null, null, null, null),
	(315, 102, 7, false, null, null, 16, null, null, null, null),
	(316, 102, 7, false, null, null, 20, null, null, null, null),
	(317, 103, 8, false, null, null, null, 198, null, null, null),
	(318, 103, 8, false, null, null, null, 505, null, null, null),
	(319, 103, 8, false, null, null, null, 176, null, null, null),
	(320, 103, 8, false, null, null, null, 275, null, null, null),
	(321, 103, 8, false, null, null, null, 430, null, null, null),
	(322, 103, 8, false, null, null, null, 174, null, null, null),
	(323, 103, 8, false, null, null, null, 284, null, null, null),
	(324, 104, 8, false, null, null, null, 204, null, null, null),
	(325, 104, 8, false, null, null, null, 500, null, null, null),
	(326, 104, 8, false, null, null, null, 276, null, null, null),
	(327, 104, 8, false, null, null, null, 277, null, null, null),
	(328, 104, 8, false, null, null, null, 176, null, null, null),
	(329, 104, 8, false, null, null, null, 275, null, null, null),
	(330, 104, 8, false, null, null, null, 430, null, null, null),
	(331, 104, 8, false, null, null, null, 191, null, null, null),
	(332, 104, 8, false, null, null, null, 187, null, null, null),
	(333, 104, 8, false, null, null, null, 188, null, null, null),
	(334, 104, 8, false, null, null, null, 272, null, null, null),
	(335, 104, 8, false, null, null, null, 370, null, null, null),
	(336, 104, 8, false, null, null, null, 487, null, null, null),
	(337, 104, 8, false, null, null, null, 265, null, null, null),
	(338, 104, 8, false, null, null, null, 284, null, null, null),
	(339, 105, 8, false, null, null, null, 507, null, null, null),
	(340, 105, 8, false, null, null, null, 157, null, null, null),
	(341, 105, 8, false, null, null, null, 232, null, null, null),
	(342, 105, 8, false, null, null, null, 423, null, null, null),
	(343, 106, 8, false, null, null, null, 233, null, null, null),
	(344, 106, 8, false, null, null, null, 158, null, null, null),
	(345, 106, 8, false, null, null, null, 390, null, null, null),
	(346, 106, 8, false, null, null, null, 381, null, null, null),
	(347, 107, 8, false, null, null, null, 504, null, null, null),
	(348, 107, 8, false, null, null, null, 177, null, null, null),
	(349, 107, 8, false, null, null, null, 486, null, null, null),
	(350, 107, 8, false, null, null, null, 279, null, null, null),
	(351, 107, 8, false, null, null, null, 280, null, null, null),
	(352, 108, 8, false, null, null, null, 504, null, null, null),
	(353, 108, 8, false, null, null, null, 175, null, null, null),
	(354, 108, 8, false, null, null, null, 391, null, null, null),
	(355, 108, 8, false, null, null, null, 402, null, null, null),
	(356, 108, 8, false, null, null, null, 205, null, null, null),
	(357, 108, 8, false, null, null, null, 398, null, null, null),
	(358, 108, 8, false, null, null, null, 376, null, null, null),
	(359, 108, 8, false, null, null, null, 432, null, null, null),
	(360, 108, 8, false, null, null, null, 203, null, null, null),
	(361, 108, 8, false, null, null, null, 204, null, null, null),
	(362, 108, 8, false, null, null, null, 500, null, null, null),
	(363, 108, 8, false, null, null, null, 235, null, null, null),
	(364, 108, 8, false, null, null, null, 264, null, null, null),
	(365, 108, 8, false, null, null, null, 265, null, null, null),
	(366, 108, 8, false, null, null, null, 276, null, null, null),
	(367, 109, 8, false, null, null, null, 184, null, null, null),
	(368, 109, 8, false, null, null, null, 373, null, null, null),
	(369, 109, 8, false, null, null, null, 428, null, null, null),
	(370, 109, 8, false, null, null, null, 204, null, null, null),
	(371, 109, 8, false, null, null, null, 500, null, null, null),
	(372, 110, 8, false, null, null, null, 185, null, null, null),
	(373, 110, 8, false, null, null, null, 369, null, null, null),
	(374, 110, 8, false, null, null, null, 497, null, null, null),
	(375, 111, 8, false, null, null, null, 190, null, null, null),
	(376, 111, 8, false, null, null, null, 189, null, null, null),
	(377, 111, 8, false, null, null, null, 186, null, null, null),
	(378, 111, 8, false, null, null, null, 187, null, null, null),
	(379, 111, 8, false, null, null, null, 188, null, null, null),
	(380, 111, 8, false, null, null, null, 272, null, null, null),
	(381, 111, 8, false, null, null, null, 370, null, null, null),
	(382, 111, 8, false, null, null, null, 273, null, null, null),
	(383, 111, 8, false, null, null, null, 371, null, null, null),
	(384, 111, 8, false, null, null, null, 487, null, null, null),
	(385, 111, 8, false, null, null, null, 499, null, null, null),
	(386, 111, 8, false, null, null, null, 178, null, null, null),
	(387, 111, 8, false, null, null, null, 479, null, null, null),
	(388, 112, 8, false, null, null, null, 395, null, null, null),
	(389, 112, 8, false, null, null, null, 396, null, null, null),
	(390, 112, 8, false, null, null, null, 275, null, null, null),
	(391, 112, 8, false, null, null, null, 430, null, null, null),
	(392, 112, 8, false, null, null, null, 284, null, null, null),
	(393, 112, 10, false, null, null, null, null, null, 864, null),
	(394, 113, 8, false, null, null, null, 198, null, null, null),
	(395, 113, 8, false, null, null, null, 505, null, null, null),
	(396, 113, 8, false, null, null, null, 276, null, null, null),
	(397, 114, 8, false, null, null, null, 156, null, null, null),
	(398, 114, 8, false, null, null, null, 287, null, null, null),
	(399, 114, 8, false, null, null, null, 215, null, null, null),
	(400, 114, 8, false, null, null, null, 317, null, null, null),
	(401, 114, 8, false, null, null, null, 319, null, null, null),
	(402, 114, 8, false, null, null, null, 328, null, null, null),
	(403, 114, 8, false, null, null, null, 423, null, null, null),
	(404, 114, 7, false, null, null, 20, null, null, null, null),
	(405, 115, 5, false, null, 2, null, null, null, null, null),
	(406, 115, 0, false, null, null, null, null, null, null, null),
	(407, 116, 8, false, null, null, null, 209, null, null, null),
	(408, 116, 8, false, null, null, null, 232, null, null, null),
	(409, 116, 8, false, null, null, null, 245, null, null, null),
	(410, 116, 8, false, null, null, null, 288, null, null, null),
	(411, 116, 8, false, null, null, null, 355, null, null, null),
	(412, 116, 8, false, null, null, null, 377, null, null, null),
	(413, 116, 8, false, null, null, null, 157, null, null, null),
	(414, 117, 0, false, null, null, null, null, null, null, null),
	(415, 118, 8, false, null, null, null, 210, null, null, null),
	(416, 118, 8, false, null, null, null, 199, null, null, null),
	(417, 119, 0, false, null, null, null, null, null, null, null),
	(418, 120, 8, false, null, null, null, 211, null, null, null),
	(419, 121, 8, false, null, null, null, 212, null, null, null),
	(420, 121, 8, false, null, null, null, 268, null, null, null),
	(421, 122, 8, false, null, null, null, 212, null, null, null),
	(422, 122, 8, false, null, null, null, 286, null, null, null),
	(423, 123, 8, false, null, null, null, 212, null, null, null),
	(424, 123, 8, false, null, null, null, 287, null, null, null),
	(425, 124, 8, false, null, null, null, 212, null, null, null),
	(426, 124, 8, false, null, null, null, 175, null, null, null),
	(427, 125, 0, false, null, null, null, null, null, null, null),
	(428, 126, 8, false, null, null, null, 213, null, null, null),
	(429, 126, 8, false, null, null, null, 214, null, null, null),
	(430, 126, 8, false, null, null, null, 215, null, null, null),
	(431, 127, 8, false, null, null, null, 217, null, null, null),
	(432, 128, 8, false, null, null, null, 308, null, null, null),
	(433, 128, 8, false, null, null, null, 307, null, null, null),
	(434, 129, 8, false, null, null, null, 222, null, null, null),
	(435, 129, 8, false, null, null, null, 224, null, null, null),
	(436, 129, 8, false, null, null, null, 297, null, null, null),
	(437, 129, 8, false, null, null, null, 208, null, null, null),
	(438, 129, 8, false, null, null, null, 307, null, null, null),
	(439, 130, 8, false, null, null, null, 308, null, null, null),
	(440, 130, 8, false, null, null, null, 300, null, null, null),
	(441, 130, 8, false, null, null, null, 315, null, null, null),
	(442, 130, 7, false, null, null, 19, null, null, null, null),
	(443, 131, 8, false, null, null, null, 495, null, null, null),
	(444, 131, 8, false, null, null, null, 320, null, null, null),
	(445, 132, 8, false, null, null, null, 323, null, null, null),
	(446, 132, 8, false, null, null, null, 245, null, null, null),
	(447, 132, 8, false, null, null, null, 288, null, null, null),
	(448, 132, 8, false, null, null, null, 355, null, null, null),
	(449, 132, 8, false, null, null, null, 377, null, null, null),
	(450, 132, 8, false, null, null, null, 318, null, null, null),
	(451, 133, 8, false, null, null, null, 442, null, null, null),
	(452, 134, 5, false, null, 2, null, null, null, null, null),
	(453, 134, 0, false, null, null, null, null, null, null, null),
	(454, 135, 8, false, null, null, null, 442, null, null, null),
	(455, 136, 5, false, null, 2, null, null, null, null, null),
	(456, 136, 0, false, null, null, null, null, null, null, null),
	(457, 137, 8, false, null, null, null, 442, null, null, null),
	(458, 138, 8, false, null, null, null, 442, null, null, null),
	(459, 139, 8, false, null, null, null, 229, null, null, null),
	(460, 139, 8, false, null, null, null, 256, null, null, null),
	(461, 139, 7, false, null, null, 19, null, null, null, null),
	(462, 140, 8, false, null, null, null, 442, null, null, null),
	(463, 141, 8, false, null, null, null, 442, null, null, null),
	(464, 142, 8, false, null, null, null, 442, null, null, null),
	(465, 143, 5, false, null, 3, null, null, null, null, null),
	(466, 143, 0, false, null, null, null, null, null, null, null),
	(467, 144, 8, false, null, null, null, 442, null, null, null),
	(468, 145, 8, false, null, null, null, 231, null, null, null),
	(469, 145, 8, false, null, null, null, 262, null, null, null),
	(470, 145, 8, false, null, null, null, 368, null, null, null),
	(471, 146, 8, false, null, null, null, 442, null, null, null),
	(472, 147, 8, false, null, null, null, 234, null, null, null),
	(473, 147, 8, false, null, null, null, 263, null, null, null),
	(474, 147, 8, false, null, null, null, 265, null, null, null),
	(475, 147, 8, false, null, null, null, 235, null, null, null),
	(476, 147, 8, false, null, null, null, 264, null, null, null),
	(477, 148, 8, false, null, null, null, 207, null, null, null),
	(478, 148, 8, true, null, null, null, 206, null, null, null),
	(479, 149, 8, false, null, null, null, 207, null, null, null),
	(480, 149, 8, true, null, null, null, 205, null, null, null),
	(481, 150, 8, false, null, null, null, 442, null, null, null),
	(482, 151, 8, false, null, null, null, 235, null, null, null),
	(483, 151, 8, false, null, null, null, 264, null, null, null),
	(484, 151, 10, false, null, null, null, null, null, 865, null),
	(485, 152, 8, false, null, null, null, 442, null, null, null),
	(486, 153, 8, false, null, null, null, 236, null, null, null),
	(487, 153, 10, false, null, null, null, null, null, 865, null),
	(488, 154, 8, false, null, null, null, 207, null, null, null),
	(489, 154, 8, true, null, null, null, 206, null, null, null),
	(490, 155, 8, false, null, null, null, 207, null, null, null),
	(491, 155, 8, true, null, null, null, 205, null, null, null),
	(492, 156, 8, false, null, null, null, 442, null, null, null),
	(493, 157, 8, false, null, null, null, 206, null, null, null),
	(494, 157, 8, false, null, null, null, 276, null, null, null),
	(495, 157, 8, false, null, null, null, 275, null, null, null),
	(496, 157, 8, false, null, null, null, 430, null, null, null),
	(497, 157, 8, false, null, null, null, 237, null, null, null),
	(498, 157, 8, false, null, null, null, 282, null, null, null),
	(499, 157, 8, false, null, null, null, 280, null, null, null),
	(500, 158, 8, false, null, null, null, 235, null, null, null),
	(501, 158, 10, false, null, null, null, null, null, 865, null),
	(502, 159, 8, false, null, null, null, 264, null, null, null),
	(503, 159, 10, false, null, null, null, null, null, 865, null),
	(504, 160, 8, false, null, null, null, 442, null, null, null),
	(505, 161, 8, false, null, null, null, 206, null, null, null),
	(506, 161, 8, false, null, null, null, 282, null, null, null),
	(507, 161, 8, false, null, null, null, 280, null, null, null),
	(508, 161, 8, false, null, null, null, 239, null, null, null),
	(509, 162, 8, false, null, null, null, 235, null, null, null),
	(510, 162, 10, false, null, null, null, null, null, 863, null),
	(511, 163, 8, false, null, null, null, 264, null, null, null),
	(512, 163, 10, false, null, null, null, null, null, 863, null),
	(513, 164, 8, false, null, null, null, 442, null, null, null),
	(514, 165, 8, false, null, null, null, 206, null, null, null),
	(515, 165, 8, false, null, null, null, 282, null, null, null),
	(516, 165, 8, false, null, null, null, 280, null, null, null),
	(517, 166, 8, false, null, null, null, 235, null, null, null),
	(518, 166, 10, false, null, null, null, null, null, 863, null),
	(519, 167, 8, false, null, null, null, 264, null, null, null),
	(520, 167, 10, false, null, null, null, null, null, 863, null),
	(521, 168, 8, false, null, null, null, 442, null, null, null),
	(522, 169, 8, false, null, null, null, 241, null, null, null),
	(523, 170, 8, false, null, null, null, 235, null, null, null),
	(524, 170, 10, false, null, null, null, null, null, 864, null),
	(525, 171, 8, false, null, null, null, 264, null, null, null),
	(526, 171, 10, false, null, null, null, null, null, 864, null),
	(527, 172, 8, false, null, null, null, 442, null, null, null),
	(528, 173, 8, false, null, null, null, 242, null, null, null),
	(529, 174, 8, false, null, null, null, 235, null, null, null),
	(530, 174, 10, false, null, null, null, null, null, 864, null),
	(531, 175, 8, false, null, null, null, 264, null, null, null),
	(532, 175, 10, false, null, null, null, null, null, 864, null),
	(533, 176, 8, false, null, null, null, 442, null, null, null),
	(534, 177, 10, false, null, null, null, null, null, 864, null),
	(535, 178, 8, false, null, null, null, 442, null, null, null),
	(536, 179, 5, false, null, 3, null, null, null, null, null),
	(537, 179, 0, false, null, null, null, null, null, null, null),
	(538, 180, 8, false, null, null, null, 247, null, null, null),
	(539, 180, 8, false, null, null, null, 160, null, null, null),
	(540, 180, 8, false, null, null, null, 321, null, null, null),
	(541, 180, 8, false, null, null, null, 175, null, null, null),
	(542, 180, 8, false, null, null, null, 159, null, null, null),
	(543, 181, 5, false, null, 2, null, null, null, null, null),
	(544, 181, 0, false, null, null, null, null, null, null, null),
	(545, 182, 8, false, null, null, null, 229, null, null, null),
	(546, 182, 8, false, null, null, null, 256, null, null, null),
	(547, 182, 8, false, null, null, null, 231, null, null, null),
	(548, 182, 8, false, null, null, null, 262, null, null, null),
	(549, 182, 7, false, null, null, 19, null, null, null, null),
	(550, 183, 8, false, null, null, null, 484, null, null, null),
	(551, 183, 8, false, null, null, null, 483, null, null, null),
	(552, 183, 8, false, null, null, null, 366, null, null, null),
	(553, 183, 8, false, null, null, null, 367, null, null, null),
	(554, 183, 8, false, null, null, null, 229, null, null, null),
	(555, 183, 8, false, null, null, null, 256, null, null, null),
	(556, 183, 8, false, null, null, null, 257, null, null, null),
	(557, 184, 5, false, null, 3, null, null, null, null, null),
	(558, 184, 0, false, null, null, null, null, null, null, null),
	(559, 185, 8, false, null, null, null, 231, null, null, null),
	(560, 185, 8, false, null, null, null, 262, null, null, null),
	(561, 185, 8, false, null, null, null, 368, null, null, null),
	(562, 186, 8, false, null, null, null, 250, null, null, null),
	(563, 186, 8, false, null, null, null, 338, null, null, null),
	(564, 186, 8, false, null, null, null, 236, null, null, null),
	(565, 186, 8, false, null, null, null, 506, null, null, null),
	(566, 186, 8, false, null, null, null, 353, null, null, null),
	(567, 186, 8, false, null, null, null, 207, null, null, null),
	(568, 187, 8, false, null, null, null, 381, null, null, null),
	(569, 187, 8, false, null, null, null, 391, null, null, null),
	(570, 187, 8, false, null, null, null, 402, null, null, null),
	(571, 187, 8, false, null, null, null, 395, null, null, null),
	(572, 187, 8, false, null, null, null, 200, null, null, null),
	(573, 187, 8, false, null, null, null, 320, null, null, null),
	(574, 187, 8, false, null, null, null, 225, null, null, null),
	(575, 187, 8, false, null, null, null, 351, null, null, null),
	(576, 187, 8, false, null, null, null, 494, null, null, null),
	(577, 187, 8, false, null, null, null, 495, null, null, null),
	(578, 187, 8, false, null, null, null, 274, null, null, null),
	(579, 188, 8, false, null, null, null, 232, null, null, null),
	(580, 188, 8, false, null, null, null, 318, null, null, null),
	(581, 188, 8, false, null, null, null, 199, null, null, null),
	(582, 189, 8, false, null, null, null, 154, null, null, null),
	(583, 189, 8, false, null, null, null, 230, null, null, null),
	(584, 189, 8, false, null, null, null, 255, null, null, null),
	(585, 189, 8, false, null, null, null, 193, null, null, null),
	(586, 190, 8, false, null, null, null, 154, null, null, null),
	(587, 190, 8, false, null, null, null, 230, null, null, null),
	(588, 190, 8, false, null, null, null, 255, null, null, null),
	(589, 190, 8, false, null, null, null, 388, null, null, null),
	(590, 190, 8, false, null, null, null, 389, null, null, null),
	(591, 190, 8, false, null, null, null, 391, null, null, null),
	(592, 190, 8, false, null, null, null, 402, null, null, null),
	(593, 191, 8, false, null, null, null, 154, null, null, null),
	(594, 191, 8, false, null, null, null, 230, null, null, null),
	(595, 191, 8, false, null, null, null, 255, null, null, null),
	(596, 191, 8, false, null, null, null, 385, null, null, null),
	(597, 191, 8, false, null, null, null, 386, null, null, null),
	(598, 191, 8, false, null, null, null, 387, null, null, null),
	(599, 191, 8, false, null, null, null, 234, null, null, null),
	(600, 191, 8, false, null, null, null, 263, null, null, null),
	(601, 192, 8, false, null, null, null, 185, null, null, null),
	(602, 192, 8, false, null, null, null, 369, null, null, null),
	(603, 192, 8, false, null, null, null, 497, null, null, null),
	(604, 193, 8, false, null, null, null, 185, null, null, null),
	(605, 193, 8, false, null, null, null, 369, null, null, null),
	(606, 193, 8, false, null, null, null, 497, null, null, null),
	(607, 194, 8, false, null, null, null, 267, null, null, null),
	(608, 194, 8, false, null, null, null, 372, null, null, null),
	(609, 194, 8, false, null, null, null, 391, null, null, null),
	(610, 194, 8, false, null, null, null, 402, null, null, null),
	(611, 194, 8, false, null, null, null, 233, null, null, null),
	(612, 195, 8, false, null, null, null, 504, null, null, null),
	(613, 195, 8, false, null, null, null, 202, null, null, null),
	(614, 195, 8, false, null, null, null, 201, null, null, null),
	(615, 195, 8, false, null, null, null, 269, null, null, null),
	(616, 195, 8, false, null, null, null, 270, null, null, null),
	(617, 195, 8, false, null, null, null, 266, null, null, null),
	(618, 195, 8, false, null, null, null, 234, null, null, null),
	(619, 195, 8, false, null, null, null, 263, null, null, null),
	(620, 195, 8, false, null, null, null, 206, null, null, null),
	(621, 195, 8, false, null, null, null, 237, null, null, null),
	(622, 196, 8, false, null, null, null, 376, null, null, null),
	(623, 196, 8, false, null, null, null, 239, null, null, null),
	(624, 196, 8, false, null, null, null, 187, null, null, null),
	(625, 196, 8, false, null, null, null, 198, null, null, null),
	(626, 196, 8, false, null, null, null, 505, null, null, null),
	(627, 196, 8, false, null, null, null, 206, null, null, null),
	(628, 197, 8, false, null, null, null, 376, null, null, null),
	(629, 197, 8, false, null, null, null, 239, null, null, null),
	(630, 197, 8, false, null, null, null, 187, null, null, null),
	(631, 197, 8, false, null, null, null, 198, null, null, null),
	(632, 197, 8, false, null, null, null, 505, null, null, null),
	(633, 197, 8, false, null, null, null, 206, null, null, null),
	(634, 198, 7, false, null, null, 15, null, null, null, null),
	(635, 199, 8, false, null, null, null, 235, null, null, null),
	(636, 199, 8, false, null, null, null, 264, null, null, null),
	(637, 199, 10, false, null, null, null, null, null, 865, null),
	(638, 200, 8, false, null, null, null, 201, null, null, null),
	(639, 200, 8, false, null, null, null, 376, null, null, null),
	(640, 200, 8, false, null, null, null, 279, null, null, null),
	(641, 200, 8, false, null, null, null, 237, null, null, null),
	(642, 201, 8, false, null, null, null, 275, null, null, null),
	(643, 201, 8, false, null, null, null, 430, null, null, null),
	(644, 201, 8, false, null, null, null, 504, null, null, null),
	(645, 201, 8, false, null, null, null, 202, null, null, null),
	(646, 201, 8, false, null, null, null, 201, null, null, null),
	(647, 201, 8, false, null, null, null, 269, null, null, null),
	(648, 201, 8, false, null, null, null, 270, null, null, null),
	(649, 201, 8, false, null, null, null, 206, null, null, null),
	(650, 201, 8, false, null, null, null, 237, null, null, null),
	(651, 202, 8, false, null, null, null, 376, null, null, null),
	(652, 202, 8, false, null, null, null, 239, null, null, null),
	(653, 202, 8, false, null, null, null, 240, null, null, null),
	(654, 202, 8, false, null, null, null, 241, null, null, null),
	(655, 202, 8, false, null, null, null, 242, null, null, null),
	(656, 203, 8, false, null, null, null, 275, null, null, null),
	(657, 203, 8, false, null, null, null, 430, null, null, null),
	(658, 203, 8, false, null, null, null, 504, null, null, null),
	(659, 203, 8, false, null, null, null, 202, null, null, null),
	(660, 203, 8, false, null, null, null, 201, null, null, null),
	(661, 203, 8, false, null, null, null, 269, null, null, null),
	(662, 203, 8, false, null, null, null, 270, null, null, null),
	(663, 203, 8, false, null, null, null, 206, null, null, null),
	(664, 203, 8, false, null, null, null, 239, null, null, null),
	(665, 203, 8, false, null, null, null, 205, null, null, null),
	(666, 203, 8, false, null, null, null, 398, null, null, null),
	(667, 203, 8, false, null, null, null, 240, null, null, null),
	(668, 203, 8, false, null, null, null, 241, null, null, null),
	(669, 203, 8, false, null, null, null, 242, null, null, null),
	(670, 204, 8, false, null, null, null, 175, null, null, null),
	(671, 204, 8, false, null, null, null, 275, null, null, null),
	(672, 204, 8, false, null, null, null, 430, null, null, null),
	(673, 204, 8, false, null, null, null, 504, null, null, null),
	(674, 204, 8, false, null, null, null, 202, null, null, null),
	(675, 204, 8, false, null, null, null, 201, null, null, null),
	(676, 204, 8, false, null, null, null, 269, null, null, null),
	(677, 204, 8, false, null, null, null, 270, null, null, null),
	(678, 204, 8, false, null, null, null, 206, null, null, null),
	(679, 204, 8, false, null, null, null, 239, null, null, null),
	(680, 204, 8, false, null, null, null, 205, null, null, null),
	(681, 204, 8, false, null, null, null, 398, null, null, null),
	(682, 204, 8, false, null, null, null, 240, null, null, null),
	(683, 204, 8, false, null, null, null, 241, null, null, null),
	(684, 204, 8, false, null, null, null, 242, null, null, null),
	(685, 205, 8, false, null, null, null, 321, null, null, null),
	(686, 205, 8, false, null, null, null, 376, null, null, null),
	(687, 205, 8, false, null, null, null, 206, null, null, null),
	(688, 205, 8, false, null, null, null, 204, null, null, null),
	(689, 205, 8, false, null, null, null, 500, null, null, null),
	(690, 205, 8, false, null, null, null, 203, null, null, null),
	(691, 205, 8, false, null, null, null, 205, null, null, null),
	(692, 205, 8, false, null, null, null, 398, null, null, null),
	(693, 205, 8, false, null, null, null, 318, null, null, null),
	(694, 205, 8, false, null, null, null, 317, null, null, null),
	(695, 205, 8, false, null, null, null, 320, null, null, null),
	(696, 205, 8, false, null, null, null, 238, null, null, null),
	(697, 205, 8, false, null, null, null, 239, null, null, null),
	(698, 205, 8, false, null, null, null, 240, null, null, null),
	(699, 205, 8, false, null, null, null, 241, null, null, null),
	(700, 205, 8, false, null, null, null, 242, null, null, null),
	(701, 205, 8, false, null, null, null, 244, null, null, null),
	(702, 205, 8, false, null, null, null, 243, null, null, null),
	(703, 206, 8, false, null, null, null, 211, null, null, null),
	(704, 206, 8, false, null, null, null, 157, null, null, null),
	(705, 206, 8, false, null, null, null, 245, null, null, null),
	(706, 206, 8, false, null, null, null, 288, null, null, null),
	(707, 206, 8, false, null, null, null, 355, null, null, null),
	(708, 206, 8, false, null, null, null, 377, null, null, null),
	(709, 206, 8, false, null, null, null, 507, null, null, null),
	(710, 207, 8, false, null, null, null, 211, null, null, null),
	(711, 207, 8, false, null, null, null, 317, null, null, null),
	(712, 207, 8, false, null, null, null, 245, null, null, null),
	(713, 207, 8, false, null, null, null, 288, null, null, null),
	(714, 207, 8, false, null, null, null, 355, null, null, null),
	(715, 207, 8, false, null, null, null, 377, null, null, null),
	(716, 207, 8, false, null, null, null, 507, null, null, null),
	(717, 208, 5, false, null, 2, null, null, null, null, null),
	(718, 208, 0, false, null, null, null, null, null, null, null),
	(719, 209, 5, false, null, 2, null, null, null, null, null),
	(720, 209, 0, false, null, null, null, null, null, null, null),
	(721, 210, 8, false, null, null, null, 168, null, null, null),
	(722, 210, 8, false, null, null, null, 474, null, null, null),
	(723, 210, 8, false, null, null, null, 167, null, null, null),
	(724, 210, 8, false, null, null, null, 176, null, null, null),
	(725, 210, 8, false, null, null, null, 147, null, null, null),
	(726, 210, 8, false, null, null, null, 148, null, null, null),
	(727, 210, 8, false, null, null, null, 149, null, null, null),
	(728, 210, 8, false, null, null, null, 150, null, null, null),
	(729, 210, 8, false, null, null, null, 151, null, null, null),
	(730, 210, 7, false, null, null, 17, null, null, null, null),
	(731, 211, 8, false, null, null, null, 495, null, null, null),
	(732, 211, 8, false, null, null, null, 168, null, null, null),
	(733, 211, 8, false, null, null, null, 474, null, null, null),
	(734, 211, 8, false, null, null, null, 167, null, null, null),
	(735, 211, 8, false, null, null, null, 176, null, null, null),
	(736, 211, 8, false, null, null, null, 147, null, null, null),
	(737, 211, 8, false, null, null, null, 148, null, null, null),
	(738, 211, 8, false, null, null, null, 149, null, null, null),
	(739, 211, 8, false, null, null, null, 150, null, null, null),
	(740, 211, 8, false, null, null, null, 151, null, null, null),
	(741, 211, 7, false, null, null, 17, null, null, null, null),
	(742, 212, 8, false, null, null, null, 312, null, null, null),
	(743, 212, 8, false, null, null, null, 314, null, null, null),
	(744, 212, 8, false, null, null, null, 231, null, null, null),
	(745, 212, 8, false, null, null, null, 262, null, null, null),
	(746, 212, 8, false, null, null, null, 235, null, null, null),
	(747, 212, 8, false, null, null, null, 264, null, null, null),
	(748, 212, 8, false, null, null, null, 180, null, null, null),
	(749, 212, 8, false, null, null, null, 482, null, null, null),
	(750, 212, 8, false, null, null, null, 417, null, null, null),
	(751, 212, 7, false, null, null, 19, null, null, null, null),
	(752, 213, 8, false, null, null, null, 227, null, null, null),
	(753, 213, 8, false, null, null, null, 346, null, null, null),
	(754, 213, 8, false, null, null, null, 347, null, null, null),
	(755, 213, 8, false, null, null, null, 259, null, null, null),
	(756, 213, 8, false, null, null, null, 365, null, null, null),
	(757, 214, 8, false, null, null, null, 308, null, null, null),
	(758, 214, 8, false, null, null, null, 350, null, null, null),
	(759, 214, 8, false, null, null, null, 507, null, null, null),
	(760, 214, 8, false, null, null, null, 157, null, null, null),
	(761, 214, 8, false, null, null, null, 232, null, null, null),
	(762, 215, 8, false, null, null, null, 308, null, null, null),
	(763, 215, 8, false, null, null, null, 350, null, null, null),
	(764, 215, 8, false, null, null, null, 507, null, null, null),
	(765, 215, 8, false, null, null, null, 157, null, null, null),
	(766, 215, 8, false, null, null, null, 232, null, null, null),
	(767, 216, 8, false, null, null, null, 423, null, null, null),
	(768, 216, 8, false, null, null, null, 234, null, null, null),
	(769, 216, 8, false, null, null, null, 263, null, null, null),
	(770, 216, 8, false, null, null, null, 350, null, null, null),
	(771, 216, 8, false, null, null, null, 338, null, null, null),
	(772, 217, 8, false, null, null, null, 390, null, null, null),
	(773, 217, 8, false, null, null, null, 492, null, null, null),
	(774, 217, 8, false, null, null, null, 308, null, null, null),
	(775, 217, 8, false, null, null, null, 290, null, null, null),
	(776, 217, 8, false, null, null, null, 394, null, null, null),
	(777, 217, 8, false, null, null, null, 495, null, null, null),
	(778, 217, 8, false, null, null, null, 386, null, null, null),
	(779, 217, 8, false, null, null, null, 387, null, null, null),
	(780, 218, 4, false, 36, null, null, null, null, null, null),
	(781, 219, 8, false, null, null, null, 318, null, null, null),
	(782, 219, 8, false, null, null, null, 245, null, null, null),
	(783, 219, 8, false, null, null, null, 288, null, null, null),
	(784, 219, 8, false, null, null, null, 355, null, null, null),
	(785, 219, 8, false, null, null, null, 377, null, null, null),
	(786, 219, 8, false, null, null, null, 507, null, null, null),
	(787, 220, 8, false, null, null, null, 281, null, null, null),
	(788, 220, 8, false, null, null, null, 220, null, null, null),
	(789, 220, 8, false, null, null, null, 308, null, null, null),
	(790, 220, 8, false, null, null, null, 245, null, null, null),
	(791, 220, 8, false, null, null, null, 288, null, null, null),
	(792, 220, 8, false, null, null, null, 355, null, null, null),
	(793, 220, 8, false, null, null, null, 377, null, null, null),
	(794, 221, 8, false, null, null, null, 324, null, null, null),
	(795, 222, 8, false, null, null, null, 324, null, null, null),
	(796, 223, 8, false, null, null, null, 315, null, null, null),
	(797, 223, 8, false, null, null, null, 332, null, null, null),
	(798, 223, 8, false, null, null, null, 312, null, null, null),
	(799, 223, 8, false, null, null, null, 535, null, null, null),
	(800, 223, 8, false, null, null, null, 235, null, null, null),
	(801, 223, 8, false, null, null, null, 264, null, null, null),
	(802, 223, 8, false, null, null, null, 376, null, null, null),
	(803, 223, 8, false, null, null, null, 483, null, null, null),
	(804, 223, 8, false, null, null, null, 484, null, null, null),
	(805, 223, 8, false, null, null, null, 366, null, null, null),
	(806, 224, 8, false, null, null, null, 538, null, null, null),
	(807, 224, 8, false, null, null, null, 346, null, null, null),
	(808, 224, 8, false, null, null, null, 346, null, null, null),
	(809, 224, 8, false, null, null, null, 511, null, null, null),
	(810, 224, 8, false, null, null, null, 455, null, null, null),
	(811, 224, 8, false, null, null, null, 235, null, null, null),
	(812, 224, 8, false, null, null, null, 264, null, null, null),
	(813, 224, 7, false, null, null, 19, null, null, null, null),
	(814, 225, 8, false, null, null, null, 325, null, null, null),
	(815, 226, 8, false, null, null, null, 318, null, null, null),
	(816, 226, 8, false, null, null, null, 529, null, null, null),
	(817, 227, 5, false, 3, null, null, null, null, null, null),
	(818, 228, 8, false, null, null, null, 336, null, null, null),
	(819, 228, 8, false, null, null, null, 351, null, null, null),
	(820, 229, 2, false, null, null, null, null, null, null, null),
	(821, 230, 8, false, null, null, null, 350, null, null, null),
	(822, 230, 8, false, null, null, null, 338, null, null, null),
	(823, 230, 8, false, null, null, null, 353, null, null, null),
	(824, 230, 8, false, null, null, null, 480, null, null, null),
	(825, 230, 8, false, null, null, null, 506, null, null, null),
	(826, 230, 8, false, null, null, null, 170, null, null, null),
	(827, 230, 8, false, null, null, null, 207, null, null, null),
	(828, 230, 8, false, null, null, null, 234, null, null, null),
	(829, 230, 8, false, null, null, null, 236, null, null, null),
	(830, 230, 8, false, null, null, null, 238, null, null, null),
	(831, 230, 8, false, null, null, null, 250, null, null, null),
	(832, 230, 8, false, null, null, null, 263, null, null, null),
	(833, 230, 8, false, null, null, null, 266, null, null, null),
	(834, 230, 8, false, null, null, null, 389, null, null, null),
	(835, 230, 8, false, null, null, null, 397, null, null, null),
	(836, 230, 8, false, null, null, null, 319, null, null, null),
	(837, 230, 8, false, null, null, null, 328, null, null, null),
	(838, 230, 8, false, null, null, null, 336, null, null, null),
	(839, 230, 8, false, null, null, null, 351, null, null, null),
	(840, 231, 4, false, 50, null, null, null, null, null, null),
	(841, 232, 8, false, null, null, null, 338, null, null, null),
	(842, 232, 8, false, null, null, null, 353, null, null, null),
	(843, 233, 2, false, null, null, null, null, null, null, null),
	(844, 233, 5, false, null, 4, null, null, null, null, null),
	(845, 234, 8, false, null, null, null, 492, null, null, null),
	(846, 234, 8, false, null, null, null, 493, null, null, null),
	(847, 234, 8, false, null, null, null, 158, null, null, null),
	(848, 234, 8, false, null, null, null, 233, null, null, null),
	(849, 234, 8, false, null, null, null, 390, null, null, null),
	(850, 235, 9, false, null, null, null, null, 812, null, null),
	(851, 236, 8, false, null, null, null, 350, null, null, null),
	(852, 236, 8, false, null, null, null, 319, null, null, null),
	(853, 236, 8, false, null, null, null, 328, null, null, null),
	(854, 236, 8, false, null, null, null, 157, null, null, null),
	(855, 236, 8, false, null, null, null, 507, null, null, null),
	(856, 236, 8, false, null, null, null, 349, null, null, null),
	(857, 237, 5, false, null, 3, null, null, null, null, null),
	(858, 237, 0, false, null, null, null, null, null, null, null),
	(859, 238, 8, false, null, null, null, 402, null, null, null),
	(860, 238, 8, false, null, null, null, 231, null, null, null),
	(861, 238, 8, false, null, null, null, 262, null, null, null),
	(862, 238, 8, false, null, null, null, 482, null, null, null),
	(863, 238, 8, false, null, null, null, 180, null, null, null),
	(864, 238, 8, false, null, null, null, 359, null, null, null),
	(865, 239, 8, false, null, null, null, 366, null, null, null),
	(866, 239, 8, false, null, null, null, 181, null, null, null),
	(867, 239, 8, false, null, null, null, 235, null, null, null),
	(868, 239, 8, false, null, null, null, 264, null, null, null),
	(869, 239, 8, false, null, null, null, 381, null, null, null),
	(870, 239, 8, false, null, null, null, 315, null, null, null),
	(871, 240, 8, false, null, null, null, 471, null, null, null),
	(872, 240, 8, false, null, null, null, 488, null, null, null),
	(873, 240, 8, false, null, null, null, 142, null, null, null),
	(874, 240, 8, false, null, null, null, 145, null, null, null),
	(875, 240, 8, false, null, null, null, 182, null, null, null),
	(876, 240, 8, false, null, null, null, 187, null, null, null),
	(877, 240, 8, false, null, null, null, 229, null, null, null),
	(878, 240, 8, false, null, null, null, 231, null, null, null),
	(879, 240, 8, false, null, null, null, 235, null, null, null),
	(880, 240, 8, false, null, null, null, 251, null, null, null),
	(881, 240, 8, false, null, null, null, 256, null, null, null),
	(882, 240, 8, false, null, null, null, 257, null, null, null),
	(883, 240, 8, false, null, null, null, 262, null, null, null),
	(884, 240, 8, false, null, null, null, 276, null, null, null),
	(885, 240, 8, false, null, null, null, 381, null, null, null),
	(886, 240, 8, false, null, null, null, 364, null, null, null),
	(887, 240, 8, false, null, null, null, 368, null, null, null),
	(888, 240, 8, false, null, null, null, 372, null, null, null),
	(889, 240, 8, false, null, null, null, 376, null, null, null),
	(890, 241, 8, false, null, null, null, 183, null, null, null),
	(891, 241, 8, false, null, null, null, 357, null, null, null),
	(892, 241, 8, false, null, null, null, 496, null, null, null),
	(893, 242, 8, false, null, null, null, 185, null, null, null),
	(894, 242, 8, false, null, null, null, 369, null, null, null),
	(895, 242, 8, false, null, null, null, 497, null, null, null),
	(896, 243, 8, false, null, null, null, 185, null, null, null),
	(897, 243, 8, false, null, null, null, 369, null, null, null),
	(898, 243, 8, false, null, null, null, 497, null, null, null),
	(899, 244, 8, false, null, null, null, 391, null, null, null),
	(900, 244, 8, false, null, null, null, 402, null, null, null),
	(901, 244, 8, false, null, null, null, 395, null, null, null),
	(902, 244, 8, false, null, null, null, 403, null, null, null),
	(903, 244, 8, false, null, null, null, 200, null, null, null),
	(904, 244, 8, false, null, null, null, 320, null, null, null),
	(905, 244, 8, false, null, null, null, 225, null, null, null),
	(906, 244, 8, false, null, null, null, 351, null, null, null),
	(907, 244, 8, false, null, null, null, 494, null, null, null),
	(908, 244, 8, false, null, null, null, 495, null, null, null),
	(909, 244, 8, false, null, null, null, 274, null, null, null),
	(910, 244, 8, false, null, null, null, 381, null, null, null),
	(911, 245, 8, false, null, null, null, 154, null, null, null),
	(912, 245, 8, false, null, null, null, 230, null, null, null),
	(913, 245, 8, false, null, null, null, 255, null, null, null),
	(914, 245, 8, false, null, null, null, 373, null, null, null),
	(915, 245, 8, false, null, null, null, 428, null, null, null),
	(916, 245, 8, false, null, null, null, 503, null, null, null),
	(917, 246, 8, false, null, null, null, 507, null, null, null),
	(918, 246, 8, false, null, null, null, 157, null, null, null),
	(919, 246, 8, false, null, null, null, 232, null, null, null),
	(920, 246, 8, false, null, null, null, 423, null, null, null),
	(921, 246, 8, false, null, null, null, 318, null, null, null),
	(922, 246, 8, false, null, null, null, 317, null, null, null),
	(923, 247, 8, false, null, null, null, 366, null, null, null),
	(924, 247, 8, false, null, null, null, 367, null, null, null),
	(925, 247, 8, false, null, null, null, 275, null, null, null),
	(926, 247, 8, false, null, null, null, 430, null, null, null),
	(927, 247, 8, false, null, null, null, 432, null, null, null),
	(928, 247, 8, false, null, null, null, 198, null, null, null),
	(929, 247, 8, false, null, null, null, 505, null, null, null),
	(930, 247, 8, false, null, null, null, 257, null, null, null),
	(931, 247, 8, false, null, null, null, 314, null, null, null),
	(932, 247, 8, false, null, null, null, 282, null, null, null),
	(933, 247, 8, false, null, null, null, 237, null, null, null),
	(934, 248, 8, false, null, null, null, 403, null, null, null),
	(935, 248, 8, false, null, null, null, 235, null, null, null),
	(936, 248, 8, false, null, null, null, 264, null, null, null),
	(937, 248, 8, false, null, null, null, 237, null, null, null),
	(938, 248, 8, false, null, null, null, 282, null, null, null),
	(939, 249, 8, false, null, null, null, 315, null, null, null),
	(940, 250, 5, false, null, 3, null, null, null, null, null),
	(941, 250, 0, false, null, null, null, null, null, null, null),
	(942, 251, 8, false, null, null, null, 231, null, null, null),
	(943, 251, 8, false, null, null, null, 262, null, null, null),
	(944, 251, 8, false, null, null, null, 235, null, null, null),
	(945, 251, 8, false, null, null, null, 264, null, null, null),
	(946, 251, 7, false, null, null, 19, null, null, null, null),
	(947, 252, 8, false, null, null, null, 154, null, null, null),
	(948, 252, 8, false, null, null, null, 230, null, null, null),
	(949, 252, 8, false, null, null, null, 255, null, null, null),
	(950, 252, 8, false, null, null, null, 234, null, null, null),
	(951, 252, 8, false, null, null, null, 263, null, null, null),
	(952, 252, 8, false, null, null, null, 388, null, null, null),
	(953, 252, 8, false, null, null, null, 389, null, null, null),
	(954, 252, 8, false, null, null, null, 158, null, null, null),
	(955, 252, 8, false, null, null, null, 390, null, null, null),
	(956, 252, 8, false, null, null, null, 393, null, null, null),
	(957, 252, 8, false, null, null, null, 392, null, null, null),
	(958, 252, 8, false, null, null, null, 394, null, null, null),
	(959, 253, 8, false, null, null, null, 154, null, null, null),
	(960, 253, 8, false, null, null, null, 230, null, null, null),
	(961, 253, 8, false, null, null, null, 255, null, null, null),
	(962, 253, 8, false, null, null, null, 234, null, null, null),
	(963, 253, 8, false, null, null, null, 263, null, null, null),
	(964, 253, 8, false, null, null, null, 158, null, null, null),
	(965, 253, 8, false, null, null, null, 390, null, null, null),
	(966, 253, 8, false, null, null, null, 392, null, null, null),
	(967, 253, 8, false, null, null, null, 394, null, null, null),
	(968, 254, 8, false, null, null, null, 158, null, null, null),
	(969, 254, 8, false, null, null, null, 390, null, null, null),
	(970, 254, 8, false, null, null, null, 233, null, null, null),
	(971, 255, 8, false, null, null, null, 200, null, null, null),
	(972, 255, 8, false, null, null, null, 351, null, null, null),
	(973, 255, 8, false, null, null, null, 391, null, null, null),
	(974, 255, 8, false, null, null, null, 402, null, null, null),
	(975, 255, 8, false, null, null, null, 274, null, null, null),
	(976, 255, 8, false, null, null, null, 387, null, null, null),
	(977, 256, 8, false, null, null, null, 200, null, null, null),
	(978, 256, 8, false, null, null, null, 351, null, null, null),
	(979, 256, 8, false, null, null, null, 391, null, null, null),
	(980, 256, 8, false, null, null, null, 402, null, null, null),
	(981, 256, 8, false, null, null, null, 274, null, null, null),
	(982, 256, 8, false, null, null, null, 201, null, null, null),
	(983, 256, 8, false, null, null, null, 280, null, null, null),
	(984, 257, 8, false, null, null, null, 173, null, null, null),
	(985, 257, 8, false, null, null, null, 387, null, null, null),
	(986, 257, 8, false, null, null, null, 269, null, null, null),
	(987, 257, 8, false, null, null, null, 193, null, null, null),
	(988, 257, 8, false, null, null, null, 385, null, null, null),
	(989, 257, 8, false, null, null, null, 386, null, null, null),
	(990, 257, 8, false, null, null, null, 391, null, null, null),
	(991, 257, 8, false, null, null, null, 402, null, null, null),
	(992, 257, 8, false, null, null, null, 205, null, null, null),
	(993, 257, 8, false, null, null, null, 398, null, null, null),
	(994, 258, 8, false, null, null, null, 200, null, null, null),
	(995, 258, 8, false, null, null, null, 351, null, null, null),
	(996, 258, 8, false, null, null, null, 391, null, null, null),
	(997, 258, 8, false, null, null, null, 402, null, null, null),
	(998, 258, 8, false, null, null, null, 274, null, null, null),
	(999, 258, 8, false, null, null, null, 267, null, null, null),
	(1000, 258, 8, false, null, null, null, 372, null, null, null),
	(1001, 259, 8, false, null, null, null, 395, null, null, null),
	(1002, 259, 8, false, null, null, null, 394, null, null, null),
	(1003, 259, 8, false, null, null, null, 397, null, null, null),
	(1004, 260, 8, false, null, null, null, 388, null, null, null),
	(1005, 260, 8, false, null, null, null, 389, null, null, null),
	(1006, 260, 8, false, null, null, null, 394, null, null, null),
	(1007, 260, 8, false, null, null, null, 501, null, null, null),
	(1008, 261, 8, false, null, null, null, 395, null, null, null),
	(1009, 261, 8, false, null, null, null, 239, null, null, null),
	(1010, 261, 8, false, null, null, null, 240, null, null, null),
	(1011, 261, 8, false, null, null, null, 241, null, null, null),
	(1012, 261, 8, false, null, null, null, 242, null, null, null),
	(1013, 262, 8, false, null, null, null, 237, null, null, null),
	(1014, 262, 10, false, null, null, null, null, null, 864, null),
	(1015, 263, 8, false, null, null, null, 399, null, null, null),
	(1016, 264, 8, false, null, null, null, 399, null, null, null),
	(1017, 265, 8, false, null, null, null, 399, null, null, null),
	(1018, 266, 8, false, null, null, null, 200, null, null, null),
	(1019, 266, 8, false, null, null, null, 351, null, null, null),
	(1020, 266, 8, false, null, null, null, 402, null, null, null),
	(1021, 266, 8, false, null, null, null, 274, null, null, null),
	(1022, 266, 8, false, null, null, null, 267, null, null, null),
	(1023, 266, 8, false, null, null, null, 372, null, null, null),
	(1024, 267, 8, false, null, null, null, 200, null, null, null),
	(1025, 267, 8, false, null, null, null, 351, null, null, null),
	(1026, 267, 8, false, null, null, null, 403, null, null, null),
	(1027, 267, 8, false, null, null, null, 239, null, null, null),
	(1028, 267, 8, false, null, null, null, 240, null, null, null),
	(1029, 267, 8, false, null, null, null, 241, null, null, null),
	(1030, 267, 8, false, null, null, null, 242, null, null, null),
	(1031, 268, 5, false, null, 2, null, null, null, null, null),
	(1032, 268, 0, false, null, null, null, null, null, null, null),
	(1033, 269, 8, false, null, null, null, 153, null, null, null),
	(1034, 269, 8, false, null, null, null, 362, null, null, null),
	(1035, 269, 8, false, null, null, null, 412, null, null, null),
	(1036, 269, 8, false, null, null, null, 476, null, null, null),
	(1037, 269, 8, false, null, null, null, 313, null, null, null),
	(1038, 269, 8, false, null, null, null, 179, null, null, null),
	(1039, 270, 4, false, 40, null, null, null, null, null, null),
	(1040, 270, 4, false, null, 50, null, null, null, null, null),
	(1041, 271, 8, false, null, null, null, 172, null, null, null),
	(1042, 271, 8, false, null, null, null, 475, null, null, null),
	(1043, 271, 8, false, null, null, null, 154, null, null, null),
	(1044, 271, 8, false, null, null, null, 230, null, null, null),
	(1045, 271, 8, false, null, null, null, 255, null, null, null),
	(1046, 271, 8, false, null, null, null, 153, null, null, null),
	(1047, 271, 8, false, null, null, null, 362, null, null, null),
	(1048, 271, 8, false, null, null, null, 412, null, null, null),
	(1049, 271, 8, false, null, null, null, 476, null, null, null),
	(1050, 272, 8, false, null, null, null, 153, null, null, null),
	(1051, 272, 8, false, null, null, null, 362, null, null, null),
	(1052, 272, 8, false, null, null, null, 412, null, null, null),
	(1053, 272, 8, false, null, null, null, 476, null, null, null),
	(1054, 272, 8, false, null, null, null, 313, null, null, null),
	(1055, 272, 8, false, null, null, null, 179, null, null, null),
	(1056, 273, 8, false, null, null, null, 153, null, null, null),
	(1057, 273, 8, false, null, null, null, 362, null, null, null),
	(1058, 273, 8, false, null, null, null, 412, null, null, null),
	(1059, 273, 8, false, null, null, null, 476, null, null, null),
	(1060, 273, 8, false, null, null, null, 313, null, null, null),
	(1061, 273, 8, false, null, null, null, 179, null, null, null),
	(1062, 274, 8, false, null, null, null, 153, null, null, null),
	(1063, 274, 8, false, null, null, null, 362, null, null, null),
	(1064, 274, 8, false, null, null, null, 412, null, null, null),
	(1065, 274, 8, false, null, null, null, 476, null, null, null),
	(1066, 274, 8, false, null, null, null, 313, null, null, null),
	(1067, 274, 8, false, null, null, null, 179, null, null, null),
	(1068, 275, 8, false, null, null, null, 153, null, null, null),
	(1069, 275, 8, false, null, null, null, 362, null, null, null),
	(1070, 275, 8, false, null, null, null, 412, null, null, null),
	(1071, 275, 8, false, null, null, null, 476, null, null, null),
	(1072, 275, 8, false, null, null, null, 313, null, null, null),
	(1073, 275, 8, false, null, null, null, 166, null, null, null),
	(1074, 276, 8, false, null, null, null, 194, null, null, null),
	(1075, 276, 8, false, null, null, null, 270, null, null, null),
	(1076, 276, 8, false, null, null, null, 195, null, null, null),
	(1077, 276, 8, false, null, null, null, 490, null, null, null),
	(1078, 276, 8, false, null, null, null, 154, null, null, null),
	(1079, 276, 8, false, null, null, null, 230, null, null, null),
	(1080, 276, 8, false, null, null, null, 255, null, null, null),
	(1081, 277, 8, false, null, null, null, 153, null, null, null),
	(1082, 277, 8, false, null, null, null, 362, null, null, null),
	(1083, 277, 8, false, null, null, null, 412, null, null, null),
	(1084, 277, 8, false, null, null, null, 476, null, null, null),
	(1085, 277, 8, false, null, null, null, 313, null, null, null),
	(1086, 278, 8, false, null, null, null, 267, null, null, null),
	(1087, 278, 8, false, null, null, null, 372, null, null, null),
	(1088, 278, 8, false, null, null, null, 381, null, null, null),
	(1089, 278, 8, false, null, null, null, 158, null, null, null),
	(1090, 278, 8, false, null, null, null, 390, null, null, null),
	(1091, 278, 8, false, null, null, null, 233, null, null, null),
	(1092, 279, 8, false, null, null, null, 350, null, null, null),
	(1093, 279, 8, false, null, null, null, 507, null, null, null),
	(1094, 279, 8, false, null, null, null, 157, null, null, null),
	(1095, 279, 8, false, null, null, null, 232, null, null, null),
	(1096, 279, 8, false, null, null, null, 318, null, null, null),
	(1097, 280, 8, false, null, null, null, 416, null, null, null),
	(1098, 280, 8, false, null, null, null, 179, null, null, null),
	(1099, 280, 8, false, null, null, null, 153, null, null, null),
	(1100, 280, 8, false, null, null, null, 362, null, null, null),
	(1101, 280, 8, false, null, null, null, 412, null, null, null),
	(1102, 280, 8, false, null, null, null, 476, null, null, null),
	(1103, 280, 8, false, null, null, null, 154, null, null, null),
	(1104, 280, 8, false, null, null, null, 230, null, null, null),
	(1105, 280, 8, false, null, null, null, 255, null, null, null),
	(1106, 281, 8, false, null, null, null, 183, null, null, null),
	(1107, 281, 8, false, null, null, null, 357, null, null, null),
	(1108, 281, 8, false, null, null, null, 496, null, null, null),
	(1109, 281, 8, false, null, null, null, 425, null, null, null),
	(1110, 282, 8, false, null, null, null, 427, null, null, null),
	(1111, 282, 8, false, null, null, null, 154, null, null, null),
	(1112, 282, 8, false, null, null, null, 230, null, null, null),
	(1113, 282, 8, false, null, null, null, 255, null, null, null),
	(1114, 282, 8, false, null, null, null, 426, null, null, null),
	(1115, 282, 8, false, null, null, null, 373, null, null, null),
	(1116, 282, 8, false, null, null, null, 428, null, null, null),
	(1117, 282, 8, false, null, null, null, 185, null, null, null),
	(1118, 282, 8, false, null, null, null, 369, null, null, null),
	(1119, 282, 8, false, null, null, null, 497, null, null, null),
	(1120, 283, 8, false, null, null, null, 227, null, null, null),
	(1121, 283, 8, false, null, null, null, 229, null, null, null),
	(1122, 283, 8, false, null, null, null, 256, null, null, null),
	(1123, 283, 8, false, null, null, null, 405, null, null, null),
	(1124, 284, 4, false, 40, null, null, null, null, null, null),
	(1125, 284, 4, false, null, 50, null, null, null, null, null),
	(1126, 285, 8, false, null, null, null, 414, null, null, null),
	(1127, 285, 8, false, null, null, null, 198, null, null, null),
	(1128, 285, 8, false, null, null, null, 505, null, null, null),
	(1129, 285, 8, false, null, null, null, 275, null, null, null),
	(1130, 285, 8, false, null, null, null, 430, null, null, null),
	(1131, 285, 8, false, null, null, null, 174, null, null, null),
	(1132, 286, 8, false, null, null, null, 235, null, null, null),
	(1133, 286, 8, false, null, null, null, 264, null, null, null),
	(1134, 287, 8, false, null, null, null, 153, null, null, null),
	(1135, 287, 8, false, null, null, null, 362, null, null, null),
	(1136, 287, 8, false, null, null, null, 476, null, null, null),
	(1137, 287, 7, false, null, null, 21, null, null, null, null),
	(1138, 288, 8, false, null, null, null, 431, null, null, null),
	(1139, 288, 8, false, null, null, null, 235, null, null, null),
	(1140, 288, 8, false, null, null, null, 264, null, null, null),
	(1141, 289, 8, false, null, null, null, 179, null, null, null),
	(1142, 290, 7, false, null, null, 22, null, null, null, null),
	(1143, 291, 8, false, null, null, null, 441, null, null, null),
	(1144, 291, 8, false, null, null, null, 443, null, null, null),
	(1145, 292, 5, false, null, 2, null, null, null, null, null),
	(1146, 293, 8, false, null, null, null, 378, null, null, null),
	(1147, 293, 8, false, null, null, null, 459, null, null, null),
	(1148, 294, 9, false, null, null, null, null, 173, null, null),
	(1149, 295, 8, false, null, null, null, 463, null, null, null),
	(1150, 295, 8, false, null, null, null, 459, null, null, null),
	(1151, 296, 8, false, null, null, null, 453, null, null, null),
	(1152, 296, 8, false, null, null, null, 443, null, null, null),
	(1153, 297, 8, false, null, null, null, 453, null, null, null),
	(1154, 297, 8, false, null, null, null, 458, null, null, null),
	(1155, 298, 8, false, null, null, null, 437, null, null, null),
	(1156, 299, 8, false, null, null, null, 437, null, null, null),
	(1157, 300, 7, false, null, null, 22, null, null, null, null),
	(1158, 301, 8, false, null, null, null, 440, null, null, null),
	(1159, 302, 5, false, null, 2, null, null, null, null, null),
	(1160, 302, 0, false, null, null, null, null, null, null, null),
	(1161, 303, 8, false, null, null, null, 143, null, null, null),
	(1162, 303, 8, false, null, null, null, 477, null, null, null),
	(1163, 303, 8, false, null, null, null, 437, null, null, null),
	(1164, 303, 8, false, null, null, null, 340, null, null, null),
	(1165, 303, 8, false, null, null, null, 470, null, null, null),
	(1166, 303, 8, false, null, null, null, 336, null, null, null),
	(1167, 303, 8, false, null, null, null, 359, null, null, null),
	(1168, 304, 8, false, null, null, null, 483, null, null, null),
	(1169, 304, 7, false, null, null, 19, null, null, null, null),
	(1170, 305, 5, false, null, 2, null, null, null, null, null),
	(1171, 306, 8, false, null, null, null, 482, null, null, null),
	(1172, 306, 8, false, null, null, null, 231, null, null, null),
	(1173, 306, 8, false, null, null, null, 262, null, null, null),
	(1174, 306, 8, false, null, null, null, 315, null, null, null),
	(1175, 306, 8, false, null, null, null, 181, null, null, null),
	(1176, 306, 8, false, null, null, null, 257, null, null, null),
	(1177, 307, 8, false, null, null, null, 482, null, null, null),
	(1178, 307, 8, false, null, null, null, 231, null, null, null),
	(1179, 307, 8, false, null, null, null, 262, null, null, null),
	(1180, 307, 8, false, null, null, null, 315, null, null, null),
	(1181, 307, 8, false, null, null, null, 181, null, null, null),
	(1182, 307, 8, false, null, null, null, 257, null, null, null),
	(1183, 308, 5, false, 3, null, null, null, null, null, null),
	(1184, 309, 8, false, null, null, null, 496, null, null, null),
	(1185, 309, 8, false, null, null, null, 357, null, null, null),
	(1186, 310, 8, false, null, null, null, 496, null, null, null),
	(1187, 310, 8, false, null, null, null, 357, null, null, null),
	(1188, 311, 8, false, null, null, null, 492, null, null, null),
	(1189, 312, 8, false, null, null, null, 492, null, null, null),
	(1190, 312, 8, false, null, null, null, 475, null, null, null),
	(1191, 312, 8, false, null, null, null, 172, null, null, null),
	(1192, 312, 8, false, null, null, null, 154, null, null, null),
	(1193, 312, 8, false, null, null, null, 230, null, null, null),
	(1194, 312, 8, false, null, null, null, 255, null, null, null),
	(1195, 312, 7, false, null, null, 20, null, null, null, null),
	(1196, 313, 8, false, null, null, null, 496, null, null, null),
	(1197, 313, 8, false, null, null, null, 357, null, null, null),
	(1198, 314, 8, false, null, null, null, 496, null, null, null),
	(1199, 314, 8, false, null, null, null, 357, null, null, null),
	(1200, 315, 8, false, null, null, null, 496, null, null, null),
	(1201, 315, 8, false, null, null, null, 357, null, null, null),
	(1202, 315, 8, false, null, null, null, 259, null, null, null),
	(1203, 315, 8, false, null, null, null, 254, null, null, null),
	(1204, 315, 8, false, null, null, null, 360, null, null, null),
	(1205, 316, 8, false, null, null, null, 185, null, null, null),
	(1206, 316, 8, false, null, null, null, 369, null, null, null),
	(1207, 316, 8, false, null, null, null, 497, null, null, null),
	(1208, 317, 5, false, 3, null, null, null, null, null, null),
	(1209, 318, 8, false, null, null, null, 496, null, null, null),
	(1210, 318, 8, false, null, null, null, 357, null, null, null),
	(1211, 318, 8, false, null, null, null, 478, null, null, null),
	(1212, 318, 8, false, null, null, null, 154, null, null, null),
	(1213, 318, 8, false, null, null, null, 230, null, null, null),
	(1214, 318, 8, false, null, null, null, 255, null, null, null),
	(1215, 318, 8, false, null, null, null, 185, null, null, null),
	(1216, 318, 8, false, null, null, null, 369, null, null, null),
	(1217, 318, 8, false, null, null, null, 497, null, null, null),
	(1218, 319, 8, false, null, null, null, 172, null, null, null),
	(1219, 319, 8, false, null, null, null, 475, null, null, null),
	(1220, 319, 8, false, null, null, null, 391, null, null, null),
	(1221, 319, 8, false, null, null, null, 402, null, null, null),
	(1222, 319, 8, false, null, null, null, 154, null, null, null),
	(1223, 319, 8, false, null, null, null, 230, null, null, null),
	(1224, 319, 8, false, null, null, null, 255, null, null, null),
	(1225, 320, 8, false, null, null, null, 174, null, null, null),
	(1226, 320, 8, false, null, null, null, 432, null, null, null),
	(1227, 320, 8, false, null, null, null, 168, null, null, null),
	(1228, 320, 8, false, null, null, null, 474, null, null, null),
	(1229, 320, 8, false, null, null, null, 314, null, null, null),
	(1230, 320, 8, false, null, null, null, 299, null, null, null),
	(1231, 320, 8, false, null, null, null, 501, null, null, null),
	(1232, 320, 8, false, null, null, null, 284, null, null, null),
	(1233, 321, 8, false, null, null, null, 507, null, null, null),
	(1234, 321, 8, false, null, null, null, 157, null, null, null),
	(1235, 321, 8, false, null, null, null, 245, null, null, null),
	(1236, 321, 8, false, null, null, null, 288, null, null, null),
	(1237, 321, 8, false, null, null, null, 355, null, null, null),
	(1238, 321, 8, false, null, null, null, 377, null, null, null),
	(1239, 321, 8, false, null, null, null, 210, null, null, null),
	(1240, 322, 10, false, null, null, null, null, null, 839, null),
	(1241, 323, 8, false, null, null, null, 510, null, null, null),
	(1242, 323, 8, false, null, null, null, 346, null, null, null),
	(1243, 323, 8, false, null, null, null, 511, null, null, null),
	(1244, 324, 5, false, 3, null, null, null, null, null, null),
	(1245, 325, 8, false, null, null, null, 183, null, null, null),
	(1246, 325, 8, false, null, null, null, 496, null, null, null),
	(1247, 325, 8, false, null, null, null, 183, null, null, null),
	(1248, 325, 8, false, null, null, null, 512, null, null, null),
	(1249, 325, 8, false, null, null, null, 510, null, null, null),
	(1250, 325, 8, false, null, null, null, 513, null, null, null),
	(1251, 326, 8, false, null, null, null, 513, null, null, null),
	(1252, 327, 8, false, null, null, null, 183, null, null, null),
	(1253, 327, 8, false, null, null, null, 496, null, null, null),
	(1254, 327, 8, false, null, null, null, 183, null, null, null),
	(1255, 327, 8, false, null, null, null, 512, null, null, null),
	(1256, 328, 8, false, null, null, null, 346, null, null, null),
	(1257, 328, 8, false, null, null, null, 511, null, null, null),
	(1258, 328, 8, false, null, null, null, 513, null, null, null),
	(1259, 328, 8, false, null, null, null, 330, null, null, null),
	(1260, 328, 8, false, null, null, null, 539, null, null, null),
	(1261, 329, 5, false, 3, null, null, null, null, null, null),
	(1262, 330, 8, false, null, null, null, 522, null, null, null),
	(1263, 330, 8, false, null, null, null, 448, null, null, null),
	(1264, 330, 8, false, null, null, null, 306, null, null, null),
	(1265, 330, 8, false, null, null, null, 163, null, null, null),
	(1266, 330, 8, false, null, null, null, 528, null, null, null),
	(1267, 330, 8, false, null, null, null, 367, null, null, null),
	(1268, 330, 8, false, null, null, null, 533, null, null, null),
	(1269, 330, 8, false, null, null, null, 349, null, null, null),
	(1270, 331, 5, false, 3, null, null, null, null, null, null),
	(1271, 332, 8, false, null, null, null, 513, null, null, null),
	(1272, 332, 8, false, null, null, null, 529, null, null, null),
	(1273, 332, 8, false, null, null, null, 367, null, null, null),
	(1274, 332, 8, false, null, null, null, 528, null, null, null),
	(1275, 333, 8, false, null, null, null, 519, null, null, null),
	(1276, 333, 8, false, null, null, null, 520, null, null, null),
	(1277, 333, 8, false, null, null, null, 203, null, null, null),
	(1278, 333, 8, false, null, null, null, 527, null, null, null),
	(1279, 333, 8, false, null, null, null, 152, null, null, null),
	(1280, 333, 8, false, null, null, null, 348, null, null, null),
	(1281, 333, 8, false, null, null, null, 473, null, null, null),
	(1282, 334, 8, false, null, null, null, 521, null, null, null),
	(1283, 334, 8, false, null, null, null, 365, null, null, null),
	(1284, 334, 8, false, null, null, null, 526, null, null, null),
	(1285, 335, 8, false, null, null, null, 521, null, null, null),
	(1286, 335, 8, false, null, null, null, 527, null, null, null),
	(1287, 336, 7, false, null, null, 20, null, null, null, null),
	(1288, 336, 8, false, null, null, null, 515, null, null, null),
	(1289, 337, 8, false, null, null, null, 519, null, null, null),
	(1290, 337, 8, false, null, null, null, 367, null, null, null),
	(1291, 337, 8, false, null, null, null, 528, null, null, null),
	(1292, 337, 8, false, null, null, null, 520, null, null, null),
	(1293, 337, 8, false, null, null, null, 203, null, null, null),
	(1294, 338, 8, false, null, null, null, 532, null, null, null),
	(1295, 338, 8, false, null, null, null, 367, null, null, null),
	(1296, 338, 8, false, null, null, null, 528, null, null, null),
	(1297, 339, 8, false, null, null, null, 530, null, null, null),
	(1298, 339, 8, false, null, null, null, 526, null, null, null),
	(1299, 339, 8, false, null, null, null, 531, null, null, null),
	(1300, 339, 8, false, null, null, null, 332, null, null, null),
	(1301, 340, 4, false, 45, null, null, null, null, null, null),
	(1302, 341, 8, false, null, null, null, 312, null, null, null),
	(1303, 341, 8, false, null, null, null, 535, null, null, null),
	(1304, 341, 8, false, null, null, null, 483, null, null, null),
	(1305, 341, 8, false, null, null, null, 484, null, null, null),
	(1306, 341, 8, false, null, null, null, 366, null, null, null),
	(1307, 341, 8, false, null, null, null, 235, null, null, null),
	(1308, 341, 8, false, null, null, null, 264, null, null, null),
	(1309, 341, 8, false, null, null, null, 376, null, null, null),
	(1310, 342, 7, false, null, null, 17, null, null, null, null),
	(1311, 343, 8, false, null, null, null, 330, null, null, null),
	(1312, 343, 8, false, null, null, null, 539, null, null, null),
	(1313, 344, 8, false, null, null, null, 180, null, null, null),
	(1314, 344, 7, false, null, null, 19, null, null, null, null),
	(1315, 344, 8, false, null, null, null, 312, null, null, null),
	(1316, 344, 8, false, null, null, null, 535, null, null, null),
	(1317, 345, 9, false, null, null, null, null, 159, null, null),
	(1318, 345, 8, false, null, null, null, 542, null, null, null),
	(1319, 346, 9, false, null, null, null, null, 159, null, null),
	(1320, 346, 8, false, null, null, null, 542, null, null, null),
	(1321, 347, 8, false, null, null, null, 572, null, null, null),
	(1322, 348, 8, false, null, null, null, 572, null, null, null),
	(1323, 349, 8, false, null, null, null, 572, null, null, null),
	(1324, 350, 8, false, null, null, null, 572, null, null, null),
	(1325, 351, 8, false, null, null, null, 573, null, null, null),
	(1326, 351, 8, false, null, null, null, 549, null, null, null),
	(1327, 351, 8, false, null, null, null, 571, null, null, null),
	(1328, 352, 8, false, null, null, null, 573, null, null, null),
	(1329, 352, 8, false, null, null, null, 549, null, null, null),
	(1330, 352, 8, false, null, null, null, 571, null, null, null),
	(1331, 353, 8, false, null, null, null, 575, null, null, null),
	(1332, 353, 8, false, null, null, null, 565, null, null, null),
	(1333, 353, 8, false, null, null, null, 548, null, null, null),
	(1334, 354, 8, false, null, null, null, 552, null, null, null),
	(1335, 354, 8, false, null, null, null, 575, null, null, null),
	(1336, 355, 8, false, null, null, null, 571, null, null, null),
	(1337, 355, 8, false, null, null, null, 552, null, null, null),
	(1338, 355, 8, false, null, null, null, 553, null, null, null),
	(1339, 355, 8, false, null, null, null, 573, null, null, null),
	(1340, 356, 8, false, null, null, null, 554, null, null, null),
	(1341, 356, 8, false, null, null, null, 575, null, null, null),
	(1342, 356, 8, false, null, null, null, 571, null, null, null),
	(1343, 356, 8, false, null, null, null, 586, null, null, null),
	(1344, 356, 8, false, null, null, null, 585, null, null, null),
	(1345, 357, 8, false, null, null, null, 554, null, null, null),
	(1346, 357, 8, false, null, null, null, 576, null, null, null),
	(1347, 357, 8, false, null, null, null, 577, null, null, null),
	(1348, 358, 8, false, null, null, null, 554, null, null, null),
	(1349, 358, 8, false, null, null, null, 555, null, null, null),
	(1350, 358, 8, false, null, null, null, 577, null, null, null),
	(1351, 359, 8, false, null, null, null, 563, null, null, null),
	(1352, 360, 8, false, null, null, null, 559, null, null, null),
	(1353, 361, 8, false, null, null, null, 561, null, null, null),
	(1354, 362, 8, false, null, null, null, 564, null, null, null),
	(1355, 363, 8, false, null, null, null, 568, null, null, null),
	(1356, 364, 8, false, null, null, null, 569, null, null, null),
	(1357, 364, 8, false, null, null, null, 568, null, null, null),
	(1358, 364, 7, false, null, null, 28, null, null, null, null),
	(1359, 364, 7, false, null, null, 26, null, null, null, null),
	(1360, 365, 7, false, null, null, 27, null, null, null, null),
	(1361, 366, 0, false, null, null, null, null, null, null, null),
	(1362, 366, 5, false, null, 2, null, null, null, null, null),
	(1363, 367, 8, false, null, null, null, 573, null, null, null),
	(1364, 367, 8, false, null, null, null, 553, null, null, null),
	(1365, 368, 8, false, null, null, null, 575, null, null, null),
	(1366, 368, 8, false, null, null, null, 553, null, null, null),
	(1367, 368, 8, false, null, null, null, 556, null, null, null),
	(1368, 369, 8, false, null, null, null, 576, null, null, null),
	(1369, 369, 8, false, null, null, null, 557, null, null, null),
	(1370, 369, 8, false, null, null, null, 556, null, null, null),
	(1371, 370, 8, false, null, null, null, 574, null, null, null),
	(1372, 371, 8, false, null, null, null, 578, null, null, null),
	(1373, 372, 8, false, null, null, null, 582, null, null, null),
	(1374, 372, 8, false, null, null, null, 571, null, null, null),
	(1375, 372, 8, false, null, null, null, 579, null, null, null),
	(1376, 372, 8, false, null, null, null, 554, null, null, null),
	(1377, 373, 8, false, null, null, null, 577, null, null, null),
	(1378, 373, 10, false, null, null, null, null, null, 927, null),
	(1379, 374, 8, false, null, null, null, 582, null, null, null),
	(1380, 375, 8, false, null, null, null, 583, null, null, null),
	(1381, 376, 8, false, null, null, null, 583, null, null, null),
	(1382, 377, 8, false, null, null, null, 585, null, null, null),
	(1383, 378, 8, false, null, null, null, 584, null, null, null),
	(1384, 379, 8, false, null, null, null, 585, null, null, null),
	(1385, 380, 8, false, null, null, null, 588, null, null, null),
	(1386, 381, 8, false, null, null, null, 587, null, null, null),
	(1387, 382, 10, false, null, null, null, null, null, 927, null),
	(1388, 383, 8, false, null, null, null, 589, null, null, null),
	(1389, 383, 8, false, null, null, null, 590, null, null, null),
	(1390, 384, 8, false, null, null, null, 585, null, null, null),
	(1391, 385, 8, false, null, null, null, 598, null, null, null),
	(1392, 386, 8, false, null, null, null, 598, null, null, null),
	(1393, 387, 8, false, null, null, null, 598, null, null, null),
	(1394, 388, 8, false, null, null, null, 598, null, null, null),
	(1395, 389, 8, false, null, null, null, 599, null, null, null),
	(1396, 389, 8, false, null, null, null, 622, null, null, null),
	(1397, 390, 8, false, null, null, null, 601, null, null, null),
	(1398, 390, 8, false, null, null, null, 602, null, null, null),
	(1399, 390, 8, false, null, null, null, 642, null, null, null),
	(1400, 390, 8, false, null, null, null, 616, null, null, null),
	(1401, 390, 8, false, null, null, null, 615, null, null, null),
	(1402, 391, 8, false, null, null, null, 598, null, null, null),
	(1403, 392, 8, false, null, null, null, 595, null, null, null),
	(1404, 392, 8, false, null, null, null, 597, null, null, null),
	(1405, 392, 8, false, null, null, null, 602, null, null, null),
	(1406, 393, 8, false, null, null, null, 647, null, null, null),
	(1407, 393, 8, false, null, null, null, 618, null, null, null),
	(1408, 393, 8, false, null, null, null, 631, null, null, null),
	(1409, 393, 8, false, null, null, null, 594, null, null, null),
	(1410, 394, 8, false, null, null, null, 600, null, null, null),
	(1411, 394, 8, false, null, null, null, 633, null, null, null),
	(1412, 394, 8, false, null, null, null, 616, null, null, null),
	(1413, 394, 8, false, null, null, null, 637, null, null, null),
	(1414, 394, 8, false, null, null, null, 606, null, null, null),
	(1415, 394, 8, false, null, null, null, 646, null, null, null),
	(1416, 395, 8, false, null, null, null, 614, null, null, null),
	(1417, 395, 8, false, null, null, null, 635, null, null, null),
	(1418, 395, 8, false, null, null, null, 596, null, null, null),
	(1419, 396, 8, false, null, null, null, 594, null, null, null),
	(1420, 397, 8, false, null, null, null, 608, null, null, null),
	(1421, 397, 8, false, null, null, null, 609, null, null, null),
	(1422, 397, 8, false, null, null, null, 617, null, null, null),
	(1423, 397, 8, false, null, null, null, 639, null, null, null),
	(1424, 398, 8, false, null, null, null, 638, null, null, null),
	(1425, 398, 8, false, null, null, null, 650, null, null, null),
	(1426, 399, 8, false, null, null, null, 619, null, null, null),
	(1427, 400, 8, false, null, null, null, 593, null, null, null),
	(1428, 401, 8, false, null, null, null, 615, null, null, null),
	(1429, 401, 8, false, null, null, null, 634, null, null, null),
	(1430, 401, 8, false, null, null, null, 617, null, null, null),
	(1431, 401, 8, false, null, null, null, 632, null, null, null),
	(1432, 401, 8, false, null, null, null, 608, null, null, null),
	(1433, 401, 8, false, null, null, null, 605, null, null, null),
	(1434, 402, 8, false, null, null, null, 615, null, null, null),
	(1435, 402, 8, false, null, null, null, 634, null, null, null),
	(1436, 402, 8, false, null, null, null, 605, null, null, null),
	(1437, 403, 8, false, null, null, null, 621, null, null, null),
	(1438, 403, 8, false, null, null, null, 623, null, null, null),
	(1439, 403, 8, false, null, null, null, 624, null, null, null),
	(1440, 403, 8, false, null, null, null, 599, null, null, null),
	(1441, 403, 8, false, null, null, null, 622, null, null, null),
	(1442, 403, 8, false, null, null, null, 620, null, null, null),
	(1443, 404, 8, false, null, null, null, 621, null, null, null),
	(1444, 404, 8, false, null, null, null, 623, null, null, null),
	(1445, 404, 8, false, null, null, null, 624, null, null, null),
	(1446, 404, 8, false, null, null, null, 599, null, null, null),
	(1447, 404, 8, false, null, null, null, 622, null, null, null),
	(1448, 404, 8, false, null, null, null, 620, null, null, null),
	(1449, 405, 8, false, null, null, null, 625, null, null, null),
	(1450, 406, 8, false, null, null, null, 620, null, null, null),
	(1451, 406, 8, false, null, null, null, 626, null, null, null),
	(1452, 406, 8, false, null, null, null, 625, null, null, null),
	(1453, 407, 8, false, null, null, null, 599, null, null, null),
	(1454, 407, 8, false, null, null, null, 622, null, null, null),
	(1455, 408, 8, false, null, null, null, 599, null, null, null),
	(1456, 408, 8, false, null, null, null, 622, null, null, null),
	(1457, 409, 8, false, null, null, null, 618, null, null, null),
	(1458, 409, 8, false, null, null, null, 607, null, null, null),
	(1459, 409, 8, false, null, null, null, 620, null, null, null),
	(1460, 409, 8, false, null, null, null, 621, null, null, null),
	(1461, 409, 8, false, null, null, null, 624, null, null, null),
	(1462, 409, 8, false, null, null, null, 625, null, null, null),
	(1463, 410, 5, false, null, 2, null, null, null, null, null),
	(1464, 411, 5, false, 3, null, null, null, null, null, null),
	(1465, 412, 8, false, null, null, null, 633, null, null, null),
	(1466, 412, 8, false, null, null, null, 617, null, null, null),
	(1467, 412, 8, false, null, null, null, 605, null, null, null),
	(1468, 412, 8, false, null, null, null, 610, null, null, null),
	(1469, 413, 8, false, null, null, null, 634, null, null, null),
	(1470, 413, 8, false, null, null, null, 631, null, null, null),
	(1471, 413, 8, false, null, null, null, 628, null, null, null),
	(1472, 413, 8, false, null, null, null, 627, null, null, null),
	(1473, 413, 8, false, null, null, null, 608, null, null, null),
	(1474, 414, 8, false, null, null, null, 636, null, null, null),
	(1475, 415, 8, false, null, null, null, 636, null, null, null),
	(1476, 416, 8, false, null, null, null, 638, null, null, null),
	(1477, 417, 8, false, null, null, null, 640, null, null, null),
	(1478, 418, 8, false, null, null, null, 640, null, null, null),
	(1479, 419, 8, false, null, null, null, 640, null, null, null),
	(1480, 420, 8, false, null, null, null, 640, null, null, null),
	(1481, 421, 8, false, null, null, null, 640, null, null, null),
	(1482, 422, 8, false, null, null, null, 609, null, null, null),
	(1483, 422, 8, false, null, null, null, 641, null, null, null),
	(1484, 422, 8, false, null, null, null, 637, null, null, null),
	(1485, 423, 8, false, null, null, null, 640, null, null, null),
	(1486, 424, 8, false, null, null, null, 644, null, null, null),
	(1487, 424, 8, false, null, null, null, 645, null, null, null),
	(1488, 424, 8, false, null, null, null, 646, null, null, null),
	(1489, 425, 8, false, null, null, null, 641, null, null, null),
	(1490, 425, 8, false, null, null, null, 637, null, null, null),
	(1491, 426, 8, false, null, null, null, 618, null, null, null),
	(1492, 426, 8, false, null, null, null, 649, null, null, null),
	(1493, 426, 8, false, null, null, null, 639, null, null, null),
	(1494, 426, 8, false, null, null, null, 610, null, null, null),
	(1495, 427, 8, false, null, null, null, 653, null, null, null),
	(1496, 427, 8, false, null, null, null, 654, null, null, null),
	(1497, 428, 8, false, null, null, null, 658, null, null, null),
	(1498, 428, 8, false, null, null, null, 659, null, null, null),
	(1499, 428, 8, false, null, null, null, 654, null, null, null),
	(1500, 428, 8, false, null, null, null, 667, null, null, null),
	(1501, 428, 8, false, null, null, null, 669, null, null, null),
	(1502, 429, 8, false, null, null, null, 660, null, null, null),
	(1503, 429, 8, false, null, null, null, 669, null, null, null),
	(1504, 430, 8, false, null, null, null, 671, null, null, null),
	(1505, 430, 8, false, null, null, null, 661, null, null, null),
	(1506, 431, 8, false, null, null, null, 662, null, null, null),
	(1507, 432, 8, false, null, null, null, 666, null, null, null),
	(1508, 432, 8, false, null, null, null, 653, null, null, null),
	(1509, 432, 8, false, null, null, null, 667, null, null, null),
	(1510, 432, 8, false, null, null, null, 654, null, null, null),
	(1511, 432, 8, false, null, null, null, 659, null, null, null),
	(1512, 432, 8, false, null, null, null, 660, null, null, null),
	(1513, 433, 8, false, null, null, null, 669, null, null, null),
	(1514, 433, 8, false, null, null, null, 655, null, null, null),
	(1515, 433, 8, false, null, null, null, 662, null, null, null),
	(1516, 434, 8, false, null, null, null, 669, null, null, null),
	(1517, 434, 8, false, null, null, null, 661, null, null, null),
	(1518, 435, 8, false, null, null, null, 699, null, null, null),
	(1519, 435, 8, false, null, null, null, 678, null, null, null),
	(1520, 436, 8, false, null, null, null, 673, null, null, null),
	(1521, 437, 8, false, null, null, null, 673, null, null, null),
	(1522, 438, 8, false, null, null, null, 675, null, null, null),
	(1523, 439, 8, false, null, null, null, 674, null, null, null),
	(1524, 439, 8, false, null, null, null, 676, null, null, null),
	(1525, 440, 8, false, null, null, null, 693, null, null, null),
	(1526, 440, 8, false, null, null, null, 699, null, null, null),
	(1527, 440, 8, false, null, null, null, 672, null, null, null),
	(1528, 440, 8, false, null, null, null, 673, null, null, null),
	(1529, 440, 8, false, null, null, null, 675, null, null, null),
	(1530, 440, 8, false, null, null, null, 683, null, null, null),
	(1531, 440, 8, false, null, null, null, 688, null, null, null),
	(1532, 441, 8, false, null, null, null, 678, null, null, null),
	(1533, 441, 8, false, null, null, null, 672, null, null, null),
	(1534, 441, 8, false, null, null, null, 681, null, null, null),
	(1535, 442, 3, false, null, null, null, null, null, null, null),
	(1536, 443, 8, false, null, null, null, 682, null, null, null),
	(1537, 443, 8, false, null, null, null, 681, null, null, null),
	(1538, 444, 4, false, 2, null, null, null, null, null, null),
	(1539, 445, 8, false, null, null, null, 682, null, null, null),
	(1540, 446, 8, false, null, null, null, 685, null, null, null),
	(1541, 446, 8, false, null, null, null, 687, null, null, null),
	(1542, 447, 8, false, null, null, null, 682, null, null, null),
	(1543, 447, 8, false, null, null, null, 686, null, null, null),
	(1544, 448, 8, false, null, null, null, 681, null, null, null),
	(1545, 449, 8, false, null, null, null, 678, null, null, null),
	(1546, 449, 10, false, null, null, null, null, null, 1138, null),
	(1547, 450, 8, false, null, null, null, 689, null, null, null),
	(1548, 451, 8, false, null, null, null, 690, null, null, null),
	(1549, 452, 5, false, null, 2, null, null, null, null, null),
	(1550, 452, 0, false, null, null, null, null, null, null, null),
	(1551, 453, 8, false, null, null, null, 693, null, null, null),
	(1552, 453, 8, false, null, null, null, 696, null, null, null),
	(1553, 453, 8, false, null, null, null, 697, null, null, null),
	(1554, 453, 8, false, null, null, null, 699, null, null, null),
	(1555, 454, 4, false, 7, null, null, null, null, null, null),
	(1556, 455, 3, false, null, null, null, null, null, null, null);
