INSERT INTO dat."Stocks"
	("Id", "Name", "NamePlural", "Stride")
VALUES
	(0, 'Dwarf', 'Dwarves', 6),
	(1, 'Elf', 'Elves', 8),
	(2, 'Human', 'Humans', 7),
	(3, 'Orc', 'Orcs', 7),
	(4, 'Roden', 'Roden', 8),
	(5, 'Troll', 'Trolls', 7),
	(6, 'Great Wolf', 'Great Wolves', 11);

INSERT INTO dat."AgePools"
	("Id", "StockId", "MinAge", "MentalPool", "PhysicalPool")
VALUES
	(0, 0, 0, 6, 13),
	(1, 0, 21, 7, 13),
	(2, 0, 31, 7, 14),
	(3, 0, 51, 8, 15),
	(4, 0, 77, 8, 16),
	(5, 0, 112, 9, 16),
	(6, 0, 152, 9, 17),
	(7, 0, 200, 10, 18),
	(8, 0, 246, 11, 17),
	(9, 0, 301, 11, 16),
	(10, 0, 346, 12, 15),
	(11, 0, 397, 11, 14),
	(12, 0, 446, 11, 13),
	(13, 0, 526, 10, 12),
	(0, 1, 0, 7, 13),
	(1, 1, 26, 8, 13),
	(2, 1, 61, 9, 14),
	(3, 1, 101, 9, 15),
	(4, 1, 126, 10, 16),
	(5, 1, 161, 10, 17),
	(6, 1, 226, 11, 17),
	(7, 1, 326, 12, 17),
	(8, 1, 426, 13, 18),
	(9, 1, 526, 13, 19),
	(10, 1, 626, 14, 19),
	(11, 1, 726, 14, 20),
	(12, 1, 826, 15, 20),
	(13, 1, 926, 15, 21),
	(14, 1, 1026, 15, 22),
	(15, 1, 1126, 15, 23),
	(16, 1, 1226, 15, 24),
	(17, 1, 1326, 16, 24),
	(0, 2, 0, 5, 10),
	(1, 2, 11, 6, 13),
	(2, 2, 15, 6, 16),
	(3, 2, 17, 7, 16),
	(4, 2, 26, 7, 15),
	(5, 2, 30, 7, 14),
	(6, 2, 36, 7, 13),
	(7, 2, 41, 7, 12),
	(8, 2, 56, 7, 11),
	(9, 2, 66, 7, 10),
	(10, 2, 80, 6, 9),
	(0, 3, 0, 3, 10),
	(1, 3, 11, 4, 11),
	(2, 3, 17, 5, 12),
	(3, 3, 23, 5, 13),
	(4, 3, 31, 6, 14),
	(5, 3, 41, 6, 15),
	(6, 3, 51, 7, 16),
	(7, 3, 61, 7, 17),
	(8, 3, 81, 8, 17),
	(9, 3, 100, 8, 18),
	(10, 3, 126, 9, 18),
	(11, 3, 151, 9, 19),
	(0, 4, 0, 6, 10),
	(1, 4, 6, 7, 13),
	(2, 4, 10, 7, 14),
	(3, 4, 16, 8, 15),
	(4, 4, 25, 8, 14),
	(5, 4, 31, 7, 13),
	(6, 4, 37, 7, 12),
	(7, 4, 41, 7, 11),
	(8, 4, 46, 6, 10),
	(0, 5, 0, 3, 11),
	(1, 5, 6, 4, 14),
	(2, 5, 13, 4, 17),
	(3, 5, 20, 4, 19),
	(4, 5, 28, 4, 20),
	(5, 5, 58, 4, 19),
	(6, 5, 81, 4, 18),
	(7, 5, 125, 5, 17),
	(8, 5, 214, 5, 16),
	(9, 5, 391, 6, 15),
	(0, 6, 0, 6, 12),
	(1, 6, 2, 7, 16),
	(2, 6, 4, 7, 17),
	(3, 6, 6, 7, 16),
	(4, 6, 8, 6, 14),
	(5, 6, 10, 6, 12),
	(6, 6, 12, 5, 10);

INSERT INTO dat."RulesetStocks"
	("StockId", "RulesetId")
VALUES
	(0, 'bwgr'),
	(0, 'bs'),
	(1, 'bwgr'),
	(2, 'bwgr'),
	(2, 'bs'),
	(3, 'bwgr'),
	(4, 'bwc'),
	(5, 'bwc'),
	(6, 'bwc');

INSERT INTO dat."Settings"
	("Id", "Name", "NameShort", "StockId", "IsSubsetting")
VALUES
	(0, 'Artificer', 'Artificer', 0,Dwarf, false),
	(1, 'Clansman', 'Clansman', 0,Dwarf, false),
	(2, 'Guilder', 'Guilder', 0,Dwarf, false),
	(3, 'Host', 'Host', 0,Dwarf, true),
	(4, 'Noble', 'Noble', 0,Dwarf, false),
	(5, 'Outcast', 'Outcast', 0,Dwarf, true),
	(6, 'Templar', 'Templar', 0,Dwarf, true),
	(7, 'Wilderlands', 'Wilderlands', 1,Elf, false),
	(8, 'Citadel', 'Citadel', 1,Elf, false),
	(9, 'Etharch', 'Etharch', 1,Elf, false),
	(10, 'Protector', 'Protector', 1,Elf, true),
	(11, 'Path of Spite', 'Spite', 1,Elf, true),
	(12, 'City Dweller', 'City', 2,Human, false),
	(13, 'College of Magic', 'College', 2,Human, true),
	(14, 'Death Cult', 'Cult', 2,Human, true),
	(15, 'Noble', 'Noble', 2,Human, false),
	(16, 'Noble Court', 'Court', 2,Human, true),
	(17, 'Outcast', 'Outcast', 2,Human, true),
	(18, 'Peasant', 'Peasant', 2,Human, false),
	(19, 'Professional Soldier', 'Soldier', 2,Human, true),
	(20, 'Religious', 'Religious', 2,Human, true),
	(21, 'Seafaring', 'Seafaring', 2,Human, false),
	(22, 'Servitude and Captive', 'Servitude', 2,Human, false),
	(23, 'Villager', 'Villager', 2,Human, false),
	(24, 'Nomad', 'Nomad', 2,Human, false),
	(25, 'Merchant House', 'Merchant', 2,Human, true),
	(26, 'Black Legion', 'Legion', 3,Orc, true),
	(27, 'Chattel', 'Chattel', 3,Orc, false),
	(28, 'Great and Black', 'Great', 3,Orc, false),
	(29, 'Servant of the Dark Blood', 'Servant', 3,Orc, true),
	(30, 'Below', 'Below', 4,Roden, false),
	(31, 'Exile', 'Exile', 4,Roden, true),
	(32, 'Field', 'Field', 4,Roden, false),
	(33, 'Society', 'Society', 4,Roden, true),
	(34, 'Cavedweller', 'Cave', 5,Troll, false),
	(35, 'Pit', 'Pit', 5,Troll, false),
	(36, 'Wild', 'Wild', 5,Troll, false),
	(37, 'Captive', 'Captive', 6,Great Wolf, true),
	(38, 'Ghost of the Deeping Wood', 'Ghost', 6,Great Wolf, true),
	(39, 'Outcast Wolf', 'Outcast', 6,Great Wolf, true),
	(40, 'Slave to the Legion', 'Slave', 6,Great Wolf, false),
	(41, 'Spirit Hunter', 'Hunter', 6,Great Wolf, true),
	(42, 'Wild Pack', 'Pack', 6,Great Wolf, false);

INSERT INTO dat."RulesetSettings"
	("SettingId", "RulesetId")
VALUES
	(0, 'bwgr'),
	(0, 'bs'),
	(1, 'bwgr'),
	(1, 'bs'),
	(2, 'bwgr'),
	(2, 'bs'),
	(3, 'bwgr'),
	(3, 'bs'),
	(4, 'bwgr'),
	(5, 'bwgr'),
	(5, 'bs'),
	(6, 'bs'),
	(7, 'bwgr'),
	(8, 'bwgr'),
	(9, 'bwgr'),
	(10, 'bwgr'),
	(11, 'bwc'),
	(12, 'bwgr'),
	(12, 'bs'),
	(13, 'bwc'),
	(14, 'bwc'),
	(15, 'bwgr'),
	(15, 'bs'),
	(16, 'bwgr'),
	(16, 'bs'),
	(17, 'bwgr'),
	(17, 'bs'),
	(18, 'bwgr'),
	(18, 'bs'),
	(19, 'bwgr'),
	(19, 'bs'),
	(20, 'bwgr'),
	(20, 'bs'),
	(21, 'bwgr'),
	(22, 'bwgr'),
	(22, 'bs'),
	(23, 'bwgr'),
	(23, 'bs'),
	(24, 'bs'),
	(25, 'bs'),
	(26, 'bwgr'),
	(27, 'bwgr'),
	(28, 'bwgr'),
	(29, 'bwgr'),
	(30, 'bwc'),
	(31, 'bwc'),
	(32, 'bwc'),
	(33, 'bwc'),
	(34, 'bwc'),
	(35, 'bwc'),
	(36, 'bwc'),
	(37, 'bwc'),
	(38, 'bwc'),
	(39, 'bwc'),
	(40, 'bwc'),
	(41, 'bwc'),
	(42, 'bwc');
